Time,sun,moon,mercury,venus,mars,jupiter,saturn,uranus,neptune,pluto,true_node,mean_lilith,chiron
2004-01-01,255.098871964932,2.704276452891584,244.01808979068073,288.4234337764063,344.3735583574076,144.0965483230994,74.95910171569695,305.27343710135915,286.89393889810833,235.70371811055924,24.489660514495107,41.192967376419524,263.68021022590057
2004-02-01,286.65760554956813,46.3544303788614,266.18778392545835,326.0740453504401,3.6702797348927367,142.87579870505616,72.6308537815496,306.7942343152965,288.0203672560759,236.70421910329867,21.7863404140802,44.62997847383035,266.57190265866825
2004-03-01,315.9472645033818,66.09976522991528,313.2783942858594,359.8776371614549,22.18178620974695,139.58763226809006,71.53226574796594,308.4445576023001,289.0912711453164,237.29564579013675,18.71724518077865,47.84763754624923,268.94795799177837
2004-04-01,346.80666663226805,110.78920354650643,5.133979485343402,32.69806806858539,42.042117520438055,135.85230559702646,72.03475312311312,310.1152926314901,290.01837871677526,237.43552100578074,16.83234967502759,51.290141554587755,270.706036787946
2004-05-01,16.162352096744836,144.9474615230038,356.327297952972,56.41135829529695,61.16355248652372,134.14344905780945,74.0577658657542,311.33938494794023,290.52141810295115,237.09035981881897,16.464501303672577,54.624773754465515,271.33452499744527
2004-06-01,46.04354147685398,195.41624450146736,27.021243869128455,57.463087426334546,80.78591457590674,135.18202382519635,77.29281291373876,311.9591313035845,290.538579335408,236.38299073921033,16.233671755434816,58.074046654433765,270.78495891624044
2004-07-01,74.69890479965484,233.77901744864948,88.45880150815785,44.8457423459836,99.69108784323701,138.5555527456727,81.03362236358623,311.8320007505674,290.09761564867557,235.60015438707396,14.719308801813751,61.41551961828588,269.33909479380634
2004-08-01,104.28225356668155,287.7159379460349,130.71385705987905,59.829209348146726,119.2356672617932,143.7614437926516,85.01949290906155,311.0300195060167,289.3314885010929,234.96894087424192,11.592527128262983,64.87194491812167,267.5115130077092
2004-09-01,134.09160001922376,338.73552876153366,121.10028472266775,88.92176730297281,138.90776508688575,150.01010057779808,88.61357813749477,309.8434359304367,288.51558581926366,234.74091240733165,8.61490570101626,68.33187322352832,266.11010846270705
2004-10-01,163.34825015552246,12.968325571386517,159.56691338260458,122.04984989214658,158.17845298046439,156.46069451240808,91.21310652602453,308.75314522083414,287.9526476080335,235.0019774445831,7.3946469488475115,71.68330372859207,265.71053127325456
2004-11-01,194.10026992005297,57.79296236273067,209.95068839495633,158.7913836117879,178.43110550688237,162.95107070398717,92.48813421280333,308.1163174778498,287.81769095044,235.73714076826323,7.314255297560915,75.1493345202403,266.48263068112107
2004-12-01,224.32598673165722,89.84544289311586,241.91758748995755,195.63417563489776,198.4278303122909,168.4297249704634,92.06093036505268,308.22355965293013,288.194245968422,236.7594633694877,6.648879135996379,78.50594815031288,268.2390076694822
2005-01-01,255.85812795080957,134.48619519687415,233.59335134436137,234.2920824021043,219.54154918168595,172.47961374642423,90.1223619854486,309.1035915203459,289.0385505892838,237.91591814714718,4.113075351151763,81.97642120941363,270.7397549750385
2005-02-01,287.41221897884066,181.4789178669625,278.0418337066003,273.11818615195966,241.1212622311094,174.05101858184182,87.62905873457258,310.5773767257044,290.15826900030874,238.9224555393912,0.8434497281787714,85.44832983587838,273.47406150419283
2005-03-01,315.6876466637313,191.53872954936125,328.0395098877605,308.15018117827356,260.9896375629798,172.93031095517685,85.99213104073604,312.15808690973984,291.1985934576843,239.51584078625908,358.62576543029286,88.5849652435089,275.73724969689835
2005-04-01,346.5494915395037,242.96444898187778,342.29061394070237,346.7671442060538,283.32492266713564,169.4992819375051,85.6724643672793,313.85821336730623,292.1514220154048,239.69682197190463,357.9980374821209,92.05786799349994,277.5984067103111
2005-05-01,15.908626593734178,282.3741962204701,349.33752228825836,23.885842814754355,305.09766686951343,165.926787794766,86.99407276801514,315.15123586296636,292.6917479474052,239.38964290918977,357.843238789571,95.4183457275046,278.43710112647256
2005-06-01,45.79369397859881,335.1148404502345,42.84469343947897,61.95947547520297,327.3784694303049,164.14458496550031,89.72227297511864,315.8711000319511,292.7512466240388,238.70722095799607,356.9256519345951,98.88980744192632,278.1618131914986
2005-07-01,74.45108317457964,11.782698933071682,99.12207546232351,98.52965235263453,348.0719405519515,165.08025814501107,93.21024633503023,315.8472392925926,292.3440065956046,237.92645190026505,354.62803132481105,102.24772260372156,276.93986341726617
2005-08-01,104.03467915562256,58.7028257519774,112.50910001984275,135.94125837529592,7.364828414918937,168.4928490411897,97.18078370896714,315.12796442160163,291.59452391990527,237.2735680803317,351.5308058613941,105.71541246276198,275.19158930683784
2005-09-01,133.84206355005696,103.45683994798992,118.55750714828119,172.7263229936121,22.293862625524852,173.68902474879582,101.0114353829488,313.9698322042096,290.77099774484395,237.00655914189397,349.30962130779335,109.18043172733863,273.66611804987974
2005-10-01,163.09489006417303,135.7775647083619,172.91570869683972,207.29724375481914,28.546470160892433,179.7508800321564,104.0824500440769,312.8434072637891,290.17985605936457,237.2240540546629,348.8174881186659,112.53075627963705,272.9940889483183
2005-11-01,193.8434889269863,181.16865280284165,217.0391198219947,240.8175716949387,22.435549516419144,186.45872811193854,106.06706956990924,312.11691575066294,290.00365357813956,237.91931039878557,348.764020245247,115.98944597962861,273.4186772528461
2005-12-01,224.0662519084099,216.01690047730187,210.8054706199947,267.43802475172816,13.989022621154447,192.7883115002748,106.41942813800547,312.1168253325899,290.34034714888367,238.91628019921518,347.3444472537004,119.33317530768224,274.85506147377515
2006-01-01,255.59772247534136,267.5700925253866,240.83340260858108,275.45399496524266,16.25197732918542,198.47782606836955,105.09911262761412,312.89720966509736,291.1542433649109,240.0654817102429,343.9559184953665,122.78477522167428,277.09598582788493
2006-02-01,287.153405125932,321.15893769980573,290.7994409949276,261.31245859620424,27.226166216524742,202.50191421121474,102.70690466703631,314.3057133637508,292.261337242363,241.08527793384968,340.82386892290674,126.23275656419747,279.67177321718407
2006-03-01,315.4311826095698,329.3259592373985,331.8252094942616,271.8586203574381,40.79435499695304,204.01337836938256,100.65752096469107,315.8665902095631,293.30766287135185,241.7057885524103,339.610886775658,129.34406667070067,281.89102505824184
2006-04-01,346.29935415768625,21.338726497298143,320.18250158724015,299.9210722897535,57.71946935843487,202.9030082974116,99.56726353554839,317.59009193420854,294.28494508945954,241.92650355116987,339.5159375475941,132.7856399088508,283.81683979775505
2006-05-01,15.664875106335959,56.77184633225867,357.2919791809484,332.4275262737494,75.04899503207808,199.62574496845022,100.12774598233838,318.9470598121641,294.86178770813586,241.65705470886658,338.96553508842203,136.11341353508814,284.81979792609917
2006-06-01,45.55574745256193,102.94679482366688,60.57864074095408,8.054251553715334,93.49567760359787,195.9542310710002,102.23972881031983,319.7638274046986,294.96357822278924,241.00063747229711,336.7853853170986,139.54965787273446,284.778182103471
2006-07-01,74.21587219881128,134.95391998168088,95.97876378333788,43.470051911585436,111.71788316160941,194.18988315264636,105.3556685997519,319.8436494496986,294.59102956546343,240.22399844833842,333.8259127222758,142.8731515509418,283.7688909407497
2006-08-01,103.79844928073285,178.60492181020433,86.68058132097057,80.74848734067737,130.9164862348588,195.11439545398693,109.18340108583998,319.21215385052903,293.860071736306,239.5519061160675,331.5322660014327,146.306012863938,282.13013128514666
2006-09-01,133.6009569028989,224.1207478945708,133.40581432549578,118.67277716783308,150.54863692283138,198.56812627037712,113.11836880633462,318.0913726929858,293.0311229489401,239.24783574595776,330.64017401343415,149.7380401128894,280.5423475140469
2006-10-01,162.84706424636005,259.520683725407,183.49099005050002,155.89094337751672,170.04383503105754,203.66464384002418,116.53152442713608,316.9377749350728,292.4133865719653,239.42257218636306,330.45058422219836,153.0591621765685,279.66308878035716
2006-11-01,193.58801020630358,311.00974680500553,209.498838040008,194.67153655744363,190.78736764644012,210.04461404289054,119.1123305848865,316.12768009118014,292.1965849789129,240.07761331204023,329.7006823122779,156.4914128069764,279.79440702726407
2006-12-01,223.80577872306853,349.81526331366535,204.96262943119712,232.3196837474389,211.50137509452333,216.67484843921383,120.20894306470706,316.0214613621603,292.4929590355835,241.04802065092613,327.385227474701,159.81394322507148,280.94476760519933
2007-01-01,255.33505406360302,42.58272136163582,251.67107594667192,271.2181841444548,233.58990017145112,223.35523641304468,119.62175437479566,316.6994306995419,293.27515902921834,242.18806738069372,324.0065657348942,163.24883741115832,282.9427548024054
2007-02-01,286.8921543729008,92.3490361233134,303.0581186820393,309.9561618709962,256.34280416026184,229.15695993125559,117.59107126148149,318.0374403712112,294.36795250617234,243.2190121160481,321.6618232307102,166.6859125705511,285.36051616463885
2007-03-01,315.1749771789241,101.72003206696358,303.4824145674095,344.5626735304605,277.3818820499272,232.9803599206701,115.36381951973753,319.5729168666682,295.41882867418934,243.86493929527467,321.3065579465356,169.7926435187724,287.52341805870475
2007-04-01,346.04681712622073,147.38587394786836,320.30298628431035,22.05446365364715,301.0409734470471,234.89635223004322,113.63223747780864,321.3137464200839,296.4191624854858,244.12415704738356,321.2760547472406,173.23512892112853,289.48699822098325
2007-05-01,15.41597592004714,179.8814365663869,12.876909428990913,56.95911329417325,324.03914130811984,233.98164940473498,113.42286349766462,322.7295855775576,297.03182326980755,243.89235695474736,320.0054181567763,176.5697417005678,290.61958992292466
2007-06-01,45.30884170508231,224.80577235615965,68.54193980346898,90.42068269178404,347.52974173446586,230.6961176627712,114.83459594915124,323.6401770410343,297.17615977570216,243.2631596313386,316.8820681517096,180.018993666689,290.7778016887487
2007-07-01,73.96975637277976,259.0648298387912,70.56259301574018,117.10046772494216,9.555947057911249,227.09006769309366,117.47102150438451,323.82411674364755,296.83950015200884,242.49262253365438,313.8811961760951,183.36044613165595,289.9659636028728
2007-08-01,103.55020252817873,308.83718332849355,88.1941058140081,127.74873148566644,31.037069238452887,225.13880631276987,121.03674853804374,323.28535950469416,296.12903918220104,241.803465301454,312.3648598992043,186.8168506358783,288.45201243772766
2007-09-01,133.3483660791134,1.7486744580491573,147.79132979043905,112.92019230401793,50.459742508164936,226.02016227004856,124.95174505617847,322.21046421333943,295.29665706236955,241.46385820095057,312.2216393970437,190.27675917420814,286.84497744554966
2007-10-01,162.58973670256677,40.891837457085735,188.37517159244837,119.89387524110727,66.05431510811002,229.37888728708072,128.58151262174002,321.03837043303565,294.6536275958837,241.59646027461793,311.8509704312285,193.62817210657485,285.8095903136915
2007-11-01,193.32655014857772,92.47006795371014,178.59429895546833,146.8993696292999,76.23224167639839,234.75586793634474,131.6336538698768,320.150549683419,294.3965368183456,242.21100193939913,310.01386812050015,197.09418689669621,285.69355000455187
2007-12-01,223.542374752657,127.40490265285096,214.34102049658085,179.84893363483562,75.85460365703287,241.10314635002558,133.3945609619974,319.9395366232774,294.6520414078414,243.15387966194842,306.95587443205255,200.45078759141094,286.5890183489068
2008-01-01,255.0726760590716,172.47829873874693,263.4203612600318,216.65697724120258,65.02439134638865,248.1611692004405,133.5717651986079,320.512594429891,295.40135886196447,244.28324927144536,304.21622125124486,203.9212503208584,288.36186557037587
2008-02-01,286.63334384389293,216.0688455318858,298.09183353970803,254.56691539149017,59.22890138946822,255.05763581728672,132.0954058822325,321.7753476760728,296.47840884200525,245.3235078602826,303.011978562251,207.39315201905245,290.62603643382033
2008-03-01,315.92310810058643,235.81683249384653,288.91874124275785,290.3636206065941,64.09866350032958,260.7409014339972,129.8539764301339,323.3369965811225,297.5689356363875,246.01050511994782,302.78026046708425,210.64181324273773,292.79715882756255
2008-04-01,346.78226739531226,280.63651972702695,332.0273927928904,328.67955227812536,75.86004445082473,265.2691741253905,127.70269752158114,325.086700479257,298.5824726561902,246.29048930956998,301.9647614710528,214.11471266702526,294.76204301791694
2008-05-01,16.1375347024065,315.03038972570374,31.892271047951187,5.676079369314158,90.46976349911762,267.39498440318044,126.82486371859918,326.5439105589212,299.2163256449861,246.08100031103749,299.6538692770088,217.47517072268576,295.97068146538976
2008-06-01,46.01967247166265,6.180101869973149,55.65709148725424,43.800499805566204,107.33522395798889,266.72537285934374,127.54241447532164,327.52410655508135,299.38642910748626,245.4697209777173,296.51171381539035,220.9465957168177,296.26726587597244
2008-07-01,74.67571368784039,45.10192456953515,53.15086107429778,80.66068838585693,124.73274219701572,263.670719407136,129.65098124159525,327.7879325069712,299.0719584674664,244.70535351889555,294.32215946359497,224.30446057333458,295.6074772679292
2008-08-01,104.25950973925727,98.53997025598429,106.68367603541446,118.76763726990282,143.56557425631684,259.85934401637957,132.8743038674726,327.3231348803734,298.3745659187311,244.00831745811374,293.66411562595425,227.77208480073892,294.2075266385128
2008-09-01,134.0676340012221,148.6671527055961,159.01176549900683,156.8375693322094,163.20108586109112,257.7515601239646,136.66535414337145,326.28857714698347,297.54074798585503,243.6486700904762,293.6365246551767,231.2370266319191,292.61489597673875
2008-10-01,163.32128126392539,182.81937922741056,175.28568509949415,193.52382698968066,182.98351745532986,258.4871850249839,140.38766346851037,325.10792654915195,296.8829744631759,243.7557974577806,292.4870431983982,234.5872673285342,291.48553416303923
2008-11-01,194.07120247157803,227.75428614411368,179.2932304898944,231.1351042031624,204.26908637533285,261.9737983246277,143.7613731541502,324.16489770678635,296.60202690937734,244.34434275454663,289.3600355596093,238.04586383419482,291.19399348139456
2008-12-01,224.29610150619345,259.98088246069267,227.25097613640264,266.94979152518994,225.69693310442995,267.3050087068771,146.04240446767048,323.8752609047011,296.8331468163677,245.2676818054908,286.1558032920968,241.38949938573552,291.893779402072
2009-01-01,255.83028362457463,304.90019862274295,274.6053866296318,302.3788404792231,248.65061385877064,274.05382478433165,146.8971225317101,324.3671043047933,297.56262340146066,246.3864679323628,284.5814472892451,244.84100165790747,293.4824576413969
2009-02-01,287.3878120574992,352.8169880308896,266.88092216268444,333.3102135922955,272.2982440432394,281.3351354033288,146.03541066027483,325.56931904150764,298.6297120109437,247.42767374548703,284.39495988065255,248.2888876319845,295.60977128215427
2009-03-01,315.66536505142966,3.1259711986783842,293.3068284368228,349.9383195455234,294.0647256479379,287.80457022741786,144.12891243913046,327.04694464186827,299.6848627441694,248.10778753321426,284.01355265680104,251.40011603467806,297.6400098745486
2009-04-01,346.5295250488305,55.3964219255086,347.4275384901958,339.804439229454,318.32665378711073,294.228302577668,141.74920348405084,328.80353542195604,300.7192754392756,248.42364108444937,282.0703512399965,254.8416063148912,299.61343398880877
2009-05-01,15.889763312866055,94.57821741979538,35.160959681016294,337.43255634105617,341.63979314944095,299.0461719369177,140.25918805578456,330.3105828093823,301.38757518846637,248.2506940780855,279.19023789556263,258.1693094990192,300.9073685242929
2009-06-01,45.77592185294369,146.61916212110597,28.025731031964487,0.05223405049378323,5.20839916759171,301.815739814336,140.228721403571,331.37816026722356,301.59999010606106,247.66745592469687,276.71172980628984,261.6054933975451,301.353337964689
2009-07-01,74.43452266901566,182.83025584034442,59.653810044667985,30.40960707410101,27.216173384089306,301.74721364858124,141.70843186814338,331.745102267963,301.3226495582182,246.9117404992978,275.534540568739,264.9289422665996,300.8581485259875
2009-08-01,104.01870632967032,229.16601787869124,121.82552726573425,65.05133765304049,48.85930201424866,298.94687576569555,144.47580913852076,331.3794944426861,300.6483128977407,246.20112163719403,275.3389346066208,268.3617727888368,299.58703378149454
2009-09-01,133.82521991596153,273.2927576198466,159.5923291606204,101.47509644096456,69.0829323764328,295.01069191533276,148.0356907043356,330.4044775746214,299.81414321735804,245.80907503783055,274.90985963025344,271.793785931929,298.0221727325084
2009-10-01,163.0757446263644,305.4085991403968,146.90969772599652,137.89660398516966,86.83857012253237,292.5314776792293,151.7559657921692,329.22094129922476,299.1334543273878,245.87587783514434,272.9262060361183,275.1149106285285,296.8051918027125
2009-11-01,193.81957289431304,351.3540846158099,191.07098782797652,176.34522897313482,102.32903191521365,292.8726202473743,155.3642218571438,328.21233262208256,298.8132587396293,246.4241848416752,269.51336959908355,278.5471807081398,296.33612799903796
2009-12-01,224.03826423766478,26.61506584347008,238.08087569543756,213.96177873174506,112.51160203827806,296.0266863172581,158.1020573610517,327.82194490963354,299.00287305851293,247.31869904473982,266.9594028239145,281.8697455628638,296.83323729800196
2010-01-01,255.56660496345128,78.35957609050925,264.11131657392804,252.96541130293622,113.93300473027439,301.47424287425395,159.62198164963928,328.2055075182332,299.69747355438943,248.4241978378441,266.1985149684818,285.304690383777,298.23074314048927
2010-02-01,287.1217083510262,131.81027030017677,262.82842416648225,291.9378619765921,104.041471129755,308.29014580689403,159.46484785509776,329.32411526754436,300.74607370741074,249.47140242548102,266.123743311,288.7418299078923,300.21864095377254
2010-03-01,315.4023159186957,139.7504406717912,304.151203746291,326.98552869501077,96.004954534038,314.98101226681433,157.98916028905637,330.76176939676657,301.8018639039579,250.17223943536703,265.0686518531041,291.84862912622475,302.18251519523403
2010-04-01,346.2710653644403,191.79571755568847,2.6285889991228357,5.441904602960217,97.91893464971908,322.3603079115775,155.62030882242925,332.5190543983611,302.8556424333321,250.52259312963085,262.0450913824799,295.29119915411263,304.15487898014766
2010-05-01,15.637139267278773,226.93971020332904,11.884657863436855,42.14495727535137,107.61451482107566,328.8943826491778,153.6782054371009,334.0706348320255,303.55748887064095,250.3857263574386,258.9428249084213,298.6259004498562,305.51859633276155
2010-06-01,45.52745662861304,272.5275600763236,21.519657452071165,79.35940120039818,121.89533785009004,334.3625983280719,152.94364121580796,335.22179096823686,303.8121438263162,249.83119449819696,257.31377737377926,302.0752479202397,306.09531896970356
2010-07-01,74.18763389251242,304.53602111226274,77.23085286363212,114.3582513054846,138.04523376946875,337.69833151563705,153.75568382126983,335.6909276420916,303.57274480467487,249.08565425151434,257.0481772642462,305.4167939023605,305.7508854576568
2010-08-01,103.77049723649733,348.74350515175786,130.34526472764745,148.6625763749431,156.33347145694952,338.3906199842377,155.98881116709913,335.42769821838783,302.9230997962519,248.36337484411243,256.7237903366116,308.873293185325,304.6070177150658
2010-09-01,133.5738700027173,34.93577070255167,138.41457499700837,178.8846330305407,175.91424293439127,336.09261957690103,159.22467012058146,334.5194676838139,302.0904291730812,247.9405453815684,255.11712241357446,312.3332916278043,303.0845314394969
2010-10-01,162.82038196247706,70.80793802290475,150.4636400244027,197.35315027118753,195.97027960453306,332.2371226574277,162.84534881989345,333.341723441348,301.38819494060243,247.9679221835051,252.31762558555653,315.68478420978363,301.80442634596767
2010-11-01,193.56045270249479,122.80452602068885,202.90545221882394,188.824489513306,217.77374092064414,329.13504045620294,166.57965017962016,332.27450000110184,301.02921840525477,248.47609657745673,249.5237735159695,319.1508711291098,301.18438507010325
2010-12-01,223.77615242546594,162.0911528741283,245.09506832654745,185.50926002817894,239.83700886624786,328.85665802324735,169.66639685647647,331.7859969314488,301.17692317851424,249.34120635348262,248.06764104228137,322.507529608645,301.4996155704068
2011-01-01,255.30425107514264,214.34163224274874,234.9393840764841,208.66563345147415,263.47306452273745,331.6527306478006,171.76157252372633,332.05979236176904,301.83560262279025,250.4322858637646,247.86583199784167,325.9780377458458,302.7201860713392
2011-02-01,286.8619481423289,262.9905361110527,270.60244867445726,241.43037504144948,287.7003368501092,336.853368749873,172.29665245920344,333.09058359778135,302.86433946077864,251.48392313409707,247.42522031720532,329.44996885383387,304.5754708652551
2011-03-01,315.145071613599,272.4228733981034,318.3216662727349,273.78867507954584,309.8015218706275,342.8522511290346,171.3552936384429,334.4831196719229,303.9192874034637,252.2038677922522,245.44541740058463,332.58661309724437,306.4727055585772
2011-04-01,346.02019672767085,317.670617397542,359.3771445496713,310.76301043890686,334.16027026720747,350.19610218176706,169.2114160882263,336.2351917824336,304.990992030694,252.5872245663843,241.99016079729415,336.05951260808257,308.43733308664355
2011-05-01,15.391621117702298,350.161108704882,350.2634164809693,346.9967071650235,357.3008464658304,357.3979264564543,167.00942683856448,337.8258613015128,305.72528852579876,252.4856897725649,239.38725200741115,339.41997424955497,309.8586282772989
2011-06-01,45.286240305330864,35.129101704180016,31.4697474870043,24.628629290537454,20.50453601515562,4.351574578288692,165.66384990122992,339.0562200701913,306.0216939975866,251.96015375428547,238.518618767932,342.89140643437787,310.5504186604793
2011-07-01,73.94709538572249,69.372718893719,92.99445737689491,61.205724322718275,42.11723065883162,10.01971240628013,165.80314242625056,339.62578942141045,305.820675663274,251.2261456959475,238.5630779001034,346.2492813902077,310.3440485775024
2011-08-01,103.52795546795352,119.84864279062269,126.09649360511162,99.25118555120991,63.48774722241244,14.058026210571672,167.443458371842,339.4670320578486,305.1970667601519,250.49420454123648,237.66224588332648,349.71691895495394,309.3238705059433
2011-09-01,133.32675918834641,173.52414996384795,115.53085780010687,137.5777799029797,83.79762917702604,15.442914220291488,170.27448012210297,338.6321206847511,304.36778773322106,250.0425454927606,235.00591738533493,353.18187663096995,307.8538962510511
2011-10-01,162.5679944240399,212.26187734949215,164.27275327440123,174.84059516449605,102.28865926943425,13.829476638713684,173.70782610148905,337.4689108384071,303.6456589824849,250.0317470922613,231.91036903060566,356.5321345550615,306.5302598340571
2011-11-01,193.30430193072368,262.9410819314524,212.7506562490552,213.388106396803,119.8143782298705,9.978776974017421,177.46949988777948,336.3508947861736,303.24882337735437,250.50021811823953,229.93294625335662,359.990750249896,305.7818609554869
2011-12-01,223.51816878643464,297.3434775593679,231.3198224418383,250.63928138496388,134.42274886492163,6.5129897776283165,180.80362919465082,335.7678067052691,303.35447282692087,251.33544209299595,229.39267931667584,3.3344051301316386,305.9333680119386
2012-01-01,255.04567633850618,342.20113109168227,234.92148614033144,288.91002188449414,145.2008340849118,5.516336920478787,183.37673300804917,335.9309491350013,303.97621214684585,252.41085213196018,229.05537115155335,6.7859275271145485,306.98959570270085
2012-02-01,286.6037640130422,25.54284720436424,282.11166824602856,326.48830628670794,147.7722870403889,7.727199144477045,184.55557249511665,336.8696568872171,304.9834486675864,253.46517790060778,227.51378131592452,10.233833134705677,308.71831030602476
2012-03-01,315.8930454659075,45.27251177601212,333.04384043110224,0.1512185437556137,139.86140182367234,12.115567241305001,184.16002227225692,338.26545936028424,306.07356794451397,254.22330015612607,224.57141231750654,13.456143850026827,310.61542208040214
2012-04-01,346.7535726557445,90.46292668753753,329.4811407376073,32.61496561922006,129.86597382635946,18.39702472107394,182.37652929152227,340.0091369674466,307.1550195140263,254.6228419214592,221.75833333037068,16.897551424361453,312.5584154530472
2012-05-01,16.111572661210122,125.62934109476213,351.96119290900435,55.3199796891556,130.39097011601305,25.28815383202435,180.1156958211957,341.62582014511855,307.9081660512557,254.5409502294623,220.38617678644658,20.225184471908964,314.00864892928473
2012-06-01,45.99571229986573,177.3997996697629,51.5734236940714,53.92102388957888,139.82199643676603,32.60744115759281,178.32656329451083,342.9139511772752,308.2295528308975,254.0334236261245,220.15447854856603,23.661308300735083,314.7757115437279
2012-07-01,74.65302524147098,216.27116130326414,100.3957339573039,42.782689190426,153.76429064249712,39.34221762722345,177.8709632859648,343.5596227716541,308.0520279662539,253.30850372112903,219.80929610272054,26.98471275948302,314.6686199541436
2012-08-01,104.23659188804652,269.21935352208345,99.03086445099345,59.44652795587445,171.09637310487878,45.349100402254756,178.92917649302936,343.4826228821628,307.44479552539724,252.57360287239482,218.01117675049608,30.417512933136432,313.7455295741113
2012-09-01,134.04413745317007,319.13760620309927,124.87348247667632,89.084166348984,190.47598304367477,49.66522689643251,181.32319591736467,342.708179357732,306.61823181098435,252.10694025599796,214.69681289316296,33.849512429731654,312.3270819195432
2012-10-01,163.29805190790265,353.1486787022936,178.3324778771584,122.42124487794268,210.764008409799,51.438125159403924,184.51165744824442,341.5614881629354,305.8845583702839,252.07425603620925,212.0396213711041,37.170640206797685,310.98505063742624
2012-11-01,194.0475760684599,37.697875120116535,217.192596989553,159.26356299124456,233.0494578188432,50.21491544930527,188.21696582666323,340.40947046457137,305.465196197231,252.51836331782056,211.10072288571683,40.60293018765936,310.15153146347467
2012-12-01,224.27212165608574,70.06833198212661,204.5802221505416,196.15384384692294,255.65061635252792,46.65609902186073,191.69360945042092,339.7564699664593,305.5456459983314,253.33357402977467,211.1295340447585,43.92552989339722,310.1842399035557
2013-01-01,255.8039765241075,115.84128982324391,245.71361205228357,234.83601431917046,279.75388273810785,42.847224050104636,194.61831829637526,339.8347655393086,306.14498733356066,254.3959504281239,210.0845690362967,47.36052574091112,311.1141459666963
2013-02-01,287.3579957936705,164.74331904764915,296.9932009965602,273.67501399090065,304.2199806439372,41.40398251334107,196.32594359649406,340.70066253522555,307.13875423812595,255.4473138307894,207.2164878515054,50.797729973937514,312.7393416371503
2013-03-01,315.63354720429976,174.97156004899128,322.5181716377366,308.7134034979528,326.2754863047816,42.82938122596547,196.5069667983913,342.00102847360154,308.1890619571826,256.1911096959682,204.23362977612624,53.904597722409626,314.50982700959685
2013-04-01,346.49540925902556,227.47963502184993,318.7100953926746,347.3320492347656,350.2983062696319,46.91975595768298,195.2280161420513,343.72844678989424,309.2858357938145,256.6212861014012,202.36879506998287,57.34725259918651,316.4384552967622
2013-05-01,15.855495619459296,266.58072278503465,3.8014393203255943,24.447337828375105,12.905612622723892,52.55824719576019,193.0825356139219,345.3742829925781,310.06967942343005,256.57362856354854,201.9483376006935,60.68204255664368,317.9312498200491
2013-06-01,45.742465751886904,318.35300434107194,66.19519045803273,62.5106248747877,35.46644432793479,59.33088478027551,190.96685774914036,346.7336543253678,310.4322954698951,256.09572189565773,201.71957986554355,64.13148560395756,318.7922860612028
2013-07-01,74.40210635884246,353.7943712961498,87.44416259299155,99.05902506494203,56.49392082328001,66.19422007254988,189.92872844348844,347.47627056954116,310.29412370900735,255.38450364643853,200.5336405446438,67.47312509648098,318.80409320711954
2013-08-01,103.98702339685074,39.1908353348423,84.53533996983286,136.42658356726685,77.41901254644695,73.04862205536152,190.3446465559637,347.506858692938,309.7153680673951,254.64312988175604,197.9967211225841,70.92971907188378,317.9961098331768
2013-09-01,133.7939215261856,83.0836138938251,140.51664059435123,173.13162438598573,97.56694851140277,79.0644859534231,192.21383336770472,346.81655908798285,308.895325874244,254.15075983362252,194.9662217589292,74.3898072543341,316.6400519540609
2013-10-01,163.04455983248687,115.31607049539697,186.99608613813808,207.5593456165901,116.31688907572232,83.40061607785677,195.07196507966748,345.69961533647415,308.14442410272676,254.0821009865831,193.19238610613633,77.7413792581562,315.27961758193953
2013-11-01,193.78991994009124,161.47113775503485,195.7359856260271,240.7559648645106,134.79433033383796,85.51071209668275,198.64199521080016,344.5112133273304,307.6886313275504,254.4874669288444,192.83085653877274,81.20753800758504,314.3498684464918
2013-12-01,224.01018028677092,196.7030173864808,208.8303600292186,266.5022673243449,151.4761249596556,84.6440746036725,202.19566260562172,343.77098967382335,307.72688389878687,255.27246689194928,192.57560339168032,84.56425393006967,314.24691956441364
2014-01-01,255.540762673809,248.8578825566528,257.1440866858013,271.95951751656537,166.70530931562791,81.17857340749268,205.41903318665095,343.738022157953,308.2878226593266,256.3177913804178,190.6019693404905,88.03480707900147,315.0337509975838
2014-02-01,287.0972107440858,302.708533781166,305.4428267190752,258.61666934245557,178.21516797072303,77.2874573967669,207.63023429123223,344.50525586759284,309.25790482941255,257.3696501624465,187.00799476290092,91.50676716604622,316.544953013743
2014-03-01,315.37607311089624,310.74836602869476,293.2301416593832,271.1510632380638,182.58899893107196,75.55013486589489,208.37603006130928,345.746554426446,310.3035110584436,258.1286814069647,184.4910603842306,94.6434230042905,318.25296962060844
2014-04-01,346.2452611374224,2.017257969790983,324.2217439170437,299.95738560942107,176.9213302919227,76.53490865911336,207.67298299844128,347.4520564074851,311.4142288435007,258.5881413360398,183.43322692495562,98.11631881302092,320.1649195773781
2014-05-01,15.61149342494747,36.70567906899935,21.311978142723294,332.7279219341414,166.4682963687415,80.02521269105922,205.80445848579544,349.12132553868196,312.2276556588889,258.57394426436446,183.44124545753638,101.47676042516461,321.6944705293025
2014-06-01,45.50344923950772,82.19988187506732,66.60752924564885,8.479916734992385,164.957715635827,85.42694786974444,203.53818365431857,350.54698292845626,312.63087517203854,258.12578961956825,182.59169167801906,104.94815555215764,322.6409699835719
2014-07-01,74.16510320387641,114.50652477669225,59.44768222773265,43.96160554156298,173.4112817937522,91.65916314207112,202.01358595198312,351.38373199838855,312.53237166727814,257.4294890633157,180.18914614731517,108.3059799102868,322.76383538383186
2014-08-01,103.74946475987649,158.9868400158697,95.15987855221948,81.28249654260813,188.20305499853063,98.51156870632074,201.7989927237592,351.5225475153587,311.98346277899657,256.683654411463,177.02397128853278,111.77355158581749,322.06729842680437
2014-09-01,133.55292619654418,205.67867344701293,153.16449118514728,119.23273793171407,206.62596409390355,105.21387260285434,203.1008598118036,350.9217594946436,311.1720988811238,256.1676827120507,174.99177592188246,115.23843162410586,320.7777677134129
2014-10-01,162.7983137447501,242.3866143612633,186.61875916248914,156.46172756967113,226.73498389762975,110.97840954754523,205.56530627270152,349.8432488682424,310.40603467062454,256.0645263581661,174.3523232613851,118.58860555150908,319.40959588787877
2014-11-01,193.53704360727042,295.18161763321865,175.005173071576,195.2413891289549,249.17051584508167,115.46513141568961,208.9253372473706,348.6276550717387,309.9152246606272,256.43182529134225,174.1839382978664,122.0471279691898,318.39733256616046
2014-12-01,223.75194903113712,334.3342620401465,219.62189464685173,232.88233269856428,271.95992349959545,117.57702535094137,212.47809311662027,347.80566864316955,309.9115367449282,257.1863880588733,173.155457597048,125.39068905579511,318.1703692350525
2015-01-01,255.2792676311634,25.66598511901134,268.7049173873179,271.77082128679916,296.0997536201265,116.80764641901595,215.91509513238876,347.6621654868353,310.4333159578601,258.21365768746165,170.48889564298636,128.84211385897214,318.8225199663769
2015-02-01,286.8362705997523,73.78043943213808,283.60969906958985,310.49280891745735,320.3331246170102,113.44386032869278,218.55085177549861,348.3273373555731,311.37823274129687,259.264564442639,167.08327455260874,132.28992421742186,320.2241484830677
2015-03-01,315.1201170114167,83.1451568751327,288.7531165072568,345.0711582417769,341.94177653850244,109.8996131562727,219.8200135904528,349.50466808038254,312.41766302360656,260.03749032895604,165.44673567222245,135.40108786186178,321.87080402093113
2015-04-01,345.99366904750724,127.89821680224078,336.7907301246093,22.50218948098253,5.279326387345927,107.7300482960208,219.72399794306747,351.1817241430873,313.5406760936691,260.52493849122726,165.05297449881317,138.84251239768867,323.7640434280401
2015-05-01,15.363899226681783,159.97874334487636,34.92612995029145,57.28845016682049,27.13868164975504,108.3973335688722,218.25967331569885,352.86868069476094,314.3825480449756,260.54363870524264,164.8639835859431,142.17015974632383,325.3257437274955
2015-06-01,45.25730594346025,205.05949284330842,43.289155197347036,90.47710718378485,48.951890280860766,111.66873733878332,216.01933255948202,354.3555830883498,314.82600437137245,260.12567015620454,163.25859680358718,145.60629570674303,326.35120157007776
2015-07-01,73.91869045848588,239.79525656086523,52.8361183140618,116.44703885920345,69.36958715147894,116.60691554291736,214.13151517474623,355.2837637136284,314.7678138773952,259.4455801451644,160.26138432466112,148.92970897974104,326.5791798712745
2015-08-01,103.50008592833039,291.1084161645274,112.40586080886322,124.95045601465145,89.85495881747914,122.80816996718066,213.32510213214562,355.5316559474556,314.2504543523248,258.6971412463362,157.31580973061602,152.36251494816491,325.99149749139013
2015-09-01,133.29949105511218,344.70647282402336,160.12900509857593,110.00299263618294,109.82416154729133,129.49661056002594,214.0319488416308,355.02578032915983,313.4499916379429,258.1592861683446,156.12608969330176,155.79451667980356,324.771934534665
2015-10-01,162.54159413687404,22.97718020824041,161.72082901747095,119.15250570202193,128.72846142408235,135.879914419166,216.04629382862672,353.9942703629616,312.6706712245377,258.0227700213962,156.03919693076577,159.11564314948015,323.4046414142159
2015-11-01,193.27761370060617,73.42522387725015,182.89113336087973,146.94364573299225,147.83398805001377,141.76284625577978,219.12693971183066,352.7605953001737,312.1459332978107,258.3524354836328,155.37846841370785,162.54792821776522,322.3209063987368
2015-12-01,223.49130610340745,107.42936627458617,230.94525773895032,180.16629759592928,165.81174931295106,146.0526726995384,222.6068060665652,351.86245532015806,312.10038852175194,259.07637435686075,153.1431215289264,165.87051984857624,321.979474770772
2016-01-01,255.01873237097735,151.73713778377027,274.3193098480278,217.0942975771664,183.59284425083845,148.19111200091376,226.17916416283154,351.6093310560859,312.5822178699333,260.0848197518069,149.91512468294087,169.3055041550643,322.50392453093343
2016-02-01,286.5774575729832,195.0029662924908,262.074361508086,255.06107703560681,199.99917364685132,147.3754598060378,229.16237586839975,352.1693957588584,313.50067730362946,261.13364777109035,147.6283315212057,172.74269393370386,323.79996722103533
2016-03-01,315.8672979921745,215.06847665765432,297.88499448697905,290.8879433193962,213.08318358055237,144.30589867886818,230.94382488332883,353.32577143099684,314.57046122529124,261.94233675348687,146.88054715440163,175.96054986109561,325.4467329535504
2016-04-01,346.72767517583884,261.0350530904939,355.238535804471,329.224693299954,222.38063994788592,140.46171147107356,231.40306423826004,354.97734511596906,315.700114558595,262.4424170218785,146.6404525543294,179.4032897937831,327.31810788142593
2016-05-01,16.084473470394585,296.7237402481425,28.406770831630542,6.234174785026697,222.7961979393087,138.39971435894282,230.38895425570973,356.67432237810414,316.55855731666094,262.4783467853104,145.5357036071167,182.738168540489,328.8957319968107
2016-06-01,45.96738338835541,348.68818505539207,22.65937564062338,44.36527524863605,213.51373366804327,139.03723508328014,228.31712772509528,358.2054769089944,317.02617747600624,262.0780323399125,143.05771807713563,186.1877072171556,329.972896305927
2016-07-01,74.6235113090962,27.904624029495626,67.20058031577373,81.22509915038967,208.0953807958968,142.10402528518438,226.22244378911967,359.2025748964969,316.99266579812996,261.409142637099,140.12066197737073,189.52944019224591,330.2748485387075
2016-08-01,104.20721672479888,80.63461522445012,126.92068731703242,119.32260637491639,214.38476681997776,147.09994323916894,224.93221813929236,359.534960537211,316.49499290979355,260.6618368415553,138.1208711609207,192.98612875062042,329.76790791047415
2016-09-01,134.0159100867784,129.6090583721497,154.00079941453325,157.3715965419216,228.96724613064353,153.23717463189175,225.08498960612042,359.10507312453575,315.701798777859,260.11375795117635,137.73793307180796,196.44630648483604,328.6048872698556
2016-10-01,163.27072174449793,163.1830044412522,145.72768970985916,194.02440988232738,247.4379467623515,159.66393174072567,226.64399252356185,358.1146169650213,314.9151218220027,259.9593659360465,137.68816353729449,199.79795765858879,327.245860515399
2016-11-01,194.02166580094865,207.75544789716292,196.75132921906868,231.58071066250338,269.0224230524724,166.21644774305113,229.41119041161548,356.8725984272045,314.37050053270525,260.2673166511631,136.0406202870794,203.26418791362082,326.11704354168137
2016-12-01,224.24645562723552,240.56623539598226,242.39975097365365,267.30002767756787,291.17478380436654,171.84896457751552,232.76390559605153,355.91994641419586,314.3001677714898,260.9720017204994,132.74861132725954,206.62096091238533,325.69578314047254
2017-01-01,255.77928906765374,286.86761298967065,248.30042135140584,302.51536151142983,314.54830626114773,176.1696561910147,236.39423248987794,355.58418156294044,314.7581438044594,261.96644467177714,129.56688088735467,210.09155865140212,326.12694535568426
2017-02-01,287.3349779171913,336.288845096141,265.8640419687087,332.87156375325713,337.83207773854417,178.11910844835197,239.62845950764506,356.06253832277,315.6604335424668,263.00980629407695,128.45493977840934,213.56354727115726,327.3424045007594
2017-03-01,315.6112311610476,346.2406764354467,310.4423166988199,347.9397481427961,358.4744606311903,177.35946060680007,241.74895459125713,357.11586233535155,316.6872073765137,263.79852367497904,128.40077368967184,216.70021428689057,328.8795556269321
2017-04-01,346.47571461679433,39.49368055036779,5.299367249449465,336.0510307536234,20.72529119118936,174.1562737817014,242.7935283136939,358.72846995968774,317.82664703890435,264.32440333018036,127.73586615873627,220.17310592908117,330.73166412131894
2017-05-01,15.83727875315349,78.44936396539957,359.57281397633824,336.17832871447644,41.610023402728544,170.48000439509497,242.3239492349455,0.4329184747948091,318.71174535405544,264.3917733164871,125.57775109249164,223.53352707369083,332.3366808910936
2017-06-01,45.724888583502796,129.29782796403524,24.8216012472524,359.9205966374766,62.56967195150793,168.34609900918215,240.57083137395242,2.016310883920305,319.2187249941011,264.02138408126405,122.60659346300137,227.00488471559925,333.48455404057347
2017-07-01,74.38389694809338,163.9727543939424,85.3638029270703,30.647079145672652,82.35396472025734,168.90696173965304,238.39744311257172,3.0992291740732973,319.2260607894587,263.3699530980064,120.3211912568549,230.36265809964897,333.88300164365324
2017-08-01,103.96768744317914,209.04234034217606,131.0444580919865,65.45416483418424,102.41432973002114,172.0150639465918,236.67144244319843,3.5404855746964166,318.762043735546,262.62253163681316,119.34874967815009,233.83016354718234,333.4798128378175
2017-09-01,133.7736753102079,252.80896213406854,124.80284868524303,101.96298279885968,122.21927344823533,177.0145526758713,236.23234990715997,3.2132239623231347,317.9830630348763,262.0554979464414,119.186634737225,237.29496567028193,332.39002344120445
2017-10-01,163.02445509766883,284.8644885513997,156.7793462806133,138.43022042417377,141.24901677263878,182.98022558198514,237.25784589477365,2.2842879484438465,317.1864623971186,261.8700991925185,118.42741591970453,240.64505539826098,331.0435032537274
2017-11-01,193.76977772017685,331.2232564324698,207.91977155904337,176.90305797798914,160.84219739772746,189.67683571361917,239.62394871663045,1.041408640097874,316.6103177160116,262.1417914115542,116.01189025027281,244.10348440311208,329.8596207221548
2017-12-01,223.99016639704357,7.0297929710485185,243.89057991286268,214.529310999587,179.7494293995617,196.0812240052563,242.77482908133695,0.024590235173787712,316.498752953911,262.81592825464116,112.69011849009686,247.44695163957053,329.33867350869946
2018-01-01,255.5194135882236,59.81114298463259,232.9646021133407,253.53573114994376,199.17867226590428,201.9466790178409,246.40167660481382,359.58284311697116,316.9157844782916,263.7904715363835,110.36773902972548,250.8982788684881,329.65345282724627
2018-02-01,287.07396039799556,113.18947671768261,275.6971375822233,292.5064968213663,218.3612802262243,206.26124742995387,249.8431605113731,359.9516519650262,317.78945612863566,264.82982075864794,109.94016273469009,254.3459940696731,330.7701808040405
2018-03-01,315.35334969704576,121.39833510295352,325.2649267105379,327.54791841366597,235.26147848747874,208.12690683182706,252.32394059880846,0.9281528911440755,318.8063100739682,265.6291045521474,109.86751953877004,257.45707631716516,332.2499673729819
2018-04-01,346.2210057446424,172.2023084197952,347.5643955785087,5.989329950432379,253.05297982121257,207.42821076310327,253.91745002974355,2.495450226989862,319.9540689973757,266.17954732277195,108.35361666226694,260.8984183524163,334.0818311087573
2018-05-01,15.586958935923784,206.9528507406679,348.7444438295716,42.6646508782753,268.4462327548005,204.37895514003287,254.0210979417955,4.2012549844722376,320.86463235229996,266.2776594834141,105.2979916601179,264.2259958052233,335.71201992910295
2018-06-01,45.47781930863847,252.26470821420997,39.258773715284235,79.82529805492261,280.36673966026007,200.60222878758435,252.70344390841333,5.83144741930083,321.4104785242054,265.9372955973915,102.24281294748255,267.6620719800715,336.9274603687709
2018-07-01,74.13839887041127,284.5279249239004,97.65090220592216,114.72404863248548,284.1165449837993,198.49197739262522,250.60724988438056,6.9967035850221455,321.4590792473994,265.3041802420126,100.97180128321381,270.9854411429178,337.41952445483616
2018-08-01,103.7206511047703,329.4201155233982,117.05823397589351,148.8134333484542,277.8484472167358,199.02208332297764,248.56540081187129,7.546420496985273,321.03016585182564,264.5580662399454,100.88211242773491,274.4182170890656,337.1191181744489
2018-09-01,133.5224339446422,17.216498308021105,116.57669916134934,178.50036281423667,273.7445007766894,202.168761838555,247.56923815742982,7.3257712332381555,320.2674685218254,263.9735280552137,100.39704879808204,277.8502055061144,336.1051255625165
2018-10-01,162.76748288838942,54.633792254563446,170.43159551003322,195.40928799751407,280.94831338393305,207.07633226397124,248.03243772717457,6.466287407524369,319.4629035739156,263.75817570455,98.5596193593727,281.1713353723354,334.77687497982663
2018-11-01,193.50721271952617,107.5042165624146,215.99223147521036,184.9011971250904,296.1678037742264,213.3636853925546,249.9379223552996,5.232359289220872,318.8564718536286,263.99407408266904,95.62973545190466,284.6036406525639,333.54502780486695
2018-12-01,223.72448189274408,146.47989617717167,215.48330349699694,184.1098914356108,314.47371642432967,219.99435646030895,252.82107999723937,4.158624887139345,318.703892663848,264.63757561465394,93.05143409248511,287.9262674097198,332.9301752494897
2019-01-01,255.25506269963824,197.36864568003935,238.8528858278947,208.49315098583358,334.93320148346334,226.7678201024592,256.3752024407079,3.613450790921502,319.07931527442156,265.59169085011484,91.87400252891292,291.36130299170475,333.13242409641015
2019-02-01,286.8147105470772,244.60101380410188,288.1545856123215,241.6591537530876,355.8913477032311,232.76647133610834,259.9544368634109,3.8707032751899226,319.9232214233528,266.6261391315452,91.78069585171443,294.7985576804828,334.15252293335163
2019-03-01,315.0985660883343,253.65270955480884,332.8917966524695,274.16995887284213,14.801573190324902,236.8682340174695,262.73604237492447,4.766026530260049,320.9288332187222,267.4348680211263,91.01805248711936,297.9054788947583,335.57548558666866
2019-04-01,345.97298016308486,297.71519327445054,321.62552090910486,311.2289151554217,35.48623387056643,239.19805727286024,264.83174068291646,6.282087365745654,322.08349059694314,268.0086866425559,88.67537973122076,301.3481999780556,337.3866666610924
2019-05-01,15.343456382686547,329.7453403782721,354.8977188218773,347.50754612509905,55.178164765838744,238.71051474348806,265.5125168793436,7.9832781824629935,323.0183261081437,268.1366472309647,85.49540234109631,304.6830591055463,339.04041115292756
2019-06-01,45.23749386164318,15.307568586048058,57.55333213381323,25.16803317919499,75.21146895577628,235.68915181254854,264.7168203977157,9.65472811811093,323.60230742273484,267.82601278962665,83.1830239578304,308.132576685437,340.32091050693685
2019-07-01,73.8982196450031,50.195872103415326,97.59770601863428,61.76384579680695,94.37348816682787,231.99205506579847,262.84622530689387,10.8983649829724,323.6922473712866,267.21175956833326,82.62296475640288,311.4742890486606,340.9041969656596
2019-08-01,103.47865546062218,101.61630562407089,88.93943390410415,99.820729570526,114.05830785619423,229.6685847800361,260.6307254926417,11.555225443851707,323.29945584443726,266.46817982854753,82.577896667259,314.9309567427193,340.7056521871195
2019-09-01,133.27621894197625,155.53624423352397,130.27534972472046,138.14809779615828,133.75446604617414,230.12984040697418,259.1413295140918,11.444100398490836,322.5548684477098,265.8676646275143,81.32518414774576,318.3911146906812,339.7696647748126
2019-10-01,162.51557304251827,193.76586239992074,181.60931730987616,175.4010193799925,152.9418587878398,233.1706172060453,259.02965528167806,10.661347295778938,321.7443383229595,265.6236256992924,78.48415211121888,321.7427483192321,338.4649094977983
2019-11-01,193.25041962147057,243.5380498720843,212.61726164077035,213.93095675597596,172.99798440238638,238.3403951626844,260.4200344987574,9.44633395836957,321.1091800578303,265.8245094561073,75.30398346302843,325.20896264633745,337.1917109499273
2019-12-01,223.46443469755297,276.95529409651124,203.75295694359977,251.15978214338887,192.69228774329844,244.5944920799924,262.96918439570476,8.323839958103848,320.9161079861591,266.4374090799088,73.66040024981378,328.56572282069897,336.4882284642648
2020-01-01,254.99442873170725,321.12293914168356,249.36824657578924,289.3944344802768,213.3695236316748,251.65525445559754,266.37986250366754,7.678979256484842,321.2494416161163,267.3704650670551,73.37007426259211,332.03631038070745,336.58126284287187
2020-02-01,286.5562761923003,4.752544286872442,300.9667009350902,326.9003091017779,234.37778186482612,258.65274218596375,270.0271628448349,7.823244399723146,322.0622738210316,268.39884425436543,72.79581499215175,335.5082922497485,337.5060325418156
2020-03-01,315.8483585518609,25.179193997957448,307.7814592873125,0.41620003438079395,254.30062156708232,264.5276554809326,273.1472160113138,8.672223319275899,323.092834717828,269.24095391845464,70.79977599131195,338.7569856679641,338.9271810907318
2020-04-01,346.71041894267154,71.53606060157134,320.2654202358004,32.49621809906168,275.80078312906556,269.37853364752124,275.656288816722,10.145249496861897,324.25074516478173,269.82395533309494,67.71322269830301,342.2298726322719,340.72048354196926
2020-05-01,16.068095168467114,107.84132535478874,11.526046671208633,54.0996254921065,296.6144141994295,271.9310314542259,276.85403897007967,11.839220701988053,325.19952149981594,269.9663322790534,65.25367221419839,345.5902728288326,342.38879925469354
2020-06-01,45.9511835679944,160.6120500643596,69.09878207759529,50.283972829011525,317.6777569296956,271.74434976587247,276.58943947148106,13.539265649110389,325.80623454690584,269.6719397251651,64.19844416626948,349.0615925180986,343.7147526054617
2020-07-01,74.60745514082707,199.9678803905232,74.79390362884737,40.91936012926848,336.7398392145735,268.99615567672794,275.0439399768331,14.84150519661097,325.9214274718609,269.06958716507495,64.08595765081914,352.4193145165784,344.36395926134514
2020-08-01,104.1902086402825,251.72079285463218,87.55750020050597,59.12816630924285,353.1916617912745,265.11757547940346,272.80733395783955,15.580955563488066,325.5511862886709,268.3298643349969,63.602797239918935,355.88675336521385,344.24080918786154
2020-09-01,133.99656981032666,300.00145719542866,146.9551360733825,89.26902689418918,2.5446392319824427,262.61340570042825,270.94712223681665,15.556748263505147,324.81846369241305,267.72288027381387,61.40519772960631,359.35147726767707,343.3646872342601
2020-10-01,163.24859441297843,333.57949508170486,188.92331081488223,122.8034691067867,0.021781596859159376,262.8985975578501,270.31447861525777,14.837860645463092,324.00513979715635,267.46438218810863,58.094788026618915,2.7014825711552266,342.0809861089384
2020-11-01,193.99570914357005,18.146558176505714,181.59286300670354,159.74230835260855,351.3399111858855,266.01607725981626,271.1914601310245,13.643702175442442,323.35333458680697,267.64596059110954,55.45238838341237,6.159818009198362,340.78154699507394
2020-12-01,224.21856165310498,50.925592370797816,213.68279497569236,196.67756503393883,352.025881708822,271.11932590060894,273.37770378169716,12.48893788799944,323.13627234595634,268.2404744102616,54.863955747506324,9.50319132581055,340.01591121989225
2021-01-01,255.7506048473118,97.7062586290672,262.68588883033823,235.38207125762014,2.328516568317121,277.7538015203431,276.59557622682956,11.770115313535946,323.44429581770856,269.15883348591257,54.85469244357072,12.954420991470963,340.0301332043581
2021-02-01,287.3072210985987,148.25069957449233,301.2919150987716,274.23376719028624,17.51844148959235,285.0280479603334,280.245014908084,11.827007874991246,324.237988938664,270.1797193736442,53.38642461592028,16.40204113198662,340.8847849007095
2021-03-01,315.58652256424597,157.83214837339847,289.0728965231245,309.28009600987883,33.14964356858321,291.57887743825694,283.43566285866257,12.568687452490012,325.2225462905955,270.9972777586071,50.707037999213135,19.51304213745304,342.20839263164834
2021-04-01,346.45174703392684,211.30902352279688,329.45639499565675,347.9024089636088,51.41148215936099,298.1963047134448,286.3409460239915,13.979205988444308,326.38459794481315,271.6015185233886,47.53220990645488,22.95430191266419,343.9807105380395
2021-05-01,15.813406259318944,249.61258402801013,29.10098796466088,25.01436840365353,69.52399822587161,303.3207596614113,288.0760626467402,15.657260264470073,327.3555474218381,271.7722047801348,45.999953001872164,26.281809763775072,345.6714329295435
2021-06-01,45.69993771386513,299.9584107319595,59.52359523074797,63.06504003190491,88.46798043019352,306.5380239057431,288.4229773438706,17.388249158513972,327.99924431691056,271.50698072438104,45.71642396043053,29.717826510370386,347.0605970571774
2021-07-01,74.3581290227843,334.25696617315054,53.666497178331305,99.58856262503788,106.9715928392049,306.9764716021354,287.3415542289804,18.76153035375078,328.15600100361615,270.9241136682212,45.349967886772724,33.0411519497138,347.7995136197601
2021-08-01,103.94118757364598,18.829704754015406,103.27567754795817,136.90901954888156,126.30836351196216,304.5771548475256,285.24056235900656,19.60541487819702,327.82367552001637,270.1886144582172,43.8480141105667,36.473898302753554,347.7787997102699
2021-09-01,133.74633742711015,62.25086910666556,157.4650874034303,173.53014109951414,145.95276689937126,300.64440729329726,283.095178122579,19.6953907126061,327.1120249382965,269.5677675217987,41.10864546986121,39.90587385090173,346.98520440723263
2021-10-01,162.995208305507,94.49675614165494,179.58136306892504,207.80650433636131,165.35430965102407,297.78314500792555,281.92478401716994,19.06560471177584,326.29579698232175,269.2824081251171,38.35993086421068,43.22700754766271,345.732987031276
2021-11-01,193.7381749262123,141.56919224623778,177.34853909888113,240.65443737256646,185.9007494632102,297.60503927686904,282.2033487057117,17.908178249122457,325.6174925182776,269.43009861694645,36.87267616130113,46.65933347702798,344.4013592616482
2021-12-01,223.95611256748742,177.76806029085776,224.964373420324,265.4403512575578,206.33466889719517,300.3413153497117,283.9265550840904,16.71998055905047,325.36054833726246,269.9942115900316,36.68105060759446,49.98199576037261,343.553747539613
2022-01-01,255.48529590933134,230.43595579877348,273.1391512052363,268.2510855060571,228.05547591257096,305.50227219890803,286.8591569117742,15.909049723083482,325.6254768687574,270.8908020040073,36.16769378808993,53.41708299394294,343.4622545813453
2022-02-01,287.042710546362,283.7536238253086,270.0056343338561,256.17027012674305,250.385832726465,312.1664598183701,290.4393394734796,15.851112484456474,326.3860106321728,271.90417870922477,33.73421666948268,56.85440291729148,344.22282225929735
2022-03-01,315.3246068630864,292.5592778025093,291.5812741227477,270.5400470178225,271.0281446820854,318.81773765468637,293.75260819491234,16.4999700108713,327.3554861886267,272.7282154428215,30.707203152134106,59.96139304089495,345.4898641492384
2022-04-01,346.198188435222,342.9560600414585,344.1514221245226,300.02828992716866,294.2789998280559,326.2516359717502,296.9916307374382,17.842030657794908,328.5201799515094,273.352469134676,28.057820852407158,63.40419927350764,347.2406429174518
2022-05-01,15.56801455437603,17.245362981663337,35.88565840890813,333.0471251555853,316.94968379876207,332.94012475921056,299.2237381205869,19.498124691703083,329.51195073625934,273.55042489856027,27.419511113035732,66.73914722409644,348.95294730208275
2022-06-01,45.46164528354333,62.081319332399346,31.235767380349095,8.918672935006766,340.17592191862815,338.6889323356409,300.19088764384355,21.25373849153252,330.1915737647783,273.31377189886985,27.443378116431482,70.18876040731257,350.4044351838303
2022-07-01,74.12269646078263,94.62186873806135,57.014293000806056,44.46261463775973,1.9539239645786133,342.42909683750725,299.6619563804481,22.693183285422943,330.38955438310904,272.7506158866673,26.426426227656624,73.53056616810571,351.23257538371263
2022-08-01,103.70503840096772,140.2727934148745,119.24705306127638,81.82208633919431,23.016409915835148,343.64873582303056,297.8591222492925,23.638707862508124,330.0957460961041,272.0203570290111,23.614111065844217,76.98732829704787,351.3150861996055
2022-09-01,133.5061583896751,188.70700447555,160.2221834872919,119.794975761819,41.50621898783624,341.82174821044237,295.5825490102514,23.844015974714218,329.40677234001885,271.38712586730554,20.53267058680052,80.44757559048384,350.60714821216624
2022-10-01,162.74947183026165,226.47356534838315,149.30991968893184,157.03341991115576,55.02614047628281,338.0799234258442,293.9404449048886,23.309253605011293,328.5896222244123,271.0762166880902,18.78019159307255,83.79928813907406,349.3914227922445
2022-11-01,193.48640163215384,279.8523830086047,188.60441062209594,195.81254358868495,60.54337128011641,334.63652759017396,293.6001119631249,22.19843509814086,327.8865322370431,271.1908987991203,18.360887476294256,87.26557366822762,348.0329480643843
2022-12-01,223.69945719056057,318.7117984057433,235.9950509063775,233.44663089608122,53.818327073576654,333.8277220542586,294.7941984710498,20.986295763190736,327.59040516948414,271.7247884022563,18.101168214264728,90.62239058944199,347.1066274187748
2023-01-01,255.22523187359658,8.589581703408417,268.64327561352394,272.3239782853474,44.007160249900565,336.13434175369395,297.3601794206791,20.088963404311805,327.8118865254019,272.5991283379886,16.695082024604922,94.09302237184053,346.91035977992584
2023-02-01,286.7817768577034,54.87676381875385,261.8931574462093,311.02798667391556,45.21796550411435,340.9943600585586,300.7911955540482,19.916170986810773,328.5379666579899,273.6039590236715,13.648957402995492,97.56503239080747,347.57602002070536
2023-03-01,315.06663325407095,63.605507782875335,301.6480972578482,345.5769107903009,54.048470966428916,346.80788867857797,304.15952644274233,20.468374543603158,329.49082736765394,274.433377422711,10.778227279280566,100.70170725099617,348.785295993167
2023-04-01,345.94356797084174,107.5395745965186,0.2356277695317751,22.946347383179674,68.13846784112711,354.05872683952634,307.66351434683975,21.73550417803641,330.65623843245686,275.07633087934977,9.206370427415125,104.17459457189567,350.51305376624487
2023-05-01,15.317846089889974,139.50282814690453,16.89199267161217,57.61082247525971,83.93401634564933,1.2686105978255595,310.3413794458987,23.362585029377264,331.6672343609733,275.30066330026006,8.960098326966433,107.53499862194488,352.24595232540315
2023-06-01,45.21466345415973,185.0708773255007,20.755977426040936,90.51067585137831,101.46578185380926,8.331346002221629,311.9158676563346,25.13623992606903,332.38172297112516,275.09233507887444,8.55794390650731,111.00632577588765,353.75919747517145
2023-07-01,73.877231455404,220.16109295523492,73.61663616945545,115.71052812277702,119.19739097197925,14.216326931662305,311.99993910307467,26.63669875541843,332.6207814969734,274.5493688568541,6.705528586742526,114.36405812795718,354.67696799717424
2023-08-01,103.45747401603333,272.42145469226523,129.16121669852217,121.95649298326526,138.16689265647932,18.614551579091778,310.64501641781163,27.681013481225605,332.36640385879025,273.8254700694023,3.464101576509244,117.83151055705343,354.8647596416403
2023-09-01,133.25404528810432,326.5370491781388,143.54155191702023,107.32076629430534,157.78473872533155,20.491560409519682,308.41460358503303,28.00277743029105,331.70188429654814,273.18116136938744,0.7353941279552353,121.29625051948462,354.2466702285874
2023-10-01,162.49313132253607,4.151166995200218,148.06319419624074,118.51167131836424,177.43493984590506,19.36427830183343,306.4058704718583,27.568733762181296,330.8857297093708,272.84575568043783,359.8248969005302,124.64627322557047,353.0728110367876
2023-11-01,193.22662303970236,53.29183911754948,200.63329718713942,147.0193252306742,198.4878814320267,15.73772659263557,305.45204420607905,26.514232647037655,330.15931729462375,272.9280294270382,359.7704705534295,128.10462799386494,351.6924511249339
2023-12-01,223.43874437166957,86.67976776190639,244.20297577411466,180.49599044053454,219.62193244852045,12.032549539864174,306.0564416223324,25.28769312652242,329.8244910898584,273.4318157075086,358.83710808707065,131.44802073285751,350.6898059370404
2024-01-01,254.96492098490117,130.91785653852253,237.20762648931523,217.5382526907119,242.23430032788715,10.50834444006469,308.1695153653687,24.30985950439196,330.00200852320125,274.28354333706295,356.00404356951486,134.8992705728687,350.3885210508981
2024-02-01,286.5227915013451,174.61776967668567,268.5677193151755,255.56041842103298,265.54859156844117,12.205187639519115,311.3646345183722,24.022507556891433,330.69242587314614,275.2790874524068,352.77900952867924,138.3469103457336,350.95762411108353
2024-03-01,315.8128859217854,195.40574331015526,317.2478451179884,291.416423603405,287.8405562167929,16.237627062677845,314.8366014510435,24.502618891411775,331.66389230601135,276.13939686876967,350.93049434162936,141.56898579691975,352.15708052135165
2024-04-01,346.67477900828527,242.68499909436784,2.0897780363127767,329.7723854590305,311.9331693828668,22.2757130718312,318.521556214677,25.708114960999648,332.8287597304382,276.78847986221245,350.5421652223541,145.0101636059097,353.86951149881753
2024-05-01,16.034605957055593,279.8876320115595,352.0999428508767,6.79398829248729,335.19272629930964,29.04381726310025,321.55897265661105,27.308864378479115,333.8505268707812,277.0244043214139,350.26428635108704,148.33760219803116,355.61994304617315
2024-06-01,45.9210453402181,332.8628485647489,30.459553362689498,44.932602801539154,358.8003809832389,36.334871404737875,323.6669668881602,29.093058836360377,334.58566115586376,276.8304166426722,348.9630693497134,151.77355992115315,357.18194872784414
2024-07-01,74.57980163653579,11.90389864414776,92.22242250030988,81.79350131527582,20.88000062176156,43.135135340711244,324.3452150945004,30.638560959438028,334.849580581836,276.29907255499796,346.40281407071035,155.0968420665815,358.16936021270305
2024-08-01,104.16406673844762,63.09802874536457,128.281083184837,119.8814230287961,42.53995612418256,49.31746514393803,323.5145019866452,31.758745885377827,334.61939396704065,275.5804643092532,343.47529219173987,158.52955929714633,358.4384412345322
2024-09-01,133.9709296993189,110.82339342267505,116.99340431967707,157.90668143498615,62.584800851663424,53.93985238080373,321.4920149247549,32.172030281152516,333.97007794044697,274.9323657875709,341.7447133930678,161.96152246082374,357.88953309756766
2024-10-01,163.22241439332473,143.92498867357077,163.31604396963274,194.5217678945918,79.76451072044827,56.13779232522261,319.2731653425433,31.819523385591374,333.15494883857843,274.5854609398272,341.56520047915706,165.2826604568089,356.748273367426
2024-11-01,193.96974585092912,188.14178940987662,212.38160677369842,232.0181254169127,93.79286260728092,55.39706570955226,317.7919547447714,30.814219648706068,332.41483403870166,274.6509829042723,341.3387281138076,168.71500750603704,355.3521042488778
2024-12-01,224.19215411002634,221.16122727428976,235.48884669388943,267.63573496220414,100.84823638713964,52.10091971857821,317.8135390943977,29.58233240996121,332.0569709780382,275.1378371765104,339.4239766976383,172.03770574510594,354.29254609072035
2025-01-01,255.7240040896613,268.82371639194344,234.7803775769554,302.6224950613352,96.82825593744862,48.125951026722255,319.434499974948,28.54622994081378,332.20811364492556,275.97511974660745,335.78492522266265,175.4728450350863,353.9131298193268
2025-02-01,287.2796706298563,319.86790153492854,281.28744973807216,332.35272494370685,85.3718503123551,46.20716075845646,322.3322451365901,28.171087971729236,332.87680151440253,276.96205969139544,333.07581641846133,178.91023055079575,354.41125152613984
2025-03-01,315.5560726930329,328.8293713372923,331.1925550499304,345.7221637608458,82.07013680359793,47.181868400519015,325.5967302465757,28.543888470306705,333.8000656604521,277.79437509279546,332.30823397081366,182.0172898538763,355.5185331244026
2025-04-01,346.4215079550084,22.2972235673793,333.65281774876627,332.43625795652343,88.50755702573534,50.88485396325457,329.39647679544294,29.66348768672732,334.96300054919544,278.4603994570741,332.28005779314776,185.4601814684762,357.2065169703945
2025-05-01,15.784889987280675,60.47707979619293,350.4191043203417,335.0621559105556,100.49892940746888,56.2755075450705,332.7542577467317,31.223209977280963,336.00159338355013,278.7211698368693,331.39111411912734,188.79521839465332,358.9776149044364
2025-06-01,45.67551326432012,110.39731385603433,47.940206430587516,359.83174598276497,115.96250990086762,62.90375552115241,335.39016886498507,33.01349736987763,336.76976512212815,278.55462464594126,328.89571556586293,192.24492725938146,0.6029568918548457
2025-07-01,74.33761290125896,144.03084136417363,100.0078608340442,30.90267328667982,132.67127412011394,69.7189188575435,336.7128851919276,34.61023445334629,337.0740744204983,278.0437039228432,325.96409851976114,195.58682641492894,1.6831730431195124
2025-08-01,103.92370556723655,188.15882690473032,103.90165547799656,65.86760764738507,151.20200638242957,76.61400184133834,336.5401041793478,35.82274038834702,336.88407364817107,277.33281729624844,323.97138868560245,199.04368289499567,2.0631724085908614
2025-09-01,133.7298330271536,231.8230553679901,121.95002910182771,102.45869662808173,170.8132570028732,82.77233159492575,334.92350732358153,36.35226148066465,336.2614870523482,276.67579512479915,323.29931192796965,202.50401937135294,1.612671395152593
2025-10-01,162.97829041577938,264.42052901962535,176.0857321912876,138.96914672462475,190.76369841402155,87.3624116344936,332.6571287066806,36.108585463251856,335.45041106613047,276.30658327993706,323.0679578413392,205.8558106126733,0.5233009176937671
2025-11-01,193.71975204489237,311.7695490274044,217.31866043508418,177.46233890154681,212.36694821166262,89.86266379604555,330.69428449709847,35.175973349121485,334.68985262202636,276.3414572637164,321.94298111865993,209.32216704464494,359.11388388809706
2025-12-01,223.9364284010018,348.35452602865115,205.7425040196723,215.09435344100444,234.19133838443074,89.43122548499865,330.0615131084983,33.94784160143208,334.2947558181908,276.79899740429437,319.19480204309576,212.67904037004612,357.98137130311414
2026-01-01,255.4635686903837,41.61074096978826,243.54660140147544,254.1014707520143,257.58314136069663,86.25265162124361,331.0622464306684,32.844247959689405,334.40174067781595,277.61350543335027,315.8486436310981,216.14971597760163,357.49511781906756
2026-02-01,287.01797375314993,94.80395281259825,294.367045794359,293.07083305084063,281.6210598304576,82.25388994119007,333.53399892932686,32.357233751731904,335.0331042653391,278.59015273420323,314.0120949460709,219.6217537118897,357.8922312455315
2026-03-01,315.29819378231076,104.00890995890789,326.86546663288584,328.10663986255594,303.6359591478985,80.14785151699047,336.61629955095333,32.624530945308535,335.9361295418333,279.4255616532009,313.8742256644968,222.75843899229628,358.93646173634846
2026-04-01,346.1672374962896,153.37293077332092,318.5886614005202,6.5326813113179645,328.0091655362005,80.6721605736686,340.4390111536977,33.652125650098554,337.09536564942516,280.10750512741726,313.65749612361293,226.23132131199804,0.5978050821880516
2026-05-01,15.534570235620304,187.42199848359837,0.8630199198103353,43.17883010410269,351.2637405413604,83.80488300693904,344.0366740510701,35.16376191415356,338.14925892097193,280.3924098373496,311.8991660273832,229.59170411504655,2.3888027212465937
2026-06-01,45.4272188481417,232.36776124920578,64.04029858557054,80.28415526401452,14.648645959905235,88.95653134923853,347.1334353280363,36.9528634169662,338.94937901225666,280.2531491186549,308.49351889052423,233.0629930327545,4.078150972530911
