year,ayanamsa,asc,tithi,vaara,nakshatra,yoga,karana,retro,Sun_sid,Moon_sid,Mars_sid,Mercury_sid,Jupiter_sid,Venus_sid,Saturn_sid,Rahu_sid,Ketu_sid
1700,19.676219575608435,20.677563960930286,16,4,20,26,31,4|6|7|8,79.78768752881729,262.5186113690172,70.39619249550415,125.04438970836887,200.7265870195124,279.9114804189581,324.6545597919143,81.28536523468432,348.07126057670035
1701,19.690160549602812,20.404678466370854,26,5,2,8,51,4|7|8,79.54112982370043,24.191014892765487,88.5388078878824,81.33766128883272,83.65531820004446,317.96475202399415,337.0828666386916,85.51989249078642,350.29055701932134
1702,19.70410158485966,20.13173965211294,7,6,12,18,13,2,79.29986730805524,153.6329856405009,101.83788607331401,33.880816104545815,268.545303369611,352.9910941248098,349.51702250445965,89.78398744885467,352.5085453049499
1703,19.71804268137944,19.858739531500106,18,0,22,1,36,,79.05342202094047,293.1208230795841,104.32485004734312,116.17025137169331,95.6194612968672,24.219264706112632,1.9509820617832225,94.07862245742552,354.7242089575742
1704,19.732022034199623,20.655256666887624,30,2,6,12,59,3|7|8,79.7666987504571,72.65387392374743,85.45464725372929,63.187930499991936,333.6445855303647,52.6281289671617,14.456903747186628,98.46361356940739,356.94686163621776
1705,19.745963253414548,20.382392016671474,10,3,15,21,20,5,79.51966616051327,193.87153259041543,60.74661102081067,65.66526202059732,108.12316888555044,78.78659883678529,26.888656524161636,102.81907111705445,359.15556364894553
1706,19.759904533893835,20.1094449309833,21,4,25,4,42,7|8,79.26854325904515,326.065531738188,60.98394059166975,99.95976709934342,2.0582630486062232,103.81205787069784,39.29250799397172,107.20363951911266,1.3591328162302303
1707,19.773845875637935,19.836413098066373,3,5,8,14,5,7|8,79.03047431732371,103.66932953187195,76.63918242980037,45.21030899961338,120.18953932349542,128.61033877629905,51.66124372873152,111.61677991055933,3.5578201647819196
1708,19.787825474356172,20.63285631554632,14,0,19,25,28,7|8,79.73896392828398,242.91172133886104,95.7341152019225,124.83532836005823,21.78462644250118,154.28696967213716,64.1135449074859,116.10909295992796,5.766994893669648
1709,19.80176693879917,20.359927447791875,24,1,1,7,48,7|8,79.49071835981533,3.6064374699281103,105.02587066665316,81.9057056064401,133.4130010933035,181.71586682481635,76.39306893604878,120.57151858366922,7.95870068972151
1710,19.81570846450839,20.0869122710057,5,2,11,17,10,4,79.24947408753555,137.9525232043286,99.74704884560985,33.96434077769312,37.62060611269275,212.43557058973207,88.61859097125725,125.0583512665502,10.147391328607773
1711,19.829650051484286,19.81381791633575,17,3,21,27,33,3|4|7|8,79.00371205638925,274.12610944153414,72.86377166608047,116.59557688106888,147.20694990572238,247.38738509175082,100.78952985096208,129.56796564148516,12.333940789264602
1712,19.84362989610804,20.610155154454958,28,5,4,10,56,4|7|8,79.71641320600934,53.25964542407888,58.41607614095948,63.73834594722568,52.53991558954285,285.3842814644738,113.02371138232961,134.14149734916012,14.53927974411016
1713,19.85757160578653,20.337190411352253,8,6,14,19,16,5|7|8,79.47205419779107,173.7675210784209,67.16098495428894,62.39751502175472,164.02382139463933,323.17321554267664,125.0865863824782,138.6914013706637,16.725130258020386
1714,19.871513376733084,20.064162968960545,20,0,24,3,39,7|8,79.22242491807839,310.05004794786885,85.15838923528266,100.50240565721218,65.72444871259877,357.63161625443314,137.11117668055894,143.26280489134646,18.90994579474033
1715,19.885455208948155,19.791083616773903,1,1,7,13,1,7|8,78.984204154719,84.36660908361,99.77863618915521,45.680387742498006,186.92590927180197,28.338132253194768,149.1095462799173,147.85615177750134,21.09331406213415
1716,19.899435299484797,20.587402775754327,12,3,17,23,24,7|8,79.69276421788818,223.11107786608616,105.5149840073571,124.57403458281561,78.88379084790685,56.37417838169113,161.14051592000558,152.4988088035588,23.29741850077997
1717,19.913377254406118,20.314503709853312,23,4,26,5,45,2|3|7|8,79.44221961630173,344.1488406056599,90.0461495079757,82.47375047256283,235.05575618517977,82.30001476992521,173.09973387119405,157.12949019697035,25.474738284318345
1718,19.92731927059731,20.041558309523083,4,5,10,16,8,7|8,79.20004954588289,121.89791388341943,62.842951294730845,34.07606135663331,90.94894794227247,107.2297630385986,185.06642538303777,161.7783529267638,27.647365117490253
1719,19.941261348058813,19.76856983000073,15,6,20,26,30,6|7|8,78.95503709070687,255.19973704228732,59.09004945391508,117.01278534347688,314.7306082401216,132.07019350437676,197.0501430535747,166.44237091595602,29.814910427258944
1720,19.955241684515617,20.564949839409536,27,1,3,9,53,6|7|8,79.66665992692536,33.195843403398875,75.20889306876491,64.29051669037966,103.46919216816991,157.94081883102896,209.02325653771564,171.1287326986751,32.005605294407616
1721,19.969183884686984,20.292132330561202,7,2,12,18,13,5|6,79.42354394842766,154.7625826447442,92.85312811585338,59.32012938226051,352.74454583117085,185.76731258505703,221.04502588047947,175.80803186577631,34.165460025698536
1722,19.983126146130008,20.019247600370363,18,3,22,1,36,4|6|7|8,79.1744717208397,293.1234196911738,103.81331892003752,101.0435067004237,115.41878303088372,217.07958838217777,233.10615329630937,180.4921813904988,36.3218156118298
1723,19.99706846884514,19.746295672311305,29,4,5,11,58,4|6|7|8,78.93654529475494,65.81027330675845,101.82966235785346,46.154536932324525,14.14274206743389,252.63002351309322,245.21099065158518,185.1769593339017,38.47624284502314
1724,20.011049051229275,20.542672069081476,11,6,16,22,21,3|4|6,79.6471302659081,202.8282512475471,76.98053878110936,124.25392252951599,128.37527678263905,290.81502622262644,257.29446324829576,189.85336641674567,40.65993266567282
1725,20.024991496657815,20.26983578465456,21,0,25,4,42,6|7|8,79.3978156820619,326.1008522597987,58.442392208397735,83.04388831732619,31.655917905337795,328.21341846186033,269.50722718175626,194.52570387285255,42.813250911830686
1726,20.03893400335978,19.996909625907193,3,1,8,14,5,6|7|8,79.15564141130508,104.40160345542617,64.21508747781382,34.21759504418009,141.60758104530834,2.0732095872169345,281.7733868982558,199.18993886905207,44.96669515405433
1727,20.052876571335613,19.723902208031035,14,2,18,24,27,6|7|8,78.91069789556444,236.63524794971195,81.64723610821108,117.424880113169,46.40793616197728,32.27912877508153,294.0862783052977,203.84495681441763,47.11961424192579
1728,20.06685739965416,20.520177926023052,25,4,1,7,49,6|7|8,79.61929265524142,12.38574224958996,99.15138325568533,64.84384325218996,157.20865234892116,59.98214493450635,306.3996249098867,208.46791599290881,49.30467053605242
1729,20.0808000903469,20.24727129857456,5,5,11,17,10,5|6,79.37361219913112,137.22413584490891,105.44831908242841,56.43905805026442,60.64909029968481,85.71992901528735,318.7998432199099,213.0973884910613,51.45454341456464
1730,20.094742842314815,19.974283371261038,17,6,21,27,33,3|7|8,79.12384188869977,275.2259883000563,94.097674483426,101.57932481709231,176.59260884848752,110.59821066020315,331.2228254201123,217.71452520054032,53.6008455474325
1731,20.10868565555832,19.701230299699148,28,0,4,10,55,3,78.88424272767209,47.71738842670276,65.80818050156883,46.62999227385245,73.3931856922204,135.52871966000285,343.65938550471594,222.31642413040214,55.74363673525678
1732,20.122666729818253,20.497418021286933,9,2,14,20,18,,79.59574584811867,182.00874595739626,59.0363951415891,123.86362898253688,210.6256724563889,161.63890038419652,356.146369987015,226.8689561155186,57.917582390174765
1733,20.136609665782125,20.224508588120187,20,3,24,3,39,7|8,79.34733987136936,308.94510181673394,71.67886273437085,83.61129141203975,86.25792922000089,189.8935181964236,8.603893376784777,231.43268599973803,60.052878495819186
1734,20.15055266302289,19.951546572439128,1,4,7,13,2,2|4|7|8,79.10567830000328,85.77847309590663,89.753331682907,34.37797378648872,287.6535566911206,221.78720796558662,21.047327548734334,235.97434120605462,62.18524622941852
1735,20.16449572154096,19.678544720213495,12,5,17,23,24,4|7|8,78.86373806565653,218.31320603488962,102.2503365851806,117.82783061485358,98.1843936642262,257.857883648793,33.46843980878178,240.49172128864487,64.31529525750004
1736,20.178477041749144,20.47475207384116,23,0,27,6,46,4,79.57401500277953,351.5383740642903,103.73585144638729,65.40052624931315,341.402242511883,296.121294534704,45.977386451624504,244.9429010216884,66.48070318641028
1737,20.192420222990982,20.20193183606139,4,1,10,15,7,3|5|7|8,79.32972424932048,120.58030327881221,81.84329774194664,53.787342838551,110.70482192837528,333.1002881760445,58.34406894731332,249.4028847630442,68.60975568106039
1738,20.2063634655114,19.929064779658233,15,2,20,26,30,7|8,79.08226721091933,256.77882965242316,59.21685212132474,102.11870544655143,6.573934929305887,6.416723991173444,70.66580378762315,253.83193346959692,70.73934546191828
1739,20.220306769310813,19.656151286451802,26,3,3,9,52,7|8,78.84078378734768,29.20258992482372,61.62788194679383,47.11461772085769,122.85501774565518,36.19593664930848,82.93886598257413,258.2285690780239,72.86993602863905
1740,20.234288335474037,20.45241071810949,7,5,13,19,14,,79.55075279849719,161.22616515823893,80.21752745270777,123.4135337872909,25.380807231991906,63.62198482868942,95.28479119092795,262.5532151859731,75.0377725226597
1741,20.248231762000582,20.179642871952808,18,6,22,1,36,7|8,79.29962602878881,291.9898800161706,96.64219107527904,84.17916549075586,136.26325320133543,89.20994017293835,107.44140190376457,266.88842232198704,77.16747370395454
1742,20.262175249807367,19.906802240137466,30,0,6,11,59,7|8,79.05482382660166,67.41390363679209,104.89403385873807,34.558047622197165,40.800292692653436,114.06217334670532,119.54341847956962,271.19427116541635,79.29548779403449
1743,20.27611879889481,19.633887646791038,11,1,15,21,21,3,78.8122079775367,199.5759317582982,97.43856847748735,118.21854582221346,150.45878107019823,139.08934683570098,131.60212028032092,275.47216724295197,81.42092733412068
1744,20.29010061101973,20.430100835100063,21,3,25,4,42,3|7|8,79.52111267037124,331.365021898263,69.22614720318114,65.95458565628978,55.45147820646164,165.41995328873452,143.70787190821568,279.6868670816749,83.58032283939329
1745,20.304044282837612,20.15728163820137,3,4,8,14,5,5|7|8,79.27675396413804,103.57083216880166,58.03194345572784,51.32677892720208,168.1800465270742,194.05576839448892,155.70401682866571,283.91395695629956,85.69946674360637
1746,20.317988015937377,19.884377789396382,14,5,18,24,27,4|7|8,79.03090391721133,238.54423547811584,68.3132718464899,102.65173921545112,68.45948680695021,226.45035773459088,167.69424950872784,288.115866327255,87.8157662123312
1747,20.331931810319432,19.611395240184663,25,6,1,7,49,4|7|8,78.79042364555269,9.729057107473649,86.46475555996591,47.60031816542098,193.9978572454946,262.920214319608,179.6863106057719,292.2928417517818,89.9300613342841
1748,20.345913868412655,20.407493974656745,6,1,11,17,11,4|6,79.50286664081153,141.3923177722403,101.92311666212764,122.87969479345821,81.51105489859458,301.1699824350666,191.6820726084419,296.41603647310177,92.07955400736513
1749,20.359857785528405,20.134615080869935,17,2,21,27,33,2|6,79.254831523009,274.62679563591286,104.60998176899894,84.74859129909464,253.07220131532432,337.7433729601923,203.6836446867919,300.54564088506623,94.19239486558467
1750,20.373801763927663,19.861670579991596,28,3,4,10,56,3|6,79.01140798508227,49.964058112188916,86.64625862491371,34.76644025124112,93.51876938928056,10.60083161043187,215.71233055810808,304.64946612438564,96.30664409203287
1751,20.387745803610816,19.588669584604304,9,4,14,20,17,6,78.7699075896655,179.7309400219542,60.80954627425353,118.6061708397445,325.7924928675544,40.034543237508764,227.7757900774054,308.7272621082584,98.42288533364537
1752,20.40172810767881,20.38471189688522,20,6,24,3,39,6|7|8,79.47701308139828,312.11729017049424,61.06341449145783,66.51363353491612,106.02560699883189,67.24007893666435,239.81263209432663,312.76181543573665,100.57568696483119
1753,20.415672270098874,20.11187038465394,1,0,7,13,2,6|7|8,79.23019723659812,85.48353436495047,76.59982200410295,49.09002443496765,358.07542970182556,92.70725345240207,251.95607340291664,316.7946376705666,102.6941253396412
1754,20.42961649380403,19.838988214655615,12,1,17,23,24,6|7|8,78.9833089269138,221.14352114697334,93.88998094125584,103.18324333954448,118.03806517332475,117.53763317595052,264.15041127571607,320.80624183082597,104.81280073605004
1755,20.44356077879468,19.566065260564727,23,2,27,6,46,6|7|8,78.74153776014509,349.3908607658216,103.91453709268386,48.09035351413327,18.005547790169032,142.6602658458817,276.3933999272712,324.799638443994,106.93088513214508
1756,20.45754332884383,20.362155763911062,4,4,10,16,8,6|7|8,79.4529568110011,122.83478749578784,100.19052275441997,122.2639687834602,131.1408250329268,169.2301449917869,288.62209082739713,328.77137926605036,109.08061235955111
1757,20.471487736574538,20.089411467461304,15,5,20,26,30,3|4|6|7|8,79.20553171287312,256.501039337593,73.47840547922169,85.31610074089598,34.947512371037945,198.303675681245,300.9626207095006,332.73954109397664,111.19508734539838
1758,20.48543220559192,19.816616025649836,27,6,3,9,53,4|6|7|8,78.96095464842621,32.93033941183443,57.6561440475003,34.987390628435016,144.67075343817956,231.28112935767982,313.3362964858266,336.697265352842,113.30796075317141
1759,20.499376735896348,19.543757914693458,7,0,12,18,14,4|6|7|8,78.72037973059079,158.8852103420449,65.19925172460049,118.97942187148723,49.405716039595085,268.213612318071,325.7319478106852,340.6465061317456,115.41971884418524
1760,20.513359531932927,20.33987386232792,18,2,23,1,36,4|7|8,79.42942859576719,293.69973267559755,85.13518627323468,67.07191283947742,160.9122967796496,306.45023464639604,338.1536324082858,344.5963542011522,117.56127810228473
1761,20.52730418498054,20.067144650761236,29,3,6,11,58,7|8,79.18309280848001,66.96189692809276,99.83709977832183,47.055685500583145,63.446851673542454,342.5783971735255,350.58431802111835,348.5372751892629,119.67241674198934
1762,20.541248899316358,19.79433646260736,11,4,16,22,21,7|8,78.9383780438114,204.20684081513767,104.87846379217285,103.71335382884746,182.08016719674515,14.919936227520001,3.0066831922846955,352.47273555672547,121.78590752096143
1763,20.55519367494076,19.52144079083837,21,5,25,4,42,3|7|8,78.69583288125285,328.578427414846,91.0638237393311,48.585430027454386,76.05098869816673,43.94181077693113,15.417946598664653,356.4033885673162,123.90255277939764
1764,20.56917671697097,20.317473076404355,3,0,8,14,5,2|7|8,79.4050303652156,104.87239929965327,63.29911430596957,121.56002588290897,223.10967182542277,70.85922350557954,27.90901593769264,0.3498812387366209,126.04983048198478
1765,20.583121615341618,20.044673803751834,14,1,18,24,27,7|8,79.15729476490348,237.97760293373216,59.20196018997109,85.88214059014065,88.83861331148354,96.15390588674173,40.292508222879576,4.275534071807762,128.17215789442898
1766,20.59706657500199,19.771793726815446,25,2,2,8,50,7|8,78.91130338972395,15.500311328564319,73.01639646137872,35.22671042426352,304.00919076946315,120.9380295361575,52.639955630108744,8.19930222811561,130.2968615454811
1767,20.611011595952466,19.49883269487711,5,3,11,17,10,,78.67082237859366,137.9514031517861,90.91225345552081,119.34203066810446,100.7489600500329,146.16191877338628,64.94543078417745,12.123271909233383,132.42324540191424
1768,20.624994883982378,20.29475509888985,17,5,21,27,33,,79.3811089979283,275.69913581221346,103.94216508751158,67.63157632210628,347.97954187629813,173.0054310147442,77.33410171998112,16.08248528823995,134.5740098756684
1769,20.638940027682107,20.021921729482244,28,6,4,10,55,4,79.13368421114124,49.101971184004555,102.20039126944658,45.20840132771179,113.29973103951949,202.5756180764306,89.54170034859709,20.017453528687845,136.7000608068714
1770,20.652885232673057,19.74903209945697,9,0,14,20,18,3|4,78.89058269564285,186.57570610624276,78.20927605068373,104.24113733702382,10.817570516809937,236.20312097439003,101.69784541192506,23.96026363102327,138.82609739385418
1771,20.6668304989556,19.476088217558072,20,1,24,2,39,4|7|8,78.649028297856,307.8393361591213,57.98308084621437,49.08410559313952,125.56185651255922,273.6095312409953,113.80591800621771,27.9139998543894,140.95177803209276
1772,20.680814032991215,20.271996361287307,1,3,7,13,2,4|7|8,79.35889758509319,86.57089834463892,64.24153192104349,120.75753816310707,28.860345996624954,311.77600543977263,125.97165573088773,31.924870261104736,143.09699212139415
1773,20.694759422025967,19.999236188401113,12,4,17,23,24,7|8,79.11292096016183,220.25270354122915,81.61048938429643,86.45063550552791,139.19675059570517,347.39482224089596,137.989803423174,35.90985466532446,145.22266022522413
1774,20.708704872353426,19.726433316408986,24,5,27,6,47,7|8,78.866353051207,357.14950185740264,97.47817601188223,35.486453544977834,43.889324579676156,19.186937663058085,149.98495227806828,39.91140798904457,147.3506630616846
1775,20.722650383973928,19.453580499811977,4,6,9,15,7,7|8,78.62407598809577,117.71818613709115,104.61463386261367,119.69651879384864,153.84836010246377,47.78919859743947,161.96980462359144,43.93011331784599,149.48227183280017
1776,20.73663416402113,20.2495501840649,15,1,20,26,30,3|7|8,79.33251523592868,257.4136853286904,94.654433801737,68.190821378685,58.310746224849794,74.43325462085613,173.98039999163643,48.01797137453872,151.63348285003573
1777,20.750579798396767,19.976873201843517,27,2,3,9,53,3|7|8,79.08250592921637,32.27389117782596,66.32237383058015,43.53668999851849,172.6794028084995,99.58699381093244,185.95780099234972,52.07225331949476,153.77232590080615
1778,20.764525494066543,19.7041284727475,8,3,13,19,15,6|7|8,78.83876136719313,167.46328307756716,57.86414051411766,104.76259106925811,71.17772275595192,124.36668925054889,197.95746843460543,56.14405091406829,155.91519906739092
1779,20.77847125103082,19.431305152104727,18,4,22,1,35,6|7|8,78.59768112488631,287.72004303552296,69.55095520698306,49.58420574376888,202.50814786737044,149.73844003481446,209.98607637042733,60.2342413499785,158.06114971663456
1780,20.7924552770954,20.227262581714115,30,6,6,12,59,6|7|8,79.30724167602716,67.69752017799286,89.74303642140843,119.83985092622686,84.1271461008263,176.90167565768803,221.9972625545765,64.40212465747884,160.2197927675579
1781,20.806401156817664,19.954561129689182,11,0,16,22,21,2|4|6|7|8,79.0631241895235,203.9457351905194,102.34582596046741,87.01683784431445,272.7463173660399,207.0068724641147,234.0856828705089,68.53370366462595,162.36811127706278
1782,20.82034709783549,19.681768486792123,22,1,26,5,44,4|6|7|8,78.81826863975478,337.5939724860882,103.48696707240175,35.76053572560995,96.08631057031396,241.26867978563476,246.21855862870757,72.68791293596061,164.51716418111354
1783,20.834293100149235,19.40888236991887,2,2,8,14,4,3|4|6|7|8,78.5779919078157,98.11853902641676,83.0973515461055,120.04005911692846,334.7103195718155,279.03151276419317,258.39961271749326,76.86713063433844,166.6664082856762
1784,20.84827737223689,20.20473030892805,14,4,18,24,27,4|6|7|8,79.28915354078146,238.3899919531445,59.5610567127394,68.75479881414572,108.60157062340731,316.9777969357169,270.56038501245445,81.13384681644341,168.82196089473243
1785,20.862223497311437,19.931954645392835,25,5,2,8,50,6|7|8,79.0403242076659,16.11276472006757,61.680227781373596,42.05184727787086,2.880859323209403,352.02277634330085,282.84778315158934,85.3688377098208,170.97114154256403
1786,20.876169683682953,19.65909749680614,6,6,12,17,12,6,78.79667417125796,147.14424389879858,78.00802743711942,105.28727277455317,120.68531911796626,23.271072291716873,295.1781091729816,89.63464310172162,173.12258450517007
1787,20.890115931351758,19.386164759030095,16,0,21,27,32,6|7|8,78.55491609772713,268.29938920760304,94.86658525085384,50.091487693119305,21.70158160421663,51.48505649120382,307.5418744460151,93.93168116909233,175.27755426648
1788,20.904100449468082,20.181924685538405,28,2,4,10,55,6,79.2604861568668,48.81866046745375,105.07217078926172,118.81444595531075,133.94634587544763,77.8947508136714,319.91376341177073,98.31777015240543,177.43789455498842
1789,20.91804681990047,19.909149696297135,10,3,15,21,19,,79.01447549934814,188.19847866389145,97.91942081455973,87.58129694118374,38.18555207293776,102.95280149523688,332.33833490369307,102.67376630900428,179.60097213463632
1790,20.931993251631194,19.636320924938673,20,4,24,3,40,3|7|8,78.76757334685982,317.01888860738336,70.1603797272663,36.04651886189449,147.83097855993458,127.77477751719361,344.7698152975312,107.05805100142106,181.7689212534391
1791,20.945939744660585,19.363443567612933,1,5,6,12,1,7|8,78.5251806504022,78.64186390815685,57.11536049914111,120.36639910587775,52.362113643480434,153.3416624107718,357.19992219076045,111.46968273297144,183.94099297565285
1792,20.959924508811067,20.159229646478195,12,0,17,23,24,7|8,79.2374033606504,219.3693445747542,68.30725523437492,69.31501911677795,164.84544026328658,180.86757195168246,9.690072007992276,115.9602356816401,186.11309123665464
1793,20.973871124606756,19.886548839998483,24,1,27,6,47,4|7|8,78.98808874797025,359.9553779524388,86.43953774469898,40.70509637851457,66.20663762471212,211.52098823244026,22.112747518186513,120.42088148292915,188.2903614927736
1794,20.98781780170212,19.61381450505445,4,2,10,16,8,4,78.74565524937859,126.55330217596504,100.43241670490325,105.80427526891707,188.32695010259366,246.362343954883,34.510498528182154,124.90615459719764,190.4695305102662
1795,21.001764540097493,19.341025030191446,15,3,19,25,29,4|7|8,78.50694013701438,249.00020252469324,104.11881577886965,50.59984477628511,78.69664811914801,284.3600842789628,46.87800210770746,129.41546476905472,192.64989280759545
1796,21.015749550287545,20.13686308113506,26,5,3,9,52,2|3|7|8,79.2137336584589,30.658976064205042,87.27240085312262,117.65362445799676,238.70275918905742,322.0169488190005,59.33582562313183,133.9896821427345,194.82255541170866
1797,21.029696411451884,19.864231692791634,8,6,13,19,16,,78.97069047916308,171.60908193159338,61.21657805977541,88.14806020155835,91.41740378225941,356.51637623796654,71.63379435826094,138.54295065862212,197.00332445896655
1798,21.043643333917228,19.591515875018388,19,0,23,2,37,7|8,78.72527969674428,296.2482649876317,59.54934052513337,36.353064229968794,317.198218851442,27.290726551941372,83.88546928386813,143.12033014053387,199.1860272442461
1799,21.0575903176839,19.318718346972503,29,1,5,11,57,7|8,78.48070127216779,58.92397258252899,74.3965203226903,120.68668930902449,103.30609788804568,55.18121483732039,96.08870128131609,147.72117785161663,201.37159547059207
1800,21.07153736275223,19.04584078738216,10,2,15,20,19,7|8,78.23911330302981,187.42045952882336,92.01004243500384,68.65281525451255,353.1329236004421,81.18013018373341,108.2430791604715,152.3446597467183,203.5614450761104
1801,21.085484469122534,18.77287456519099,21,3,25,4,42,7|8,77.98697290852232,329.3549853584419,102.73315531762289,39.03100610689807,115.28919652907838,106.19335821598308,120.34965256455335,156.98816065126445,205.7565302005488
1802,21.099431636795142,18.499821854493632,2,4,8,13,3,7|8,77.74256969946805,94.21428403170461,100.1053932576491,105.11133311382468,14.127544399374989,131.1165892987014,132.41754788618363,161.64887044503294,207.95662897009993
1803,21.113378865770375,18.226695755745595,12,5,17,23,24,3|7|8,77.50468797073047,216.3820152305722,75.21827711147512,49.910048599877584,127.70556228323458,156.94166819897862,144.46173286390396,166.3237628572851,210.16163217982185
1804,21.127364367886937,19.023212910496625,24,0,27,6,47,7|8,78.20997616281427,359.35033380586594,57.017900321571716,115.95197320080605,31.511967844393432,184.88045491422832,156.5486981606317,171.01862939595304,212.3540864826917
1805,21.141311719636317,18.750192309526255,6,1,11,17,11,4,77.96653236116447,139.9087206243328,63.296401270335096,87.48347494289519,141.62269175976644,216.1088173588663,168.56455756771396,175.70626706352317,214.56597388035183
1806,21.155259132689277,18.47710565287983,16,2,20,26,32,4|7|8,77.7225852876486,264.18444151848934,80.84387231246288,35.552184795817524,46.227987944538626,251.47560358667099,180.59034594859315,180.3976846808285,216.7805308226825
1807,21.169206607046128,18.203969035882494,26,3,2,8,52,4|6,77.47783933656572,26.176421952866857,96.5280459978317,119.87720507270731,156.88840550158068,289.5498814281843,192.63147775740117,185.088731852129,218.99636381347548
1808,21.18319235521786,19.000438265367677,8,5,13,19,16,6,78.19169699974462,171.57374790211128,104.16451362304247,69.21632788318406,60.45923477179694,326.76879541787343,204.66431781257424,189.7695331592835,221.19223273542005
1809,21.197139952351385,18.727459286311046,20,6,24,3,39,3|6|7|8,77.94162473477,310.65232834714027,91.9636187739507,37.91536310975152,177.29093128877886,0.6736241142794362,216.73707840528172,194.4484291405091,223.40810912806393
1810,21.21108761078974,18.454438969391276,30,0,6,12,60,3|6|7|8,77.69658386203261,74.42400635129223,63.78367717789379,105.6262409787107,73.19138221143336,30.991896090037347,228.84264435890012,199.1204942314546,225.6242971670218
1811,21.22503533053322,18.18138455966141,10,1,15,21,20,2|6|7|8,77.45855197669464,195.77160376788814,56.55470494955902,50.423413643092694,213.08402864348068,58.59992396232234,240.9845886287121,203.78492448457672,227.84180320137568
1812,21.23902132476513,18.97790624973632,23,3,26,5,45,6,78.16208930067592,343.78796545381266,70.84963331179367,114.56887572019318,86.06661604966901,84.68038958346307,253.09293424964233,208.41844707753347,230.03902164471978
1813,21.252969167287763,18.705021151891685,4,4,10,15,8,2|6,77.9172458559696,120.72273666028485,88.92525284660535,88.04641469306141,291.3271433495391,109.65217423989597,265.31352491902186,213.06018865555498,232.2621799052796
1814,21.266917071116453,18.432083535108603,14,5,19,25,28,6|7|8,77.67433807607557,244.73026817134297,101.2271296299015,35.87556689430222,98.01807291085845,134.64160072667354,277.57500247017117,217.68960384747777,234.48949892534603
1815,21.280865036251495,18.1590907763277,25,6,1,7,49,6,77.42939889305738,5.964305883034737,101.60201285281865,120.17324377931448,341.4896272634307,160.6687543059581,289.87326275408526,222.30366386453306,236.7209355062465
1816,21.29485127654848,18.955635312570962,7,1,12,18,14,3|6|7|8,78.14324745671672,156.22156039810528,79.47571943968026,69.78052648746768,110.56861478136793,188.97445867263585,302.1586343866337,226.86612976905408,238.93081731802403
1817,21.308799364465095,18.682758129926214,18,2,22,1,36,4|6|7|8,77.8943715844347,290.75106508656825,57.64261522348339,36.92243257946538,6.637751854337409,220.7506457267005,314.52655782309756,231.43944699365113,241.16903251887604
1818,21.322747513688967,18.409802668548622,29,3,5,10,57,4|6|7|8,77.64895355673315,54.71374147045471,60.655174222009215,106.13836102882942,122.76141864614391,256.6426862302661,326.9098357822415,235.98894147139467,243.40940753337952
1819,21.33669572422039,18.136769223736138,9,4,14,20,17,4|7|8,77.41334829903282,175.96678439457887,77.24791908581457,50.94131218883505,24.56263831412435,294.8368749575555,339.2977205667788,240.51148747364806,245.65060967719015
1820,21.350682210587266,18.93322748948458,21,6,25,4,42,7|8,78.11773330977546,328.53127092779715,95.75888421122755,113.02828507923422,136.24689157411004,331.7156601790094,351.7231848957071,244.96593123578484,247.86559772724002
1821,21.36463054390264,18.660276658249472,2,0,8,14,4,7|8,77.87276697821554,101.00817012372946,103.70033226867154,88.61112857254156,40.62600123147493,5.1098320424352,4.117531645585518,249.42737910175464,250.10581377920224
1822,21.378578938526438,18.38724813244201,13,1,17,23,25,3|7|8,77.62990555829262,224.87991473573095,95.46621054868433,36.21269823983528,150.57373854083477,34.993334868313205,16.494943455928684,253.85653700874317,252.34491750839203
1823,21.39252739445896,18.114148698482637,23,2,26,5,45,3|7|8,77.3816366395162,346.58407958349136,67.39394831188758,120.4553663189207,54.56544284685248,62.28581424384255,28.855280217725934,258.2538102993693,254.58366549153072
1824,21.40651412690044,18.910497822157907,6,4,11,17,11,,78.0932828176347,140.22645460868327,56.80429295726448,70.34273313142923,168.58888751771934,88.16561605596044,41.306916624452164,262.5792536590264,256.79560634198555
1825,21.420462705619236,18.637513997260896,17,5,21,27,33,7|8,77.8433719331926,270.9473029864848,67.45518717783877,36.03830834157461,68.273363283086,113.05247922160036,53.626429471621385,266.91584958748876,259.0365191662286
1826,21.434411345647625,18.364478782981564,27,6,3,9,53,,77.59648727211889,34.70470066532505,85.64607013409928,106.64256640404355,195.45055819325438,138.0919415133232,65.90901249110212,271.2235572727919,261.2797760015449
1827,21.448360046985876,18.091397549911562,7,0,12,18,14,7|8,77.36182616119052,157.57890189459687,99.39037810928684,51.45798906155221,80.67679089389969,164.33968562513846,78.15166423873632,275.50265745795065,263.52545860762166
1828,21.462347025506574,18.887734488965037,20,2,24,3,40,2|4|7|8,78.06709275570904,312.1281044715704,103.13788395364487,111.30698580957389,257.5535767925673,193.05883554038155,90.47787930227881,279.7190354438688,265.74777340414454
1829,21.476295849633374,18.61482317545773,1,3,7,12,1,3|4|7|8,77.82283343581493,81.36007291317881,84.31037484890673,89.17299726992675,93.34929156813737,225.4454126706681,102.62840140030013,283.94623870125366,267.9996006244589
1830,21.4902447350709,18.34187491398447,11,4,16,22,22,4|7|8,77.58340235143753,204.31054082763234,59.069374511868,36.56121839333001,327.2212980934571,261.9000745062039,114.73750598221848,288.1465143305535,270.25326307914315
1831,21.504193681819405,18.068882765357472,21,5,25,4,42,4,77.33674037778974,328.77165051954836,58.427067774809785,120.72302289386027,105.25403292439748,300.1916412473422,126.81004725261938,292.3205772103786,272.5081987812456
1832,21.518180906423833,18.865280467692855,4,0,10,16,8,,78.05006712984012,123.05244455920115,75.79862167414358,70.90990148532859,358.28374149803784,336.6791979851827,138.9363621580259,296.4391935002652,274.73704078603305
1833,21.532129975963127,18.592448340537203,15,1,19,25,29,7|8,77.80165041567946,251.79218699469385,93.03489236823631,35.2730589995128,117.92553273394329,9.523494224058842,150.94771138062526,300.56087207334684,276.99060515245725
1834,21.546079106814233,18.319556848452777,25,2,2,7,50,,77.55315824766075,14.110856606252955,102.79270149857977,107.14960105947465,17.93830667513919,38.95282256284058,162.9529491901398,304.6550171880095,279.24208687694636
1835,21.56002829897743,18.046592951111847,6,3,11,17,11,7|8,77.31606400896457,140.40604158771495,98.1837912395794,51.979351677364534,130.48424073819098,65.93415944681708,174.9642243509589,308.7218163093073,281.4911177741776
1836,21.57401576967001,18.842979023152907,18,5,23,1,36,3|6|7|8,78.01932297610942,293.94883594900216,71.20315883586694,109.40885559574494,34.81198888474012,91.63292333877284,186.99034494294713,312.74647141187484,283.71550565218286
1837,21.587965084626173,18.570123370063698,29,6,5,11,58,6|7|8,77.77150429082975,62.12920475625947,56.30705421751458,89.73244672415757,144.7081383739588,116.4719119028403,199.02078088963646,316.76908256477435,285.96381163286475
1838,21.601914460895227,18.29718862204905,9,0,14,20,18,6|7|8,77.53161946870284,183.46815270621056,64.30525099658512,36.91610821746922,49.232837090139704,141.60993511985376,211.08243462556592,320.77123312264274,288.21228618198086
1839,21.615863898477443,18.024167410151733,20,1,24,3,40,6|7|8,77.2849299882925,312.2791615937222,82.21108535749862,120.96875542303239,160.67021011272928,168.12777440630802,223.1788962889727,324.75646047870134,290.46218583836423
1840,21.6298516152625,18.820451124318993,3,3,8,14,5,4|6|7|8,77.99737685824257,104.64735568565472,98.89620367802671,71.47329957936438,63.252949604099676,197.3051242536022,235.2455032858078,328.7221688269978,292.69256889197374
1841,21.643801175639815,18.547529927476887,13,4,18,24,26,4|6|7|8,77.75115823121087,232.77406329757343,103.52548081112093,34.593145955094286,182.95629875563102,230.3159119390718,247.40755584595604,332.68370901080016,294.9463057471832
1842,21.65775079733108,18.274539932060804,23,5,27,6,46,3|4|6|7|8,77.50382250005265,353.2470802774166,88.82467034660824,107.65036940284956,75.85592129661778,267.25376513811375,259.6111405767108,336.63539068137345,297.20142871144816
1843,21.67170048033655,18.00147991634634,4,6,10,16,8,2|4|6|7|8,77.26901788223878,123.8488885029042,61.34073670994422,52.504177764646265,226.4716136394973,305.48338177733973,271.8564283437852,340.5785659481992,299.4566692873055
1844,21.685688443218304,18.797684640987256,17,1,21,27,33,6|7|8,77.97572988200925,274.8543480283322,58.125177975183625,107.31647167434622,88.65876993073459,341.47744658895357,284.0813829431475,344.5224998437197,301.6937507611801
1845,21.69963824902096,18.524772688817592,28,2,4,10,55,6|7|8,77.72849186742455,43.060344215827016,72.20021226224776,90.29594641324944,306.7594789823514,13.755043038131554,296.4143999019176,348.45484033690104,303.94729156003154
1846,21.71358811613859,18.251816623274294,8,3,13,19,15,6|7|8,77.48907373683141,163.0710219659797,90.07869653898132,37.28725325677945,100.58101399158812,42.75167807914998,308.77346567843057,352.37988957902314,306.1971719174117
1847,21.727538044571464,17.978813887647988,19,4,23,1,37,6|7|8,77.24135326991616,295.8933714658023,101.49884008822964,121.20427249497605,347.84881007218195,69.4532644539025,321.1505865373275,356.2984704133522,308.443561932166
1848,21.74152625355404,18.775048077893842,1,6,7,13,2,7|8,77.9502720274191,85.54806948166407,100.50475457814255,72.03925964342007,113.16055418327296,95.01339751654085,333.54555615584735,0.23323851880112148,310.672944119281
1849,21.755476304786125,18.502230981374396,12,0,16,22,23,3|7|8,77.70372016655787,213.25627886312964,75.85077002474557,34.003852510583116,10.839499385647118,119.85104290126202,345.95424425204266,4.145847230940957,312.91419250621925
1850,21.769426417334195,18.229335522949953,22,1,25,4,43,,77.45474453791633,333.0979403258381,56.49135932542112,108.14662956247125,125.4743977560096,145.13448669305305,358.3570953979039,8.057149664067861,315.1537401119739
1851,21.7833765911985,17.95641071233146,3,2,9,14,5,,77.21912181160953,107.199524260637,61.4649379320424,53.02941999043747,28.012346929678866,171.9714460878284,10.747994180594837,11.970003044887298,317.39203866435963
1852,21.79736504628593,18.75268959795625,15,4,20,26,30,4|5,77.92597139660563,256.0684208593678,80.81004330969931,105.01221938926159,139.19342112814726,201.64128075454803,23.212471420415593,15.920013020999017,319.6207023708881
1853,21.81131534295143,18.479914296029563,26,5,2,8,51,4,77.67758784951891,23.433810479874005,96.57019360673787,90.85527040855777,43.71036312108603,235.2516773425449,35.57861237808282,19.84649039187955,321.8600040802419
1854,21.825265700933908,18.207061245414423,6,6,11,17,12,4|7|8,77.43959847261465,143.58193210384027,103.36507559764053,37.66431010172657,154.0132099622282,272.5600296565363,47.9163008608447,23.78268026063865,324.0990751044128
1855,21.839216120233594,17.934124722472603,17,0,21,27,34,3|4|7|8,77.19378091069659,278.5252478785067,92.7662402457872,121.41537118315344,57.43560998030593,310.62283911488845,60.22155685281198,27.73092462891557,326.3379304814988
1856,21.853204821429802,18.730349707763793,30,2,6,11,59,3|7|8,77.90349824579795,66.7250448541027,64.29871058374897,72.60585523056379,173.25328273054163,346.1179290718481,72.62294770527555,31.738102846135664,328.5712181057582
1857,21.867155363532625,18.457519422041912,10,3,15,21,20,7|8,77.65867936534507,193.02640535323286,56.699994746207054,33.49923442623063,70.9821207980215,17.885475891562017,84.85748182992414,35.71857450419654,330.8073931733709
1858,21.881105966953378,18.184600196856763,20,4,24,3,40,7|8,77.40895833754456,314.3183726121656,68.70860833427345,108.64069342037168,204.52400965447282,46.51466540919976,97.05046601751242,39.71464491619375,333.03976527533916
1859,21.895056631692295,17.911595689507863,2,5,7,13,3,7|8,77.17116572599357,89.69477176073946,86.90444266581595,53.55682329680273,83.28401058788684,72.9945816374165,109.20322719563767,43.727051488387126,335.2674761958546
1860,21.909045579001113,18.70770805007723,14,0,18,24,27,2|5|7|8,77.87758464197057,237.81037591004932,101.33073111123957,102.50021093127116,277.04043081559206,98.45610173696645,121.41962020694174,47.80766167679416,337.4907316150961
1861,21.922996366545053,18.434823792013418,24,1,1,7,48,7|8,77.62796281363926,2.827477242106287,101.9284164064544,91.41246999628488,95.91817660392043,123.32042100832878,133.48262051804906,51.8536986472489,339.7106989472956
1862,21.936947215407855,18.16187012241062,4,2,10,16,8,3|7|8,77.39057385932932,125.13329488739649,80.73115795679831,38.05014989043687,335.6487045375395,148.76719927549175,145.52116522717156,55.91754934022824,341.926952690177
1863,21.950898125589745,17.88885657310729,16,3,20,26,31,7|8,77.14556495567321,260.25437508154505,57.43655617790033,121.60643462804178,107.84124769765309,175.9167484852134,157.55098352617037,59.999753057495774,344.140489636899
1864,21.964887319014917,18.684923937478857,28,5,4,10,56,4|7|8,77.85469389658415,48.62785741612129,60.70834867879193,73.17259019164405,3.0007725594953527,206.03123005113218,169.6148788464169,64.16096379137116,346.3579324333984
1865,21.978838352003667,18.41208422863363,8,6,13,19,16,4,77.61098411418203,172.27619899373568,77.20521975764534,33.06514160551153,120.58772290068585,240.14164466352102,181.64381024597745,68.28700109389348,348.5699377328726
1866,21.992789446312198,18.13919675479957,19,0,23,2,37,4|6|7|8,77.36306061708446,296.5329803352001,93.98623122868815,109.13159933004839,21.615940880133717,277.6842608561566,193.69447440075578,72.43727622312349,350.78144378730815
1867,22.006740601940717,17.866266960684356,30,1,6,12,60,4|6|7|8,77.12554579158568,71.25582083709558,102.7185501896787,54.08876339124732,133.33121062543097,315.4960580314118,205.77082080655134,76.61493342126772,352.99276357769577
1868,22.02073004148587,18.662388967702043,12,3,17,23,24,3|5|6|7|8,77.83398311297856,219.6372139236821,95.96314790707885,99.77981285862072,38.02156192125519,350.51716406144266,217.83028052250953,80.881792590114,355.21341339625707
1869,22.034681319923042,18.38964184233876,23,4,26,5,45,3|6,77.58330897948886,341.75595114832737,67.96708319487938,91.972162629827,147.91581790372857,21.853448354803717,229.95847390569128,85.11849099731285,357.4229696396175
1870,22.048632659680873,18.116832365596565,3,5,9,14,6,6,77.34358480010042,107.49611122598655,55.844324999470636,38.44486869147494,52.16681098810219,50.19229780231207,242.12467246492335,89.38685525525895,359.6292139350712
1871,22.062584060759576,17.843961461187234,14,6,19,24,28,6,77.09755833371548,242.02752551573954,65.4132856425918,121.77669027264356,164.69468404793545,76.50255254747712,254.33132319156036,93.68571176362666,1.830941266353673
1872,22.076573746428256,18.64010301838539,27,1,3,9,53,6,77.80346369970896,30.604879340285162,85.62865223060368,73.73714784653393,66.01725791405732,101.89644506498476,266.504191387236,98.07271607077807,4.043283275575564
1873,22.09052527031736,18.367360565579247,7,2,12,18,13,6|7|8,77.55945083319295,151.43773539879348,99.46498746493253,32.693639104248895,189.47224581450288,126.798342976515,278.79073421243146,102.42928204616585,6.236609379924873
1874,22.104476855527974,18.094528664938082,17,3,21,27,34,6|7|8,77.31232672145379,278.79257657273763,102.68713779590627,109.61426749249512,78.51238361885687,152.40554751909315,291.11205570891184,106.81359205352489,8.425520697175157
1875,22.11842850206032,17.821615226118894,28,4,4,10,56,2|3|6|7|8,77.07436820919143,52.96011140147431,85.48210569798026,54.62019665810813,243.02667849048535,179.87641333518266,303.4601074991053,111.22523991122941,10.61114606033379
1876,22.132418433855968,18.617668404989956,11,6,16,21,21,4|5|6|7|8,77.78501059987677,201.0388494186129,59.464470461948714,96.83876069706358,91.24325921884997,210.47790528829086,315.80552837493923,115.71512117389469,12.813577206693404
1877,22.1463702032004,18.344854740737617,21,0,25,3,41,4|6,77.53590277004326,321.1877283222655,58.50876988795605,92.5306378285132,319.11445959362084,245.14912172894887,328.2032688530301,120.17631409200344,14.99550036447653
1878,22.16032203386719,18.071953115159488,2,1,7,13,3,4|7|8,77.29761512093098,89.87365668188627,73.58683246746013,38.85027360074268,103.15274888761675,282.96227523750053,340.6021584094115,124.66330261105985,17.17660060401638
1879,22.174273925856532,17.798979614475968,13,2,17,23,25,7|8,77.05506871662796,224.48554905311235,91.16226505748797,121.92635486748067,353.424357675734,320.5363858805744,352.9927434196588,129.17582767730192,19.357072959943626
1880,22.188264103782497,18.594928175004952,25,4,1,7,49,,77.76096468371772,11.647306832005972,102.9449957914887,74.307622537159,115.78078626539151,355.0825532371277,5.432678605042808,133.75496258047403,21.56106816326008
1881,22.20221611858558,18.32208793683489,5,5,10,16,9,7|8,77.51715152636493,131.11971392143693,98.61293702635085,32.393479703609074,14.792539051979885,25.96016671164595,17.804952703125092,138.31661154702016,23.74082837152478
1882,22.21616819471182,18.04918748013489,16,6,20,26,31,3|7|8,77.26869418381266,260.5187635435799,72.32186350818209,110.09762815578489,128.22219201180545,53.95516991790877,30.152805888740332,142.904519361489,25.917943369222595
1883,22.230120332161434,17.77624217750585,27,0,3,9,54,7|8,77.02702485310937,35.91293802101376,55.620976511549436,55.15439862476973,31.37951210135962,80.0364604205536,42.477017680521946,147.5172606915,28.091708831298735
1884,22.24411075622096,18.57218593097312,9,2,14,20,18,5|7|8,77.73534341346591,181.61077778238172,64.31432004328337,93.69868214907548,142.2074840332611,105.30810543976006,54.89505707794831,152.17935673808586,30.288405303229393
1885,22.258063016485902,18.299422171933088,19,3,23,2,38,7|8,77.48430760055288,301.5590262638449,82.17611695336389,93.08396498821348,46.7590151150752,130.2125243196533,67.16065160361622,156.8308030558014,32.453390216606664
1886,22.272015338074794,18.026613151194823,30,4,6,12,60,7|8,77.2447479689467,71.45544465489891,97.30336575890175,39.25811688584823,157.62684754221556,155.97622113405149,79.3866363106506,161.4989100135407,34.61399223944599
1887,22.285967720987834,17.753761808387708,11,5,16,22,22,7|8,77.00275867694404,207.73179155091194,102.85283043712857,122.04324921723455,60.26649621359939,183.79756904378073,91.57043031146812,166.18052387546254,36.77023837812644
1888,22.299958391184074,18.549765715214306,23,0,27,6,46,3|4|7|8,77.70870910606844,351.4684037068794,89.42307369928766,74.87353971961049,178.4108909711505,214.9396595083786,103.83274426911782,170.88120080134863,38.95375291641764
1889,22.313910896913995,18.277075273252024,3,1,9,15,6,4,77.4660226336672,111.78795459512378,61.79775024821166,32.14259023582958,73.66562875621462,250.22285361277912,115.92802733981814,175.57433223685055,41.10476382970421
1890,22.327863463968633,18.004317350098916,14,2,19,24,28,2|4|7|8,77.22085932800879,241.8866604072405,56.785232653284666,110.5728448010245,215.7249887593858,288.31312698047765,127.98955533868138,180.2705324539536,43.25410513949244
1891,22.34181609234817,17.731489343011674,26,3,2,8,51,,76.98109549052677,19.79721892392298,70.02713118376273,55.69231382338445,85.88855322851988,325.61744362540287,140.02612820384195,184.96601519757493,45.40313161186217
1892,22.355807008684177,18.52747199855736,7,5,13,18,14,5|7|8,77.69179507375995,161.180792985952,90.07703372095995,90.3874781130379,294.79745311160815,359.65484228629515,152.10820069881376,189.6515643952917,47.58521672296756
1893,22.369759759882097,18.254748240365302,18,6,22,27,35,7|8,77.44190428611105,282.5555257520218,101.61481604413791,93.6413233106682,98.48449846508859,30.047103455440872,164.1090058425559,194.33669687105555,49.73393829416698
1894,22.38371257240547,17.9819384872805,28,0,4,10,56,7|8,77.20069115442276,52.465629945754465,100.48863450581399,39.67801576316921,342.78488429149155,57.69025994261897,176.11857423392576,199.01631003683394,51.88173351045342
1895,22.397665446254486,17.70904637711766,10,1,15,21,20,3|6|7|8,76.95706321811606,191.37674285638766,77.10535011730276,122.14025811911667,110.4274119342298,83.5527373883622,188.14802889397055,203.6897090714314,54.027071906375724
1896,22.411656608733214,18.50491793766497,22,3,25,4,43,6,77.66108364517724,330.6518096195947,56.78371079576433,75.44077475577669,7.418135412552428,108.73099843006479,200.1813000695329,208.33230941136623,56.204261503550434
1897,22.425609605402055,18.232123927957645,2,4,7,13,3,6|7|8,77.41640516317084,93.16757244234566,61.49317285883545,31.943386433318764,123.27212102653229,133.6828775247439,212.2532584881563,212.9833544616572,58.34287430600454
1898,22.43956266339707,17.959256949263533,13,5,17,23,25,6|7|8,77.17201743429034,223.42007999852194,78.61168046769414,111.04274949506619,25.159848234425933,159.65627355370765,224.36410702358086,217.6213983714029,60.47744595919733
1899,22.45351578271843,17.68632555070684,24,6,1,7,48,6,76.93080932045002,3.3250834505001636,94.86601441880904,56.22981809999906,136.23138199383263,187.88083851380256,236.5135533104784,222.2428930518725,62.60843533692045
1900,22.46746896336631,17.413332847483048,5,0,10,16,9,4|5|6|7|8,76.68787270580036,128.17648486440882,102.48585710818219,87.44732515769469,40.451616325505285,219.67581152579768,248.70120116027303,226.84530496199716,64.73615466732197
1901,22.481422205340888,17.140287223852596,15,1,19,25,30,3|4|6|7|8,76.43983695949622,250.91537941214858,93.4399379459425,92.97141165093622,150.70345981771123,255.58201315821378,260.9250419308737,231.4257543942797,66.86134517753493
1902,22.495375508642326,16.867201912954783,26,2,2,8,51,3|4|6|7|8,76.1982578147546,19.693037580235565,65.2397225837905,38.93989007522762,54.37909349677794,293.75682612979756,273.1830455140182,235.9802714035064,68.98557355659668
1903,22.50932887327079,16.59407665656056,8,3,13,18,15,6|7|8,75.95780225803286,161.26428634566258,54.405224755427014,121.19893208628882,168.62225580854502,330.53934256223545,285.4742486555902,240.50628218549122,71.10983214093847
1904,22.52332052787496,17.390725647464848,19,5,23,2,37,6|7|8,76.6633366072553,298.0773070644522,66.60878226369331,74.7822445209949,68.07845888391051,3.9141640152349306,297.74738869198967,244.96211188781572,73.27190806920571
1905,22.537274015326016,17.11776887715871,29,6,5,11,58,6|7|8,76.41728183865379,61.37212807812291,84.8370192491297,30.877272711035133,197.08555550979352,33.76521975438335,310.1016998319331,249.42492780207962,75.39809970060112
1906,22.551227564104597,16.84477044167116,10,0,15,21,20,6|7|8,76.17331527399313,191.2247438576945,98.40825079420975,110.32536742568362,80.4790517965019,61.05700773429974,322.4669714916833,253.85587636844474,77.5250622655533
1907,22.56518117421087,16.571719665274998,22,1,25,4,43,2,75.92979631584399,332.26879604959214,100.95321063839083,55.55528409337066,262.3043816625597,86.740673295502,334.8358795579928,258.2556681219706,79.6518334365607
1908,22.579173074966043,17.368410827186352,3,3,9,14,6,3|5|7|8,76.63890250020687,107.71921692708793,81.96417706882686,83.8974589368627,93.17469965318178,111.8939348801753,347.2371420814218,262.58520998390753,81.81437493953217
1909,22.593126807896212,17.09549289547803,13,4,18,24,26,,76.39198240409172,231.34094437332072,57.354710213643564,93.52409871112536,328.47049523905184,136.98736056372945,359.61478483182833,266.92622292115783,83.93772016307786
1910,22.607080602154547,16.822506367051403,24,5,1,6,48,,76.14964279881578,3.3551726888148425,57.40506679289464,39.36899901560487,105.10790648353046,163.28895364251804,11.978241063108424,271.2384197501131,86.05877323390601
1911,22.62103445774121,16.549441060693965,6,6,11,17,12,4|7|8,75.90972914029577,143.08207570701455,72.81548050911452,121.24697691310979,357.7641555006992,192.05089491478228,24.323412948759394,275.5222306611442,88.1773863760591
1912,22.63502660464996,17.346077947576532,17,1,21,27,34,4|7|8,76.61569473456044,277.88276716529805,92.17166523660025,75.35162394853288,117.81578560181165,224.43684426962122,36.756468150917804,279.7427082505963,90.3296438540578
1913,22.64898058306177,17.073105978746554,28,2,4,9,55,4|7|8,76.36977678723235,41.343871983106,101.65898150719237,30.754582505169683,17.87126949463957,260.8225913845917,49.06753651314918,283.9723629688492,92.44370804651291
1914,22.66293462280237,16.800056473369494,9,3,14,19,17,4|7|8,76.12771475413294,175.25838515434825,96.32919644205148,110.78965388583933,130.44029392811734,298.9879925952443,61.34983850637064,288.1734292873481,94.55714906454509
1915,22.676888723871915,16.5269271181175,20,4,24,3,40,3,75.88549749095252,313.34720824702913,69.41451581418556,56.09914897600625,33.94303146044729,335.3145616495289,73.60232219473714,292.3456493320425,96.67101626801843
1916,22.690881116936705,17.32345747100723,1,6,7,13,2,5|7|8,76.59364705760174,88.00216985527825,54.99236591142927,80.2568058741304,144.7735643274919,8.172657053670074,85.95268505900829,296.461256238717,98.8210803897236
1917,22.704835340832606,17.050437648292075,12,0,16,22,23,,76.34620615053824,211.5120482661926,63.419297942970644,94.0765808599882,49.03598438078262,37.61254761430325,98.13843265916515,300.57687749936014,100.93825300098585
1918,22.71878962605789,16.777358774665686,23,1,27,5,46,7|8,76.10153806451589,347.9163608799369,81.40759125136994,39.80361454076347,160.95753652625064,64.64088475603273,110.2909076415846,304.6637656619186,103.05767994121061
1919,22.732743972612703,16.5042236707678,4,2,10,15,8,7|8,75.85889609229564,123.33875262820376,96.31265691001198,121.26033281250993,62.379009442483955,90.19232081893142,122.4119949299272,308.72374827612424,105.17869386000548
1920,22.74673661183591,17.300713892955002,16,4,20,26,31,7|8,76.56451594763116,258.07483590661826,102.14796403520847,75.91765286732853,183.8995000459931,115.33391448540064,134.59021479906428,312.74297844065427,107.33284688272461
1921,22.76069108121824,17.027741342854853,26,5,2,8,51,3|7|8,76.3174352314742,21.49127714013505,86.56567047707433,30.669457397125505,75.67477780084407,140.55194697884608,146.6450894732015,316.76004328318885,109.45339353438115
1922,22.774645611930527,16.754728143614983,8,6,13,18,15,2|7|8,76.07636341765593,160.12660831464058,59.44587918742114,111.24370939733946,229.99394462935382,167.12942752712271,158.69217331761882,320.75781681733554,111.57317138465082
1923,22.788600203972905,16.481671906053435,19,0,23,1,37,4|7|8,75.8356171981289,293.5156391074016,55.56943902821401,56.64142798581455,87.8389630691963,196.32310664345343,170.7465994297653,324.73919381002014,113.69154993498778
1924,22.802593089356808,17.278214364943153,30,2,6,11,59,4|5|7|8,76.5441363344574,68.46295385485251,71.3848783180326,76.55943413733903,309.25476563624636,229.21280933882082,182.82232582187842,328.7030214496739,115.83816937504395
1925,22.816547804227813,17.005330093930638,10,3,15,21,20,4|6|7|8,76.29961676235848,191.98096860296891,89.23535468157444,94.6275292969915,100.42516205400032,265.94149882233614,194.89883602768734,332.6617262043058,117.95291898309452
1926,22.830502580429318,16.732388610013345,22,4,25,4,43,4|6,76.05754992398207,332.29611230115563,100.431614042656,40.24876222647945,348.26832897811636,303.97602322508783,207.00392335234085,336.610191325269,120.06712011693197
1927,22.844457417961458,16.459382538289532,3,5,8,14,5,6|7|8,75.81585791589511,103.21874782970842,98.43482539560564,121.24356535970243,112.4242478595687,339.83277634907597,219.13967498461759,340.54948028487496,122.18187079116649
1928,22.858450549508238,17.255940803738213,14,0,18,24,27,3|6|7|8,76.5232811358583,238.38678341814523,73.51214917613555,76.48956513893269,10.824294232817374,12.231818462706505,231.24432049130456,344.48903785524874,124.32535515844661
1929,22.872405509870067,16.983058449953063,24,1,1,6,48,6,76.27399264047736,2.843703883709031,55.040932316062936,30.629818745848706,125.39479512485335,41.336723641391394,243.4363954523657,348.413870713899,126.44403291482595
1930,22.886360531562925,16.71009237122132,6,2,11,17,12,6|7|8,76.03078625564505,144.31704959730004,60.53184831657339,111.69663346542546,27.885670878872123,68.16472873494224,255.66315949519276,352.3302353334214,128.56631437651325
1931,22.900315614586926,16.437042484961466,17,3,21,27,33,6|7|8,75.787464582238,273.422384332198,77.85151278730308,57.18500297781964,138.6223775412914,93.62729710977122,267.923040748719,356.2393382257796,130.69180937244258
1932,22.91430899229866,17.233515722525283,28,5,4,10,56,5|6|7|8,76.49255562985441,48.434590191663276,95.65901297769618,72.85257371989492,43.551390819517124,118.77800727451456,280.1487423556468,0.16571474890025123,132.84269723097077
1933,22.92826419815337,16.960566021013136,9,6,14,19,17,6|7|8,76.24783286102813,173.7772658193893,102.08697734623497,95.17335339610024,154.1916647921563,144.1245691588936,292.4741195464229,4.069666667518991,134.97132695180795
1934,22.9422194653396,16.687534174601666,20,0,24,3,40,3|6,76.00538392821798,315.6790272318231,90.64466303651396,40.694000867856516,57.247826827915596,170.97621645870217,304.82074715536106,7.973313725763177,137.10088024287626
1935,22.956174793857475,16.414429429930067,1,1,7,12,2,3|4|6|7|8,75.76350286474666,83.58630636755676,62.39389706963336,121.18168303481983,173.4446840230995,200.61684486794246,317.18140403087483,11.879674108506991,139.23056932327407
1936,22.97016841773615,17.210805639137675,12,3,17,23,24,4,76.47274610303054,218.33333170436407,55.54575368656307,77.05732504051176,70.78767383175004,234.05209621279855,329.55167923818345,15.825630604936547,141.379249034499
1937,22.984123869085696,16.93783432768481,23,4,26,5,45,4,76.22492527607476,345.6614456713955,67.87283504590243,30.624105937057234,206.65510040975272,271.16349436945796,341.9378776269939,19.748139886442107,143.50737459995406
1938,22.998079381767237,16.664806340391408,5,5,10,16,9,4|7|8,75.98434393766345,126.76267198401517,86.08138706444682,112.14237251713381,83.09941290585932,309.0927146319967,354.31410875199026,23.681523742400913,145.63569159540333
1939,23.012034955780884,16.391732294778024,15,6,20,25,30,2|7|8,75.74415489486054,253.72480277297967,98.84011367867146,57.7344785301042,281.21922058678797,344.49822713968445,6.672838108905853,27.62752363598966,147.76515660064084
1940,23.02602882582839,17.188107646015084,26,1,3,8,52,5|7|8,76.4494784952962,27.92774098932267,100.3528881877779,69.21565002168006,95.74795551067962,16.439204701425393,19.096776445694452,31.632341992266593,149.91145888821842
1941,23.039984522674633,16.91521156081916,7,2,12,18,14,3,76.20498858319917,157.37340818004913,78.35765338134179,95.72311439401756,336.5443034969786,45.17902305023984,31.42425943643004,35.608740778869645,152.04582018481503
1942,23.053940280853315,16.64226965006833,19,3,23,2,37,7|8,75.96067276915164,297.65238483268047,55.82782118042657,41.14865567136141,107.68979227882713,71.75452318131885,43.72689852079369,39.599373484834835,154.1847846233959
1943,23.067896100364553,16.36928393505005,30,4,5,11,59,7|8,75.71591598874008,64.31006561816893,58.00716352073474,121.08589749976561,2.4233840166688716,97.06973201740603,56.00423305349174,43.60474071988346,156.32825975696917
1944,23.081890216582682,17.165716818538073,11,6,15,21,21,7|8,76.42411047973361,197.77527571233654,76.402965067593,77.62552790365328,120.48133090894805,122.18234839025602,68.3813474653754,47.67855125889562,158.48624986814974
1945,23.09584615892738,16.89288782762503,22,0,25,4,43,,76.17543641644792,329.584903789595,93.10508199964104,30.6498747933524,21.51847742701094,147.63138755977099,80.59721130688551,51.71706735643094,160.63652264381426
1946,23.10980216260495,16.61998890043489,3,1,9,14,6,7|8,75.93367011494979,107.82606617422161,101.53097384360805,112.57953586661012,133.2985877723824,174.76184224802373,92.77661191121528,55.77374918519319,162.7895384820774
1947,23.12375822761549,16.34702120213791,14,2,18,24,27,3|4|7|8,75.69397740293562,234.48022300335262,94.00629277931776,58.28152944773571,37.13843452801541,204.88642611205714,104.9202518914697,59.85012369292458,164.94465353711624
1948,23.137752590005938,17.143432118093983,25,4,1,7,49,3|4|5,76.39827524300833,7.567219930049582,65.79671964323215,65.65166135274907,148.00979414225043,238.9188859918581,117.13697551416182,64.006469736886,167.10608546607602
1949,23.151708777850764,16.870568546691743,6,5,11,17,11,4|7|8,76.15479268171245,141.89753681223908,54.5858112928839,96.2675995777546,51.97753531201916,276.43804900508206,129.20647590148008,68.12932416698202,169.26177102241093
1950,23.165665027028858,16.597617265184624,17,6,21,27,34,4|7|8,75.91354429285049,278.41644702416954,64.55012375482244,41.60916154762049,165.09777626376913,314.2536807172941,141.25508531724049,72.27860336321191,171.41811605763297
1951,23.17962133754032,16.324588394212242,28,0,4,10,55,7|8,75.66930283343648,44.83583143127362,82.73871208015902,120.94262656328286,65.14619659506404,349.19572847330824,153.29190110821628,76.4563826910161,173.57531661851004
1952,23.19361594610469,17.12089372460784,9,2,14,20,17,7|8,76.37893059547828,177.43018371844946,98.49351987079042,78.19524449325381,190.78959052072213,20.656756090731204,165.36338662750495,80.72486527109776,175.73522111237537
1953,23.207572379451207,16.84796426361433,20,3,24,3,40,,76.12965083162565,313.8871681376441,101.24124781893839,30.709805469086408,78.31540579722176,49.011435677319916,177.39067206985763,84.96346279121472,177.8969532559883
1954,23.221528874131376,16.574960791420125,2,4,7,13,3,2|3|6,75.88564648252013,88.63684567896495,83.15383498199402,113.01141791008469,247.31570760508188,75.33226787891824,189.4381548377398,89.23272135609366,180.06302720900317
1955,23.23548543014528,16.301899062028923,12,5,17,22,24,6,75.64593379285425,215.00590563809703,57.41428766233667,58.83029781195711,90.42155388152985,100.521150757257,201.51402682224975,93.5319144684915,182.2342102851114
1956,23.249480284885067,17.098130926473516,23,0,27,5,46,5|6,76.34926633001518,347.982575854584,57.48116145340448,62.23027413958556,320.8161984266244,125.63183714079578,213.5784362668923,97.91743016525587,184.40598908988355
1957,23.26343696373476,16.825216002863556,5,1,10,16,9,6|7|8,76.10555103209816,125.88487944477977,72.77320847463723,96.80987302763536,103.00264291877595,151.23630442006322,225.7083634200894,102.27216868045457,186.5852652560596
1958,23.27739370391845,16.552254420638405,16,2,20,26,31,6|7|8,75.86591903317026,258.9924498083775,90.30670184838746,42.073579964140784,353.6805644301758,178.70720127008315,237.876185296613,106.6546024480797,188.76833103435675
1959,23.291350505436185,16.279256064446486,26,3,2,8,52,4|6|7|8,75.62042108284197,24.834776764808655,100.53750074386505,120.75215577019115,115.05718895390383,209.36569643700528,250.08016625923548,111.06354605182841,190.95409771686792
1960,23.30534560635283,17.07552048875928,7,5,12,18,14,4|6,76.33131547847856,158.42121997521102,96.77545046173415,78.76435148217656,14.752588528225653,243.989543292134,262.24268137718855,115.55055659632538,193.1329139544766
1961,23.31930253070709,16.802697357864673,19,6,23,2,37,3|4|6|7|8,76.08357123477946,297.5773476416894,70.01999805608122,30.79999396983329,128.169510045435,281.8067436382651,274.51257347581014,120.01055026350645,195.32065381500473
1962,23.33325951639563,16.529826041637136,30,0,6,11,59,6|7|8,75.84040848530584,69.80989493163516,54.24393896327759,113.4378580944363,31.234480916778846,319.3591443885321,286.8141616430376,124.49739695189012,197.50864423189586
1963,23.347216563418613,16.25690512052671,10,1,15,21,20,6|7|8,75.60202575979505,194.67662182211393,61.48879893513287,59.38313694388308,141.69313991542793,353.7501141595794,299.14241756265096,129.01217229229945,199.69717855709888
1964,23.36121191051336,17.053210391688708,22,3,25,4,43,5|6|7|8,76.30416967963386,329.59511848736827,81.37778282316602,58.97997475405811,46.57028735372756,24.711087693916927,311.46441228101634,133.59473747502525,201.87392097120048
1965,23.37516908037344,16.780421399897165,3,4,9,14,6,6|7|8,76.05836301042574,108.5762190898438,96.36950827496936,97.35182465865594,157.86663696044377,52.69638453419847,323.8409123312381,138.16221810798493,204.0650950526647
1966,23.389126311568134,16.507557773039565,14,5,19,24,28,7|8,75.81720697161595,240.27741585871965,101.5199973002091,42.541501870746,60.07036296524422,78.79169760339673,336.2183418674789,142.75702022698746,206.2599670429662
1967,23.403083604097503,16.234619119453555,25,6,1,6,49,3,75.56924062619571,4.277490478185474,87.57899610605934,120.50754846452548,178.81119733749014,103.88963321888815,348.5907448932953,147.376200216738,208.459303992137
1968,23.417079197371606,17.03086260059669,6,1,11,17,11,7|8,76.27935626193803,140.9829573758589,59.8975378212774,79.33023404926362,73.48204127249535,129.0458990896186,1.0115882293731338,152.0428904924427,210.64628218104048
1969,23.431036612738694,16.758013278319567,17,2,21,27,34,2|7|8,76.03253341047062,279.83575146037197,55.67998178194489,30.912374943467906,218.58354712372895,154.85892617985508,13.375243775229556,156.69949081910082,212.85421060959538
1970,23.44499408944074,16.485083069105855,28,3,4,10,56,7|8,75.7894132766857,51.23480301991226,69.19947553514162,113.85342697092267,85.71024071105187,182.72231817222098,25.717863291368545,161.37164586366546,215.06604657647523
1971,23.45895162747769,16.21207853755817,9,4,14,19,17,4|7|8,75.55267191731058,173.66387669040395,87.27169167682344,59.93499661970912,297.8986430817878,213.9460778096375,38.03624529283051,166.05656850906107,217.28119811028034
1972,23.472947466932283,17.008210830723897,20,6,24,3,40,4|5,76.25645790958228,312.47028191014067,100.55229168249686,55.916935665758096,98.32244898656049,249.12142486528788,50.4490730269825,170.75897586287545,219.47872014133563
1973,23.486905127807404,16.73531361565503,2,0,7,13,3,4|7|8,76.01253043265993,90.33562488341532,98.8071246928813,97.89356242043586,343.36851459245094,287.10672885574456,62.71975483359173,175.4544146710125,221.69707726312453
1974,23.500862850017768,16.462357866161028,13,1,17,23,25,3,75.77417280839825,221.99170598206612,74.73846444232086,43.01935014791638,110.2956964990526,324.3001978111065,74.95931523915026,180.15314846533906,223.91590930535025
1975,23.514820633563374,16.189351416742483,23,2,26,5,45,7|8,75.52700133099779,343.40820367547747,54.58768096957762,120.21402182251701,6.7276433959281,358.1494757949963,87.16710037755604,184.8525303232814,226.1349566441881
1976,23.528816719199426,16.985446416870587,5,4,10,16,9,7|8,76.23597094826854,124.31065629556618,60.564868858941104,79.90107587584883,123.18011709813275,28.665301471916308,99.46750524471253,189.54246620098095,228.33100925235368
1977,23.54277462558366,16.71260266276198,16,5,20,26,31,7|8,75.98821511317007,261.02648391146477,77.81252554017733,31.05369511144113,25.039445786733086,56.3399842555029,111.60837173101433,194.23561481888464,230.55107994204272
1978,23.556732593303366,16.4397209917378,27,6,3,9,53,7|8,75.74104524471313,32.57798707538548,93.96523221830005,114.26417544918674,136.21025753751465,82.26088549785959,123.72052504486514,198.92524879243555,232.7734646283067
1979,23.570690622358484,16.166798272700674,7,0,12,18,13,,75.50205015336762,152.8895287131599,101.25151334425986,60.48655551600404,40.292023150862875,107.31312855170289,135.8092075064777,203.60946058210538,234.9990809093073
1980,23.584686954177016,16.962948116569322,19,2,23,1,37,3|5|7|8,76.20464350123325,296.0252901455759,91.1866656505756,53.04826266931663,151.3767903265093,132.54685861859284,147.94302328394042,208.2626315270767,237.20388233844403
1981,23.598645106071274,16.690194858511944,30,3,6,12,60,3|7|8,75.95903890280637,71.94299124653534,62.90284992307418,98.4280794460117,54.88214119151592,158.59065372717146,159.98470716619875,212.92462795848965,239.43750323715466
1982,23.612603319301115,16.417387358488043,11,4,16,21,22,7|8,75.72231447315843,203.18314372474262,54.39913302849442,43.49587672859466,169.5814329027967,186.84975690264997,172.0329670520819,217.57223809327596,241.6748515411371
1983,23.626561593866654,16.144513023962816,21,5,25,3,42,4|7|8,75.47531323924048,322.8555881585455,65.76012179420707,119.84895670985026,67.88035613608686,218.5938467403607,184.10057709624058,222.2024814801514,243.91589613661662
1984,23.64055817186835,16.940672459838964,3,0,9,14,6,4|6|7|8,76.18524392808887,107.42445988046228,86.06686769906638,80.46821924670174,198.96607292420302,254.20177663145975,196.17575506351778,226.77717563179124,246.13275864417582
1985,23.654516569273426,16.66791599107617,14,1,19,24,28,4|6|7|8,75.9412131059578,242.54471107516267,98.93314830450755,31.219675550318037,80.94819856078165,292.210138928254,208.2837974469036,231.3599288321596,248.37734362154606
1986,23.668475028014257,16.395080368170227,25,2,2,7,50,2|6|7|8,75.69586446202877,13.370095046166139,100.10805703708112,114.6668102478118,266.42105315932935,328.98739122432585,220.4260678014694,235.91532534062102,250.6220570071394
1987,23.682433548090955,16.12215738849835,5,3,10,16,10,3|6|7|8,75.45912629881165,133.01526935180541,79.61040674318198,61.04387686643496,93.00451080183623,2.32771621593546,232.60226312618045,240.44059567365767,252.86562603541225
1988,23.69643037227661,16.918223251421352,17,5,21,27,34,5|6|7|8,76.16291966235026,279.06396153789683,56.168207765960894,50.41592497627761,330.17363399816173,32.46263287779453,244.74144738752926,244.89574684946413,255.08139347355507
1989,23.710389015193186,16.64539598818652,29,6,5,10,57,6|7|8,75.9146009310569,53.90086409622292,58.06401534206802,98.96596702719535,105.57735575350877,59.893236701930235,256.9814258748218,249.35891475916725,257.3234188907339
1990,23.72434771944569,16.372493270239545,9,0,14,20,18,6|7|8,75.67698619150627,183.27415720738983,74.18866943639135,43.97959867091646,358.6494312605287,85.69382053727384,269.253602919424,253.79128961208784,259.56529341995764
1991,23.73830648503423,16.099514243387887,19,1,23,2,38,6,75.42767805171792,303.29549515950015,91.30178530969941,119.42343561298061,117.70564892839195,110.73126859013443,281.5560793345788,258.1947775845495,261.8088427999489
1992,23.752303555404467,16.89548155440815,2,3,7,13,3,6|7|8,76.13576821569458,89.86350900398992,101.70480137475151,81.03453725202395,18.520191773229225,136.0562570412171,293.8315128103121,262.5290841961595,264.02761144342605
1993,23.766262443833114,16.62263751481555,13,4,17,23,25,6,75.8920595756014,225.06763895534093,94.4856352133324,31.40353591941525,130.98698291926328,162.3311051943357,306.18966727957604,266.8753737745548,266.27573690984036
1994,23.780221393597856,16.34974339304611,24,5,27,6,47,3|4|6,75.64574054444121,353.19684061210194,66.71470706131785,115.05890946431616,34.488528095929745,190.98450826186615,318.56086411207144,271.1935340028673,268.5265983461893
1995,23.794180404698807,16.0767986779789,4,6,9,15,7,4|7|8,75.40809160358936,114.00464787233156,53.68879317613961,61.59793426129913,144.85030939257953,223.2633089414028,330.93611817965785,275.4827942294045,270.7795404224302
1996,23.80817772125414,16.872771006409295,16,1,20,26,31,4|5|7|8,76.11314348373294,260.88766650272464,64.54160268838453,47.978247057749286,49.54771789510376,259.333931184529,343.3373488768862,279.70828509903356,273.00898912854643
1997,23.822136855195424,16.600011109221697,27,2,3,9,54,4|7|8,75.86591372255064,36.407386197103285,82.70887033507407,99.49923763339004,161.7831014106998,297.39229283505136,355.72059532236796,283.9416059181103,275.26512605138265
1998,23.836096050472918,16.327207842556987,8,3,13,18,15,,75.63066715141483,162.5732997579331,96.99210488069792,44.46822322510003,62.8676515115985,333.7847597720529,8.085082334472826,288.1441897505846,277.52022366237674
1999,23.85005530708662,16.0543523591231,18,4,22,1,35,7|8,75.38309237273583,284.778183085262,100.7501382859181,118.92342127183962,184.995900329553,6.641869435820853,20.424323278828837,292.3164225177088,279.7738408300641
2000,23.86405286982756,16.85038361349632,30,6,6,12,60,3|7|8,76.0897895068678,71.73335522596926,83.78515002273333,81.60298471023867,76.1406707453414,36.39368284519108,32.84150106176028,296.4305769673093,282.0012346088231
2001,23.87801224928188,16.57769258086961,12,0,16,22,23,2,75.84567052185044,207.92162830828275,57.81780714151261,31.609593204090285,233.54726279435548,63.54620398213793,45.1380804023568,300.543505902135,284.24991969098716
2002,23.891971690072523,16.304929858529476,22,1,25,4,43,7|8,75.5977560629373,332.2317258782216,55.99185765383057,115.44354549206722,88.2982574736247,89.17111811769703,57.40753651124435,304.62819046397897,286.49673254035423
2003,23.905931192199432,16.032086715330394,2,2,8,13,4,7|8,75.35847551628932,95.44862584286648,70.57037126609454,62.15326612423087,311.4886203296186,114.14135498793826,69.64946058999747,308.6865548273526,288.74224904475597
2004,23.91992900112632,16.828088667216207,14,4,19,24,28,7|8,76.06420208021743,242.2596268475028,90.31314605188368,45.7535357294422,100.89828225066545,139.51569567743712,81.98896358534442,312.7053456044558,290.9668257781481
2005,23.933888626094017,16.555358924697032,26,5,2,8,51,7|8,75.81667204840366,19.062198618969497,100.67283072694845,100.03036005230844,349.29132775024357,166.00273217323516,94.16313212457668,316.72255871059684,293.21379743699094
2006,23.947848312398037,16.282539290296654,6,6,11,17,12,4|7|8,75.58147432700481,141.74925477354205,97.00035815821667,44.95876337193407,112.91609435612405,195.06501967331516,106.30380207805474,320.72097979078774,295.46142849140665
2007,23.961808060038436,16.00963011764182,16,0,20,26,32,3|4|7|8,75.33508993005971,266.4772528508589,71.1684543625861,118.34215468753987,10.80364686126456,227.92019261432964,118.4122497282566,324.70354774371344,297.71056706231155
2008,23.9758061151515,16.80552032728494,29,2,5,10,57,4|7|8,76.04138970707844,53.52099852510912,54.484911633404785,82.17066829038701,125.92044655036663,264.488081741005,130.58414873764502,328.6689887869967,299.9434248705885
2009,23.989765985632744,16.532723663496085,10,3,15,20,20,4|7|8,75.79999109813976,190.07546468148803,61.5006488388186,31.837334672847874,28.4657708921708,302.60390979465797,142.63149660774226,332.6282861182031,302.1948121845372
2010,24.003725917450424,16.25985169356281,20,4,24,3,40,,75.55305398404232,311.3422219670925,79.20721856816785,115.81987796460949,139.21760801752103,338.61853200839397,154.66744869136497,336.5762919747277,304.44564498804283
2011,24.017685910604484,15.986911664469034,1,5,6,12,1,7|8,75.31279379235804,76.91093529809503,94.74599416197098,62.71229394194384,43.362202357531686,10.989848310216402,166.70298221080327,340.51330635475495,306.6943086914836
2012,24.031684211903837,16.782731686045082,13,0,17,23,25,7|8,76.0183717663925,224.52679026508093,101.75583836696379,43.73358052035812,154.9112587166132,40.33877322236007,178.75962764967883,344.44879976421333,308.926129189614
2013,24.0456443278988,16.509955177717217,24,1,1,6,48,3|6,75.76767210331307,0.9396047944959737,88.15600502185728,100.55909850434914,57.73076497966713,67.19945656214456,190.80561091047588,348.36762032797407,311.16901594063194
2014,24.059604505230197,16.237129143636906,4,2,10,15,8,3|6|7|8,75.5307822377714,121.30754507867975,60.31959624070815,45.45131186174371,174.4958133530459,92.65893775238158,202.8796864425551,352.27719394875294,313.4080542278991
2015,24.073564743897975,15.96425890362761,15,3,19,25,29,6|7|8,75.28402868879829,247.54510178012097,54.40286903239627,117.66885339418904,70.59779119050522,117.58959477812246,214.98832169795966,356.17933492880667,315.64433779055247
2016,24.08756329138373,16.760119694978556,27,5,3,9,54,6|7|8,75.98914805266216,36.07212341980479,69.16669432722459,82.73495855643652,208.98733135075187,143.05959496001157,227.07243307465592,0.09977042332050266,317.86970275740737
2017,24.10152365289241,16.487439901988154,8,6,13,19,16,6|7|8,75.74942238201419,171.0947922964244,87.2606710276803,32.078798468290444,83.57332951824104,169.82339291329387,239.24240555060317,3.9984449278662924,320.10394817418324
2018,24.115484075737527,16.214703993643838,18,0,22,1,36,2|4|6,75.50377899111189,291.310315817168,99.26290265754226,116.18321936648827,284.97213838258955,199.36016856972364,251.44990152980986,7.897928138632413,322.3378621201398
2019,24.129444559919023,15.94191187726014,29,1,5,10,58,4|6|7|8,75.26391082435192,58.023326504778446,98.73507339622529,63.27071696828725,95.58427493887292,232.817557412966,263.6894136082689,11.801534366385228,324.5719173508588
2020,24.143443353591124,16.73781338404018,11,3,16,22,22,3|4|6,75.97283077805609,207.96891248347822,75.37459717378346,41.9108910752149,337.9241097872328,269.81602424207495,275.8902312164161,15.746126554353156,326.80164501844433
2021,24.15740396061352,16.465165003185405,23,4,26,5,45,4|6|7|8,75.72360565334051,341.37071419214544,54.88129478740123,101.0879511348346,108.17340099418476,307.8418429753601,288.19383801357276,19.667998466400846,329.03714843114545
2022,24.171364628972242,16.192430445441886,3,5,8,14,5,6|7|8,75.4883830567272,101.46616307241737,58.79374047136112,45.953245980877455,3.1960046881427773,343.35753883458506,300.52259952554914,23.601390593083597,331.2716085246761
2023,24.1853253586674,15.919615312696152,13,6,18,23,26,6|7|8,75.24258540938605,228.10767176070138,75.606339147592,116.91070001789245,120.38916052373455,15.191441502643976,312.8709543333387,27.546549631550526,333.50376639462615
2024,24.199324398525732,16.71544766610998,26,1,2,8,51,6|7|8,75.9454190150029,19.75231573546348,94.00501656039305,83.30324840430825,22.13020402809113,44.13387353135351,325.2270358257248,31.549682502175305,335.73314118723863
2025,24.213285251061563,16.44273465024304,7,2,12,18,13,,75.70324639620387,151.07341186809793,101.44852054859601,32.33819142752,133.85055554277298,70.72411756775766,337.6070993506739,35.52282326822629,337.95854952523996
2026,24.227246164933774,16.169929178004764,17,3,21,27,33,3|7|8,75.45549827929676,271.98639228657225,91.90780991732964,116.53696640435702,37.69305013474445,96.04693691045925,349.9807901698382,39.508739261611645,340.1792203995129
2027,24.241207140142308,15.89704593539102,27,4,3,9,54,3|7|8,75.21212587797689,38.785165355513236,63.65234911192013,63.82743044643426,148.11955840354673,120.9799312528557,2.3426571055839713,43.50881557443922,342.39569492958145
2028,24.255206426186646,16.69276353733133,10,6,15,21,20,7|8,75.92050518935952,191.7968609545507,54.5566099317718,40.25192517532123,52.49271460479869,146.59797154362943,14.769342143156216,47.577125732062946,344.61378668214127
2029,24.269167524235797,16.42000329245451,21,0,25,3,41,7|8,75.6714876629394,320.69302188755944,65.7389487938449,101.60973102998494,165.9903059400786,173.6938481081597,27.109749260983545,51.61023942561282,346.824727034316
2030,24.283128683621214,16.147174950140425,1,1,7,12,2,4|7|8,75.4357117867096,82.14219071573449,84.00459859862,46.45214805193418,65.62812040668965,203.75120338894058,39.42547328031026,55.66252858330962,349.0336196918907
2031,24.29708990434284,15.874295497320219,12,2,16,22,23,4,75.19201712354867,209.18947718950292,97.50675201711627,116.0347829216673,192.18866102059377,237.8083865040424,51.71281484318146,59.73514184247692,351.24094423796686
2032,24.311089436572786,16.669981137252904,24,4,1,6,48,4,75.8961964416004,3.755079646067331,100.42232477626402,83.86861491889107,78.78565817388125,275.1367676424991,64.09992567139297,63.889474847086824,353.4581703767689
2033,24.325050780134802,16.397278822592426,5,5,10,16,10,2|3|4|7|8,75.65674808141446,130.41839333748237,80.24492807550389,32.616162898699194,251.3139413248497,312.9448377535758,76.3326193069577,68.0122527844433,355.66542954036555
2034,24.339012185033084,16.12453027158142,15,6,19,25,30,7|8,75.41265575895765,252.6499871020933,56.04925298015505,116.88150883559051,90.88964888162587,347.93037645106756,88.53373335192543,72.16284950404084,357.87151402314527
2035,24.352973651267405,15.851742414944624,26,0,2,8,51,7|8,75.16930790734857,20.120503815716525,56.47053528617163,64.3906377441724,322.3742821708523,19.267152137678323,100.70567968450267,76.34328655623179,0.07573750201010573
2036,24.36697342968256,16.647487940946633,9,2,14,19,17,7|8,75.8770737151033,175.15259724995997,74.14870310954424,38.77490830613004,103.47157526707372,47.85813920895418,112.96199728766678,80.61445528480355,2.291752113596399
2037,24.3809350187571,16.374875102880083,19,3,23,2,38,,75.62664922190125,299.9789654218968,91.31867738713322,102.13349019204665,354.6349405458895,74.22929046637837,125.07100303417084,84.85512978187063,4.489075254749575
2038,24.39489666916768,16.10219974241727,29,4,5,11,58,7|8,75.38742906402939,62.8711752025178,100.66959902829193,46.956258912656864,115.54478506591477,99.46433182454916,137.1588807046613,89.1257145853627,6.681562322021102
2039,24.40885838091424,15.829460633916568,10,5,15,21,20,,75.14323997560562,191.55806015630426,94.89787797584584,115.04967999143626,14.705688444071276,124.43902853742036,149.23103299327724,93.4248222421851,8.868759592747514
2040,24.422858405514035,16.62521104015738,23,0,27,5,46,3|7|8,75.84596255634305,346.7152030846228,67.2996671617664,84.43312560032068,128.69901915106422,150.2344276577642,161.3345237545548,97.80965459011672,11.07124888653188
2041,24.43682024010053,16.352588010165874,3,1,9,14,6,7|8,75.60607673518163,109.7693458784402,53.89388960976081,32.90409348060044,31.78894072601517,177.68095247273834,173.37989007991825,102.16365853597073,13.251204874030162
2042,24.450782136022895,16.079878902830472,14,2,18,24,27,4|6|7|8,75.36241889606372,232.83582583936663,62.54206808096939,117.2101827438573,142.3007471970048,208.24406345494165,185.44302958978207,106.5449048125318,15.427965817232636
2043,24.46474409328107,15.807087133717175,25,3,1,6,49,4|6|7|8,75.11808905104643,3.1272959762896897,80.57311277270097,64.95032657741528,46.37998628379901,242.81102540655775,197.5334210188117,110.95323788083559,17.60282149878729
2044,24.47874436406505,16.602736268202023,7,5,12,18,14,4|6,75.8278072863093,157.39547643985455,97.05860965686719,37.44651636421664,158.6397005484187,280.3195647846825,209.61635683815047,115.44022526530553,19.80044314674723
2045,24.492706444162764,16.330038573370643,18,6,21,27,35,4|6|7|8,75.57973478147457,279.8291556695011,101.00917714247343,102.65274618886673,60.556458439777664,317.80974828685925,221.75850209404004,119.90187351423442,21.974436446721505
2046,24.50666858559623,16.05726124766622,28,0,4,9,55,3|6|7|8,75.34157091485791,43.075793287088274,84.90596196091586,47.466223832132016,180.06104693735227,352.26790133413584,233.93560565034556,124.39255143337544,24.14834190428255
2047,24.520630788365338,15.78441326155476,9,1,14,19,17,6|7|8,75.09849465706431,175.237975161577,58.03947602870363,113.94085244887133,73.28265084612251,23.160521542853346,246.14789048610032,128.91287918505128,26.321019179577256
2048,24.53463130533271,16.579962581466418,22,3,25,4,43,2|6|7|8,75.80007428690243,327.94626659868857,56.089517838018885,84.99896195346648,221.60366765404456,51.46292778138868,258.31924653835017,133.50231069713678,28.519175475812553
2049,24.548593630941014,16.30725146423319,2,4,7,13,3,6|7|8,75.55848148292505,89.70233897935275,70.5338710297659,33.2076210787368,86.16951030149353,77.67454049218686,270.5957582314168,138.07750498535518,30.687491664341657
2050,24.562556017884845,16.033914989484515,12,5,16,22,23,6|7|8,75.31476738614668,212.80258160706444,88.39434744427072,117.5274271711986,300.94558595816846,102.86314603824151,282.9018722707479,142.67929512194914,32.851518924412034
2051,24.57651846616409,15.761107212920223,23,6,27,5,46,6,75.06914702004725,347.67082468262873,99.47498107163361,65.51163142174845,98.16109663080894,127.90384193016001,295.23228929322414,147.30462690420407,35.01112800057865
2052,24.590519229314054,16.55666694358615,6,1,11,17,11,6|7|8,75.77930398061294,138.20836924182038,97.407184030546,36.261665804657525,344.5090150902145,153.88391449356368,307.54859838692204,151.97594404798207,37.1972176717925
2053,24.604481800432097,16.28404481647243,16,2,20,26,31,3|6|7|8,75.53186546666477,260.06587088717197,71.78868506965145,103.16865357051505,110.78390579663416,181.67660199733717,319.92606357178227,156.63630890709797,39.34911100163133
2054,24.61844443288544,16.011380791950558,26,3,2,8,52,4|7|8,75.29310697499066,22.92768404302169,53.87846247717821,47.97677181399066,7.4530647395553045,212.74161364901389,332.3086822589523,161.31113840649462,41.498124253118434
2055,24.632407126673968,15.738666105219096,8,4,12,18,15,4,75.05075126840177,159.78426991854707,59.638889245306515,112.69394532576976,123.10580871211916,247.82589474003402,344.6883523774356,165.99762872510308,43.644674946633685
