Time,moon_synodic
2004-01-01,113.06057009031835
2004-02-01,125.10269686292327
2004-03-01,115.64271811758508
2004-04-01,129.89720037659646
2004-05-01,135.09278328402598
2004-06-01,156.27772620650632
2004-07-01,166.2008101737602
2004-08-01,190.35316603182417
2004-09-01,210.89226002370395
2004-10-01,215.43192572080238
2004-11-01,229.1628450351793
2004-12-01,230.93993946352424
2005-01-01,244.215904422683
2005-02-01,260.0760745750039
2005-03-01,241.94463500887943
2005-04-01,262.95919002619905
2005-05-01,273.0829681747896
2005-06-01,295.5902000218733
2005-07-01,303.25093437192515
2005-08-01,320.2312928941743
2005-09-01,335.0545575781439
2005-10-01,338.2131982745883
2005-11-01,353.2710719082033
2005-12-01,358.37320321845795
2006-01-01,18.91928830403708
2006-02-01,40.92420027484974
2006-03-01,20.923863986728236
2006-04-01,41.56866771446954
2006-05-01,47.22892663392002
2006-06-01,63.00148269474122
2006-07-01,66.17319519862433
2006-08-01,80.32290162704852
2006-09-01,96.46812090915333
2006-10-01,102.96740339227622
2006-11-01,124.13162393630759
2006-12-01,132.73051627896973
2007-01-01,153.6969176260541
2007-02-01,171.36531389984157
2007-03-01,152.28530426556807
2007-04-01,166.7801655354717
2007-05-01,169.9056469254232
2007-06-01,185.20434466420724
2007-07-01,191.1475634268648
2007-08-01,211.830741010387
2007-09-01,235.21201809158342
2007-10-01,245.03444962125172
2007-11-01,265.30109135180976
2007-12-01,269.6490064427667
2008-01-01,282.86315511532985
2008-02-01,294.8902999498607
2008-03-01,285.41276223540365
2008-04-01,299.7667105285427
2008-05-01,305.2149570115895
2008-06-01,327.1161991872511
2008-07-01,337.4849998617495
2008-08-01,0.998812110547604
2008-09-01,20.725894737967508
2008-10-01,25.25174663631671
2008-11-01,39.12181839040329
2008-12-01,41.080849851746365
2009-01-01,54.70822301539698
2009-02-01,71.56304896795467
2009-03-01,53.73421748046809
2009-04-01,75.44889414949
2009-05-01,85.25142242878628
2009-06-01,107.0530082571617
2009-07-01,114.28087958530321
2009-08-01,130.65175516907414
2009-09-01,144.8959248150924
2009-10-01,147.94256428141455
2009-11-01,163.66653277234434
2009-12-01,169.1519854714254
2010-01-01,189.81296271479005
2010-02-01,211.69018131384746
2010-03-01,191.39582138498162
2010-04-01,212.01321549392839
2010-05-01,217.31568111384303
2010-06-01,232.54924872455598
2010-07-01,235.7945797077275
2010-08-01,250.54741419396794
2010-09-01,267.31300835023796
2010-10-01,274.26114966451564
2010-11-01,295.92715517809125
2010-12-01,304.9494492774852
2011-01-01,325.25757575664625
2011-02-01,341.8621008444922
2011-03-01,322.8948367673321
2011-04-01,337.0897112527547
2011-05-01,340.2475832075749
2011-06-01,355.615060252407
2011-07-01,1.6035450096558748
2011-08-01,23.087935101084298
2011-09-01,47.11584477793883
2011-10-01,56.404691635744
2011-11-01,75.76846945525634
2011-12-01,79.62750684390795
2012-01-01,92.61484535598476
2012-02-01,104.37337530252131
2012-03-01,94.88282356738262
2012-04-01,109.68663645338714
2012-05-01,115.9103859596592
2012-06-01,138.2882378959289
2012-07-01,148.5138081676293
2012-08-01,171.58100345871594
2012-09-01,191.12146313072896
2012-10-01,195.4911766667664
2012-11-01,209.04498959834592
2012-12-01,211.24927777111296
2013-01-01,225.8188916583892
2013-02-01,243.6015135159634
2013-03-01,225.7331389174249
2013-04-01,247.63976965594074
2013-05-01,257.35833807119366
2013-06-01,278.7672122944541
2013-07-01,285.1773424395198
2013-08-01,300.6615248162716
2013-09-01,314.77783383212187
2013-10-01,317.96407049768413
2013-11-01,333.87777300603256
2013-12-01,339.32947986931833
2014-01-01,0.45495902852223935
2014-02-01,22.61549516029197
2014-03-01,2.3090558076597176
2014-04-01,22.092994262832576
2014-05-01,26.999642707515388
2014-06-01,42.233787781476444
2014-07-01,45.782177388403625
2014-08-01,60.80723951860594
2014-09-01,78.1329783254088
2014-10-01,85.95749109586487
2014-11-01,108.2711459046086
2014-12-01,117.04789578027945
2015-01-01,136.45386603564899
2015-02-01,152.60478508341424
2015-03-01,133.60144800654848
2015-04-01,147.310889433546
2015-05-01,150.10696557587937
2015-06-01,165.72510641351
2015-07-01,172.2664681859107
2015-08-01,194.51861894033476
2015-09-01,218.3716913212108
2015-10-01,227.1966293862059
2015-11-01,246.29373852394383
2015-12-01,249.69497394599142
2016-01-01,262.1329531369918
2016-02-01,273.89460645162706
2016-03-01,264.76386544724454
2016-04-01,280.31524613186366
2016-05-01,286.99255448759993
2016-06-01,309.5256701704779
2016-07-01,320.0883695125272
2016-08-01,342.83795434646805
2016-09-01,1.428091704982137
2016-10-01,5.451745049123446
2016-11-01,19.161487216735964
2016-12-01,21.848220701841967
2017-01-01,36.95212155061341
2017-02-01,55.29916552009496
2017-03-01,37.21264719563737
2017-04-01,59.81228590146702
2017-05-01,69.24714500037413
2017-06-01,89.64770967760785
2017-07-01,95.35077895049895
2017-08-01,110.56017192968594
2017-09-01,124.54056681561244
2017-10-01,127.5510817888593
2017-11-01,143.75875813037365
2017-12-01,149.80200838552517
2018-01-01,171.42551155401006
2018-02-01,193.01222671654747
2018-03-01,172.8069409814331
2018-04-01,192.21683222113086
2018-05-01,197.19667190840818
2018-06-01,212.25613663123858
2018-07-01,215.81194845868373
2018-08-01,231.36731466354445
2018-09-01,249.81777062348198
2018-10-01,258.2737998623102
2018-11-01,280.5440626294043
2018-12-01,289.15662366618915
2019-01-01,308.07268903641386
2019-02-01,323.31357318379196
2019-03-01,304.0346666862402
2019-04-01,317.1489860611646
2019-05-01,319.97779535874673
2019-06-01,336.11203125215263
2019-07-01,342.7648150502515
2019-08-01,5.141385731297774
2019-09-01,29.327779956037972
2019-10-01,38.003584774857444
2019-11-01,56.342445087826945
2019-12-01,59.188208520371404
2020-01-01,71.56519155538359
2020-02-01,83.68471165203357
2020-03-01,74.89351416642427
2020-04-01,90.82977176149672
2020-05-01,98.16676174906586
2020-06-01,121.43627024087027
2020-07-01,132.00147550484587
2020-08-01,153.7315072519004
2020-09-01,171.75298614134357
2020-10-01,175.84175922181407
2020-11-01,189.58122710257368
2020-12-01,192.29391317579854
2021-01-01,208.00956711285897
2021-02-01,227.49629388508157
2021-03-01,209.0404505890211
2021-04-01,231.6916152112948
2021-05-01,240.44176972885958
2021-06-01,260.3531636998172
2021-07-01,265.65251727262853
2021-08-01,280.3289230487216
2021-09-01,294.02271569603806
2021-10-01,297.2855817433285
2021-11-01,314.20851109110924
2021-12-01,320.5413299566566
2022-01-01,341.9915675516366
2022-02-01,3.5404491036542822
2022-03-01,343.868940733546
2022-04-01,2.813946269707799
2022-05-01,7.345016742828914
2022-06-01,22.05792097946182
2022-07-01,25.983193555498346
2022-08-01,42.326840848725766
2022-09-01,61.38179070835557
2022-10-01,70.21508871295629
2022-11-01,92.94844084428689
2022-12-01,101.34851148175082
2023-01-01,119.18067612427092
2023-02-01,133.57691046942492
2023-03-01,114.01824171455041
2023-04-01,127.05336396360133
2023-05-01,129.79976736909492
2023-06-01,145.9626723671913
2023-07-01,152.87047933269253
2023-08-01,176.10272227958126
2023-09-01,200.3134536716486
2023-10-01,208.3088295862265
2023-11-01,226.09478743543139
2023-12-01,228.92794156042862
2024-01-01,241.35825160917636
2024-02-01,253.56987081483524
2024-03-01,245.19394342197734
2024-04-01,262.11517708068135
2024-05-01,270.29442248341155
2024-06-01,293.5793884865966
2024-07-01,303.81229592045213
2024-08-01,325.0133754424307
2024-09-01,342.4763311171853
2024-10-01,346.1224822113755
2024-11-01,359.64103433549485
2024-12-01,2.702491853962698
2025-01-01,19.337462087116705
2025-02-01,39.25084091771231
2025-03-01,20.16671078861117
2025-04-01,42.81601292336791
2025-05-01,51.38850781170824
2025-06-01,70.7560440406197
2025-07-01,75.37557707763142
2025-08-01,89.68698337879226
2025-09-01,103.67304166071668
2025-10-01,107.25364630790307
2025-11-01,124.40915809528349
2025-12-01,131.13685898885265
2026-01-01,153.14738513919053
2026-02-01,174.42945343989737
2026-03-01,155.11646304425352
2026-04-01,173.09482201321578
2026-05-01,177.49345613157453
2026-06-01,192.39662872577583
