category,days,stages,picks,auc_artamodel,auc_calendar,auc_memory,auc_temporal_half,null
astro-ph.CO,6463,8,sep_sun_jupiter|sep_moon_venus|t_venus|t_true_node|sep_mercury_jupiter|t_mars|sep_moon_mars|sep_jupiter_saturn,0.5036143860902704,0.651432059068715,0.5879465880671669,0.5199392031266964,0.4656005803609315
astro-ph.EP,6462,6,sep_moon_venus|sep_moon_jupiter|sep_mars_saturn|t_venus|sep_jupiter_true_node|sep_moon_mercury,0.505746894931185,0.5311211816045653,0.5573313192346425,0.5361329136439575,0.5465150773722238
astro-ph.GA,6464,4,t_venus|sep_saturn_true_node|sep_sun_mars|sep_mercury_jupiter,0.6482854764877237,0.6613483146067416,0.5689596337910945,0.4156117353308365,0.5699856433521961
astro-ph.HE,6464,2,sep_venus_jupiter|t_true_node,0.41180248592693336,0.5901356303600438,0.5493728512599645,0.46940393262762103,0.5251245298824965
astro-ph.IM,6462,7,t_mercury|sep_moon_true_node|sep_mars_true_node|sep_sun_venus|t_true_node|t_moon|sep_venus_mars,0.5973134152102031,0.59046410014171,0.555209317430326,0.4780374389704767,0.43424199714303324
astro-ph.SR,6464,2,sep_sun_venus|t_jupiter,0.5414373787339996,0.5754481461615378,0.5435878843263073,0.5492286975077172,0.5249591793463699
cond-mat.dis-nn,10935,8,sep_sun_true_node|t_moon|t_true_node|sep_mercury_saturn|sep_mars_saturn|sep_moon_mars|t_saturn|t_jupiter,0.5368203007435806,0.5910012399141995,0.5456211160699502,0.4876109722156706,0.5131933868761889
cond-mat.mes-hall,11106,6,sep_mercury_saturn|sep_moon_jupiter|sep_mercury_venus|sep_moon_mars|sep_moon_true_node|sep_venus_mars,0.47116035093282593,0.5564273822736642,0.5525269541778975,0.5119706062879357,0.5071242162751798
cond-mat.mtrl-sci,10938,8,t_sun|sep_mars_jupiter|sep_moon_venus|sep_moon_mars|sep_moon_saturn|sep_venus_mars|sep_mercury_jupiter|sep_saturn_true_node,0.4399152406844714,0.4547569166799936,0.5636718375179914,0.46606513715575865,0.41467713077011703
cond-mat.quant-gas,6403,5,sep_moon_mars|sep_saturn_true_node|sep_mercury_saturn|t_moon|t_jupiter,0.4723549188554756,0.6255532581213082,0.5519363348671906,0.5280561647425552,0.47996643148308427
cond-mat.soft,10956,4,sep_moon_jupiter|sep_mercury_mars|t_venus|t_saturn,0.49387531796569634,0.4632259629213926,0.5644927495360943,0.49294441557346946,0.5308818303741638
cond-mat.stat-mech,11118,8,sep_moon_saturn|sep_sun_venus|t_sun|sep_mars_jupiter|sep_sun_mercury|t_mercury|sep_venus_mars|sep_mercury_mars,0.48797360212834273,0.5444756930110239,0.5227416938060945,0.5156458438550356,0.4759897154468921
cond-mat.str-el,10964,2,sep_sun_moon|sep_mars_jupiter,0.508195729130981,0.4982905104487838,0.5855595523581135,0.49293970950021904,0.46639169910726447
cond-mat.supr-con,10987,7,t_mercury|sep_mars_jupiter|sep_moon_venus|sep_venus_saturn|sep_venus_mars|t_moon|sep_moon_mercury,0.519815146094216,0.4851585171934009,0.5298106738223016,0.5315578772591358,0.525142666905251
cs.AI,6784,8,sep_venus_jupiter|sep_mars_jupiter|sep_venus_saturn|sep_sun_mercury|sep_sun_jupiter|sep_moon_jupiter|sep_mercury_venus|sep_mercury_jupiter,0.5077703401725748,0.5141566147152739,0.3933947914394842,0.5152041391021286,0.4869265084412958
cs.AR,4036,3,t_sun|sep_saturn_true_node|sep_venus_mars,0.5432435181955587,0.5259490175560981,0.583140768515289,0.5073431819493335,0.5010147974461626
cs.CC,7545,1,sep_jupiter_saturn,0.4749082415749083,0.5649041198060806,0.5625390095978331,0.47558996485507404,0.5235118966744653
cs.CE,5693,2,sep_sun_mercury|t_mars,0.4322994762247099,0.4791106090171511,0.6261066036766971,0.45020865273462163,0.49750960346788997
cs.CG,6596,7,sep_moon_jupiter|sep_sun_moon|sep_mars_saturn|sep_venus_jupiter|sep_moon_true_node|t_moon|sep_mercury_mars,0.4789115330769074,0.47557819008171043,0.6031031974005722,0.4911603564240621,0.5060268960148147
cs.CL,6222,3,sep_mercury_mars|sep_saturn_true_node|sep_moon_venus,0.5194828858966333,0.631175420727548,0.6673308913537103,0.47766602809706254,0.45069045149520504
cs.CR,8058,1,sep_moon_jupiter,0.44585098870056494,0.5180025894538607,0.5367418000627746,0.5501989842496655,0.48195876875261123
cs.CV,6966,8,sep_moon_mercury|sep_sun_mercury|sep_mercury_mars|sep_mercury_jupiter|t_mars|sep_moon_saturn|sep_sun_moon|sep_moon_mars,0.3812689516541174,0.615353820994174,0.7253756260434057,0.43299943810511754,0.5168242624767219
cs.CY,5605,6,sep_moon_venus|t_saturn|t_mars|sep_jupiter_true_node|sep_sun_moon|sep_jupiter_saturn,0.3886471022377101,0.42892360133608265,0.6172591285028418,0.5046527298164422,0.5145321179245551
cs.DB,6529,7,sep_mercury_jupiter|sep_mercury_saturn|sep_sun_mars|sep_moon_jupiter|sep_mercury_venus|t_moon|sep_mercury_mars,0.5748910385882853,0.5104109596508873,0.5851902429451064,0.5266373104074928,0.5182794753323886
cs.DC,7661,6,sep_mercury_venus|sep_mercury_jupiter|sep_moon_venus|sep_moon_true_node|sep_mars_jupiter|sep_venus_mars,0.4988676026086279,0.5970007708096967,0.5629563150100032,0.5182512221322705,0.4946769818737001
cs.DL,6196,5,t_sun|sep_venus_jupiter|sep_mercury_mars|sep_saturn_true_node|sep_jupiter_saturn,0.5226760875653473,0.5591684559372665,0.5098298053584764,0.5179910412959441,0.5311472056698832
cs.DM,7158,4,sep_moon_mercury|sep_sun_mars|sep_saturn_true_node|sep_mercury_jupiter,0.4397408963585434,0.5149181547619047,0.5469012605042016,0.49635455511108095,0.482796043409341
cs.DS,7843,6,sep_mercury_saturn|sep_venus_mars|t_mars|sep_mercury_true_node|sep_saturn_true_node|t_true_node,0.4710478830395673,0.5810357784087585,0.6348800111596596,0.568307826743107,0.494275533634987
cs.ET,4223,6,sep_venus_saturn|t_true_node|sep_sun_venus|sep_mercury_jupiter|sep_mars_true_node|sep_mercury_true_node,0.5466547397003032,0.5642850798726099,0.5606816134394073,0.5264885637982015,0.5146185928536167
cs.FL,6427,6,sep_sun_mercury|sep_jupiter_saturn|t_jupiter|t_saturn|sep_saturn_true_node|t_true_node,0.5211264460226004,0.5988515565679575,0.5701139510473894,0.5288809297832789,0.5450895576194013
cs.GR,4596,5,sep_mercury_saturn|sep_sun_mercury|sep_sun_true_node|sep_moon_true_node|sep_sun_moon,0.5124634103117227,0.6227244116622566,0.6099096181228192,0.5089023966988632,0.501668538897082
cs.GT,6952,3,sep_jupiter_true_node|sep_sun_mars|t_true_node,0.4847812231551529,0.49896084462548845,0.6412267575581234,0.45583412209009516,0.4776425798256449
cs.HC,5485,4,sep_sun_mercury|sep_mercury_true_node|sep_saturn_true_node|sep_sun_true_node,0.45012577928469866,0.7637591600131248,0.7053483539319698,0.5093774112727667,0.46843835366499675
cs.IR,6422,5,sep_moon_mars|sep_venus_mars|sep_mercury_jupiter|sep_sun_venus|sep_jupiter_saturn,0.46939292958562734,0.5139754177533082,0.6488351806239736,0.5042392794678372,0.4687822647761365
cs.IT,8138,8,t_mercury|t_moon|sep_moon_jupiter|sep_mercury_mars|sep_mars_saturn|sep_sun_venus|t_jupiter|sep_jupiter_true_node,0.4984341292090919,0.5578330015736871,0.6575211301366294,0.5414860817845109,0.47504162660107013
cs.LG,7123,8,t_saturn|sep_moon_mars|t_true_node|sep_jupiter_true_node|sep_mars_jupiter|sep_sun_mars|sep_moon_mercury|sep_sun_venus,0.45729049711350594,0.5888845667606729,0.7145686172234845,0.5018140589569161,0.49388340874532566
cs.LO,7852,8,sep_mercury_saturn|sep_moon_jupiter|sep_moon_true_node|sep_mercury_true_node|sep_mars_true_node|t_sun|t_moon|t_saturn,0.4951069627224767,0.533501459021779,0.5522552032001855,0.5053656776986202,0.4858595719575048
cs.MA,4249,8,sep_venus_mars|sep_sun_venus|sep_venus_jupiter|sep_moon_mercury|t_mercury|sep_venus_true_node|sep_jupiter_true_node|t_true_node,0.4236245110821382,0.6075814863103,0.5336016949152542,0.5563397302653841,0.5220339631145187
cs.MM,5141,5,sep_mercury_mars|sep_jupiter_true_node|sep_saturn_true_node|t_jupiter|t_true_node,0.5357511923688395,0.508751987281399,0.4936685214626392,0.48475009380979395,0.4779399493682296
cs.NE,6560,6,sep_mars_true_node|sep_mercury_true_node|t_sun|sep_mars_saturn|sep_mercury_mars|sep_mars_jupiter,0.5614985210293129,0.6340785314392353,0.5820225717586421,0.44855625688015266,0.5772307171927302
cs.NI,7773,8,sep_mars_jupiter|sep_mars_true_node|t_jupiter|t_mercury|sep_mercury_mars|sep_saturn_true_node|t_true_node|sep_mars_saturn,0.48207556476275026,0.5382341915754169,0.5600542566834369,0.4708666852046795,0.4954435281592722
cs.PL,6360,8,sep_saturn_true_node|sep_mercury_true_node|sep_moon_mars|sep_mars_jupiter|t_sun|sep_sun_mercury|sep_sun_moon|sep_mars_saturn,0.43972013802313764,0.6109333008779403,0.544689760433148,0.46239842457429825,0.5244559157610182
cs.RO,5128,3,sep_venus_jupiter|sep_venus_mars|sep_moon_jupiter,0.5168210628961483,0.6083288833166942,0.6891218375860013,0.5568425829757035,0.4589510903719708
cs.SD,4601,3,sep_jupiter_true_node|sep_mars_saturn|t_mars,0.5058256150079641,0.48518523980886086,0.6690755707627869,0.47044050953534855,0.5170243546972604
cs.SE,6513,2,sep_mercury_saturn|sep_sun_jupiter,0.5030047577803354,0.5631711021202378,0.60997917729554,0.5295395584522138,0.5067099161330385
cs.SI,5888,8,sep_sun_venus|sep_mercury_jupiter|sep_moon_venus|t_sun|sep_sun_jupiter|sep_sun_mercury|t_mars|sep_mercury_venus,0.5960552268244577,0.546340518455903,0.5788620033812343,0.502869546529121,0.5097462539177822
econ.EM,3273,5,sep_moon_saturn|t_mars|sep_mars_jupiter|sep_jupiter_saturn|t_venus,0.521236875219176,0.4875611114549167,0.5334694803721352,0.456473714063946,0.5301297042661863
econ.GN,4538,3,sep_sun_saturn|sep_sun_jupiter|sep_venus_jupiter,0.6033863157666167,0.4705448070701149,0.4919304931274835,0.516391017772027,0.393278344471793
econ.TH,2969,4,t_mercury|sep_venus_mars|sep_mercury_venus|t_moon,0.4237793643482266,0.396994472593275,0.5201692768309534,0.5319431933340839,0.4714854898041396
eess.AS,3313,1,t_jupiter,0.4657221206581353,0.5716289478661034,0.765090146882683,0.5448285915178954,0.5076759526402697
eess.IV,3301,6,t_sun|sep_mercury_true_node|sep_sun_venus|sep_saturn_true_node|sep_sun_true_node|sep_moon_venus,0.5347222222222222,0.4821889103803998,0.5975983236621535,0.48855936553565016,0.47764526992118467
eess.SP,3349,5,sep_sun_mars|sep_moon_mars|t_mercury|sep_jupiter_true_node|sep_venus_mars,0.6080877693282636,0.6315483734685255,0.6011367237008872,0.4940180227332203,0.5640237396152044
eess.SY,5883,8,sep_sun_mercury|sep_moon_jupiter|t_venus|sep_moon_mercury|sep_sun_saturn|sep_venus_true_node|sep_venus_saturn|sep_moon_true_node,0.4301807575020993,0.7397799089583241,0.6475560171476554,0.4805960009319184,0.4834209713704093
gr-qc,12472,6,sep_moon_venus|t_moon|sep_sun_mars|sep_saturn_true_node|sep_jupiter_true_node|sep_mars_jupiter,0.4936607460939488,0.5964334062802179,0.5453743193037813,0.5012269772457747,0.4417752349297607
hep-ex,11826,8,t_venus|sep_jupiter_saturn|sep_sun_true_node|sep_mars_jupiter|t_true_node|sep_sun_mercury|sep_moon_saturn|sep_mercury_true_node,0.46580693877736684,0.5232408557249234,0.573999372262176,0.5907933873995442,0.5196701778795086
hep-lat,12575,8,t_sun|sep_mercury_saturn|sep_mars_saturn|sep_jupiter_true_node|t_jupiter|sep_venus_jupiter|sep_moon_mars|t_saturn,0.43629507933963774,0.5953209648982208,0.6264798044558423,0.6711975529061207,0.5061025759047919
hep-ph,12619,8,sep_sun_venus|sep_sun_mars|sep_moon_venus|sep_moon_saturn|sep_moon_true_node|sep_venus_mars|sep_sun_saturn|sep_mars_jupiter,0.43933474859819555,0.6224738675958188,0.49447989016314003,0.538977709713467,0.5156082710326282
hep-th,12813,5,sep_sun_true_node|sep_mars_jupiter|sep_mars_saturn|sep_mercury_venus|sep_sun_moon,0.4696314387139357,0.7465810739149683,0.6025734584628657,0.512938969720913,0.47752923281332366
math-ph,10904,3,t_mercury|sep_sun_mercury|sep_jupiter_saturn,0.509917861882903,0.5882684531241265,0.5300895299264753,0.5907757220107179,0.460747307518522
math.AC,8909,2,sep_mercury_venus|sep_moon_mars,0.5122798273536395,0.432073741265175,0.5302080420517621,0.4816667663715402,0.4660151795455289
math.AG,10481,8,t_moon|sep_sun_moon|sep_sun_saturn|sep_venus_true_node|sep_venus_jupiter|sep_mars_true_node|sep_mars_jupiter|sep_mercury_true_node,0.4307423038283521,0.5138343843062682,0.5658665144774138,0.49962387766839006,0.48324333515247286
math.AP,9950,8,sep_moon_venus|sep_sun_saturn|t_saturn|sep_sun_moon|sep_venus_true_node|sep_mars_true_node|sep_mercury_saturn|sep_mars_jupiter,0.48855768123452525,0.5537225773017793,0.5012028919790407,0.4875084171129694,0.4568896313669207
math.AT,9875,4,sep_moon_mars|sep_sun_venus|sep_moon_true_node|t_true_node,0.5173576842144467,0.5865218990335375,0.5389413139420123,0.5236363542547846,0.5167046244370642
math.CA,9964,8,sep_moon_venus|t_mercury|sep_mercury_true_node|sep_venus_jupiter|sep_sun_saturn|sep_mercury_saturn|sep_mars_jupiter|sep_sun_jupiter,0.503749337326426,0.49314423497242343,0.5174649364298403,0.5030094256828067,0.48528153445993505
math.CO,10517,7,sep_sun_true_node|sep_moon_saturn|sep_mars_saturn|sep_mercury_true_node|sep_moon_true_node|t_true_node|t_saturn,0.45974675978488405,0.5654662404567093,0.48485432473232704,0.5105924291090866,0.5699846072301853
math.CT,7765,4,sep_mercury_mars|t_true_node|t_sun|sep_jupiter_saturn,0.49005621989854786,0.5485578771952314,0.5117988536268244,0.5107573670322691,0.5102552370001823
math.CV,8573,1,t_true_node,0.5508139635849729,0.5658117329325145,0.49907255758526636,0.5313112948009272,0.4913011570204184
math.DG,10483,7,sep_moon_mars|sep_moon_saturn|t_venus|sep_sun_jupiter|sep_mars_jupiter|t_mars|sep_mercury_jupiter,0.5126469103756579,0.508136851972024,0.524694848737678,0.551514557832822,0.4759859150152461
math.DS,9195,4,t_jupiter|t_moon|sep_mars_saturn|sep_sun_jupiter,0.4983309807006989,0.6190195885592632,0.5468641528208451,0.5212288725037388,0.5034055077043552
math.FA,10190,5,sep_sun_true_node|sep_mars_jupiter|sep_sun_venus|sep_mercury_saturn|sep_mercury_true_node,0.4961538253742713,0.5309276958069726,0.4986044853127887,0.49549231158509527,0.5123918055606616
math.GM,7959,8,t_saturn|sep_venus_mars|t_venus|sep_sun_true_node|sep_sun_mercury|sep_saturn_true_node|sep_moon_true_node|sep_venus_true_node,0.6088868347588501,0.5820377464956046,0.5739997252910429,0.4822723817567568,0.4895555071487728
math.GN,7073,5,sep_mercury_jupiter|sep_moon_mercury|sep_venus_true_node|sep_moon_mars|sep_mars_jupiter,0.42759318219368325,0.5028221467069746,0.5312345105674212,0.4853697093881508,0.5232372388577399
math.GR,9746,8,sep_moon_true_node|sep_mercury_mars|sep_sun_moon|sep_moon_mars|t_saturn|sep_moon_jupiter|sep_saturn_true_node|sep_mars_true_node,0.5129846056069487,0.5097791217327268,0.566681504534587,0.48566977726067817,0.4801356574707074
math.GT,10512,8,t_venus|sep_mercury_mars|sep_jupiter_true_node|sep_moon_mercury|sep_sun_mercury|sep_sun_mars|sep_jupiter_saturn|t_moon,0.47358750907770514,0.5824312688038179,0.5521226268285092,0.5072600852013839,0.47846852043061416
math.HO,7447,3,sep_moon_saturn|t_sun|t_saturn,0.4939302728122176,0.48984804619885725,0.6000509320956451,0.4814900317687839,0.4870441455627612
math.KT,8112,4,sep_mercury_saturn|sep_jupiter_true_node|t_venus|t_saturn,0.45803511969436755,0.5162034278504083,0.5840997511478743,0.5047450385255878,0.5074825775032306
math.LO,8596,4,sep_moon_saturn|sep_jupiter_saturn|sep_moon_mars|sep_mercury_true_node,0.5143394957983194,0.5165983193277311,0.5432231559290382,0.5339713225875666,0.5335973751300316
math.MG,9255,8,sep_sun_venus|sep_moon_jupiter|t_mars|sep_venus_jupiter|sep_mercury_venus|sep_moon_venus|sep_saturn_true_node|t_saturn,0.5327502096980863,0.5647812707446727,0.5228049884987676,0.5154985837923161,0.47503924128679437
math.NA,8769,8,t_saturn|t_venus|sep_mars_saturn|t_true_node|sep_mercury_jupiter|sep_mars_true_node|t_mars|sep_sun_jupiter,0.4739636494924324,0.5436548574475013,0.5613324132951146,0.5455299523282044,0.5069864137699346
math.NT,10323,5,sep_moon_true_node|sep_sun_mercury|t_jupiter|sep_sun_saturn|t_saturn,0.4793538969281544,0.5178408225437928,0.5181917999492256,0.5005468870213072,0.48548006158690227
math.OA,10044,8,t_saturn|sep_mercury_mars|sep_mars_true_node|sep_moon_mars|sep_venus_jupiter|sep_mercury_venus|t_mars|sep_saturn_true_node,0.47113193829045735,0.534024888012782,0.5264564968055743,0.45643093978470917,0.4384717922718976
math.OC,8051,8,sep_mercury_jupiter|sep_sun_mercury|sep_sun_jupiter|sep_moon_true_node|sep_moon_mercury|sep_sun_venus|sep_mercury_venus|sep_mars_saturn,0.5029253771431129,0.6742826447020905,0.6053728904606295,0.5291189660992429,0.5365263651722767
math.PR,10326,8,t_jupiter|sep_mercury_true_node|sep_sun_true_node|t_venus|t_mercury|t_sun|sep_sun_moon|sep_sun_mercury,0.5520824012874228,0.5650480514242958,0.5000058354178742,0.513777524722768,0.48246889505135176
math.QA,10481,3,sep_sun_venus|sep_jupiter_saturn|t_saturn,0.558165966721599,0.5903466057094253,0.5471713359204721,0.48102834083918844,0.4921518541166671
math.RA,9455,8,sep_venus_mars|sep_moon_jupiter|sep_sun_true_node|sep_mercury_venus|sep_moon_saturn|t_mars|sep_moon_true_node|t_jupiter,0.4820103155954113,0.5058291639359112,0.5225080857004321,0.49380933716575215,0.4819572666928216
math.RT,9526,6,sep_venus_mars|sep_mercury_venus|sep_sun_venus|t_moon|sep_moon_true_node|sep_sun_jupiter,0.5304552193206519,0.49271143232062187,0.49575532650178805,0.5104379025471347,0.4648282664611104
math.SG,9564,6,sep_venus_saturn|t_venus|sep_sun_jupiter|sep_moon_true_node|sep_venus_true_node|sep_mercury_jupiter,0.5108573692317535,0.5954292013405313,0.49948266019694587,0.49313778321365,0.533109148256324
math.SP,8408,4,t_venus|sep_sun_true_node|sep_mars_jupiter|sep_jupiter_saturn,0.4963111944875356,0.4498072922303595,0.6036976742787739,0.5470675355681496,0.4451673347667655
math.ST,8166,5,sep_mercury_true_node|sep_mercury_jupiter|t_moon|sep_mars_saturn|sep_venus_mars,0.5496050391556009,0.4936857337419135,0.5587359550561799,0.49432693350688794,0.5436205135498628
nlin.AO,6721,8,t_mars|sep_moon_mars|sep_mars_jupiter|sep_venus_saturn|sep_mercury_venus|sep_mars_true_node|t_mercury|sep_mercury_true_node,0.5202777072220811,0.5431071788069503,0.4999447313709442,0.5292763544095132,0.4686414131207977
nlin.CD,9746,4,sep_moon_mars|sep_sun_saturn|sep_mercury_true_node|sep_moon_true_node,0.46146426875593544,0.5182480002191541,0.5852600628241653,0.5140948381564036,0.4833389454603687
nlin.PS,9749,6,sep_venus_true_node|sep_moon_mars|sep_moon_venus|sep_mercury_true_node|sep_mars_saturn|sep_moon_jupiter,0.5106830336113497,0.5241741250796642,0.5470575521627089,0.4874381211989641,0.49101687020668494
nlin.SI,9751,8,sep_moon_mercury|sep_moon_jupiter|sep_sun_jupiter|sep_mercury_venus|sep_moon_mars|t_mercury|sep_moon_true_node|sep_sun_moon,0.45298372302263346,0.5338322758556221,0.5438006099484699,0.4713944556192936,0.47974551849993896
nucl-ex,10805,8,sep_moon_mars|sep_venus_saturn|sep_venus_mars|t_true_node|t_moon|sep_mars_saturn|sep_mercury_venus|sep_mars_true_node,0.46771186061428766,0.590533159726292,0.5681894220462473,0.518623329926095,0.49477171360562067
nucl-th,12399,8,t_sun|sep_mercury_true_node|sep_jupiter_saturn|t_mars|sep_moon_saturn|t_moon|sep_mars_true_node|t_jupiter,0.4966343094637525,0.5089785915746164,0.5345613090277148,0.45286021813352173,0.43793720401774777
physics.acc-ph,6507,6,sep_mercury_true_node|sep_venus_jupiter|sep_moon_venus|sep_saturn_true_node|sep_sun_jupiter|sep_mars_true_node,0.45970898004434585,0.4720703991130821,0.5429337583148558,0.4676307292654146,0.5487921223292952
physics.ao-ph,6960,5,sep_mercury_venus|sep_venus_true_node|t_mercury|sep_mars_saturn|sep_jupiter_true_node,0.4707719485680012,0.6295312265707004,0.544546127605338,0.49409489534210305,0.5154262775227703
physics.app-ph,3468,1,sep_sun_mercury,0.5033396345305607,0.5784269920375781,0.46714212063928506,0.5094949525252374,0.5155799287926947
physics.atom-ph,10938,6,sep_moon_true_node|sep_sun_jupiter|t_mercury|sep_mars_jupiter|sep_mercury_mars|sep_sun_venus,0.5157178633052147,0.47139710346370145,0.5859514794222904,0.4965949714583293,0.4811891895385672
physics.bio-ph,8312,3,sep_mercury_true_node|sep_saturn_true_node|sep_moon_saturn,0.5227603024450919,0.5533370429773167,0.5646189977414814,0.47792700737329996,0.4869898682834778
physics.chem-ph,9334,2,sep_venus_true_node|sep_saturn_true_node,0.5355539687206844,0.5611808851738285,0.542338387869114,0.5206128391711203,0.5148390575280619
physics.class-ph,9118,5,sep_mars_saturn|sep_moon_mercury|sep_sun_venus|sep_mercury_saturn|t_saturn,0.46696558272736943,0.5241858015792609,0.5863838850702762,0.4850234282235251,0.5008316388614753
physics.comp-ph,6634,1,sep_mars_saturn,0.4565906107259491,0.45433388666471375,0.552805173105925,0.4767426784624771,0.5328118899340714
physics.data-an,7814,2,sep_mercury_venus|sep_venus_true_node,0.4210298740745203,0.4657452924143455,0.576577789906823,0.463073075482801,0.500680441201697
physics.ed-ph,5731,5,sep_mercury_true_node|sep_venus_jupiter|sep_mars_true_node|t_jupiter|t_true_node,0.4245900617245465,0.5986103317607775,0.5757701713185223,0.4707332658179012,0.4639138730072129
physics.flu-dyn,9811,5,t_saturn|sep_venus_saturn|sep_venus_mars|sep_venus_true_node|sep_sun_mercury,0.4802131103682545,0.4320916758322681,0.5639560807798013,0.566829954408769,0.5155603042020671
physics.gen-ph,10533,3,sep_mercury_venus|sep_venus_saturn|sep_sun_mercury,0.4619578353699476,0.5096982780882338,0.5670259577940524,0.5010570796727786,0.4555604223916496
physics.geo-ph,7146,5,sep_mercury_saturn|sep_mercury_venus|sep_venus_true_node|t_moon|sep_venus_mars,0.4684570939918381,0.5021367377867918,0.5834144823587615,0.480220590197177,0.505668620530735
physics.hist-ph,7730,7,sep_mercury_true_node|sep_moon_saturn|t_mars|sep_mars_true_node|t_jupiter|sep_mercury_venus|t_true_node,0.485122895387342,0.432203721841332,0.5288046266498765,0.49678685755590957,0.5143734001409677
physics.ins-det,8614,5,t_mars|sep_moon_mars|sep_jupiter_saturn|t_saturn|sep_moon_venus,0.4508651094343094,0.567871558399751,0.5802229368086288,0.4572947097724369,0.47651487142321824
physics.med-ph,6567,8,sep_venus_mars|t_true_node|sep_moon_venus|sep_mars_saturn|sep_moon_true_node|t_mars|sep_saturn_true_node|t_venus,0.5251594441884715,0.5729671034373123,0.4894242764723158,0.5311049300569448,0.47721030530757214
physics.optics,9743,7,sep_sun_mercury|sep_moon_true_node|sep_mercury_mars|sep_jupiter_saturn|t_mars|t_mercury|t_saturn,0.5833164051390872,0.5849508874019858,0.5453357876610653,0.5324602958731885,0.543000610906458
physics.plasm-ph,9880,8,sep_moon_true_node|sep_mercury_true_node|sep_sun_venus|sep_jupiter_saturn|sep_moon_mars|sep_mercury_mars|t_mercury|sep_moon_saturn,0.5228131961034828,0.580322920773034,0.4902242729651812,0.5153345139032163,0.47040612042361396
physics.soc-ph,7952,7,sep_sun_mercury|sep_moon_jupiter|t_moon|t_true_node|sep_venus_true_node|sep_moon_saturn|sep_jupiter_saturn,0.45964684527365474,0.4457075348865708,0.5189080618231392,0.5167173683839297,0.5438842542517508
physics.space-ph,5884,8,sep_jupiter_true_node|sep_moon_mars|sep_mercury_saturn|sep_venus_true_node|t_sun|sep_mercury_venus|t_mars|sep_mars_true_node,0.59275437952207,0.5592548208567693,0.5889740417882753,0.5300314815403695,0.538528303649449
q-bio.BM,8395,5,sep_mercury_mars|sep_moon_venus|sep_venus_saturn|sep_sun_mercury|sep_moon_saturn,0.5331227908097687,0.5581519119537275,0.5796438182840616,0.5123645205904597,0.42729940074229344
q-bio.GN,3886,2,t_moon|t_sun,0.45698190965532004,0.46321719117961896,0.46591669342753156,0.46030655852084423,0.4979436885214722
q-bio.MN,5765,3,sep_sun_venus|t_jupiter|sep_moon_mars,0.45649468048119046,0.4990612613865517,0.4757509908907587,0.48341293705295874,0.47885320490097205
q-bio.NC,5941,8,sep_moon_venus|t_mars|sep_mars_saturn|t_mercury|sep_moon_jupiter|sep_moon_mars|sep_sun_jupiter|t_venus,0.4992208192177394,0.5719340930089313,0.5495103172158916,0.48332970749684473,0.5244554701888595
q-bio.PE,8387,8,sep_venus_true_node|sep_venus_mars|sep_moon_venus|sep_moon_jupiter|sep_jupiter_saturn|sep_mars_true_node|t_mars|t_saturn,0.5698937407144241,0.4852399715780634,0.5047017311543183,0.4670682504639898,0.49961265980946074
q-bio.QM,7444,1,t_moon,0.538918806471618,0.5467669385416094,0.4893533092073759,0.5005442134903253,0.49191654471332047
q-fin.ST,5583,8,sep_venus_true_node|sep_moon_jupiter|sep_venus_jupiter|sep_sun_true_node|sep_venus_mars|sep_jupiter_true_node|sep_sun_saturn|sep_sun_moon,0.5110980517861595,0.47452363144210563,0.5461053531360187,0.48927221872810855,0.5095248551596564
quant-ph,11588,3,sep_venus_jupiter|t_mercury|sep_sun_true_node,0.46382389162561577,0.6633287151067324,0.49337113437328944,0.47033677968773074,0.4516654012899466
stat.AP,7092,1,t_venus,0.5203241586077861,0.5606298325105386,0.5032652555172337,0.5068528772732198,0.5155060100516898
stat.CO,6118,7,t_jupiter|sep_venus_mars|sep_moon_mars|sep_moon_true_node|sep_venus_saturn|sep_mercury_true_node|sep_moon_saturn,0.49560470877085294,0.6237430281317429,0.5513044948781625,0.4733361688964504,0.4720794170486059
stat.ME,7100,5,sep_mercury_jupiter|sep_sun_mercury|sep_moon_true_node|sep_moon_mercury|sep_jupiter_saturn,0.4531575134707684,0.543203142361562,0.5274263977996543,0.4675653808557034,0.4852540109188967
stat.ML,6788,4,t_sun|sep_mars_jupiter|t_true_node|sep_moon_saturn,0.5148931890879975,0.5708456299000932,0.7103728228791565,0.5020879929321891,0.5018026558112472
