category,feasible,aspect_residual,r2_heldout,auc_level,auc_rise,null,a_sun,a_moon,a_mercury,a_venus,a_mars,p_sun,p_moon,p_mercury,p_venus,p_mars,b
astro-ph.CO,True,1.0050659368697583,-0.09243434666581463,0.48674228891270693,0.5112302012623557,0.49808378194432,0.04586149208566689,0.008736453065332491,0.021442273616194194,0.03864161661139651,0.04426819130919763,175.1832810459014,192.92819897434418,256.845308816498,41.4537147496967,359.9478375569262,0.9207311942748837
astro-ph.EP,True,1.001781816832179,-0.005538133472067663,0.42249076871433366,0.4319771735481705,0.5414444905326163,0.04027312363615108,0.003495438001943033,0.030038263452513914,0.02853938430301866,0.019440034828444457,257.20332419617523,143.5919951955845,9.677875204068863,121.00143558523283,157.1470369777729,1.0256443145370384
astro-ph.GA,True,1.0049900518343742,-0.02036265296972206,0.49952143154390344,0.5141448189762796,0.4547821728605571,0.054318798453213794,0.00995883093180127,0.04612194985708653,0.01127847842917649,0.032636154434167695,110.14552681591894,67.34241302076903,278.2548830135852,347.5395554638498,193.42722350427667,0.9803821975235215
astro-ph.HE,True,1.0000732738728633,-0.08244286802196177,0.507185764479202,0.503003513544146,0.5380465498743852,0.04558369057704598,0.0020431876140029606,0.01878586093823204,0.0084430219645337,0.022565760921128483,163.07783800539622,340.2532543033755,302.97639472339563,333.18077896723156,13.62359578111962,1.1072513366344727
astro-ph.IM,True,1.042205653881115,-0.38989931420755974,0.5991881199811053,0.6052137458667926,0.4206197939696199,0.10127586552548282,0.002572496028518182,0.1627974595157056,0.04909910277531588,0.020105531737781304,68.10006647395191,191.83866291864004,208.06063429361424,85.31784162131162,280.16127666817044,0.7225230924517716
astro-ph.SR,True,0.9972158855348264,-0.3872556053946299,0.5107740495725478,0.505608862930515,0.5074049162709073,0.038747131673688616,0.008944283509584147,0.021498458098473384,0.019558508048001563,0.01790954765702148,196.05731463288097,324.8841318540521,16.386966180444965,95.08315583891847,263.0998772415484,1.1943809448532425
cond-mat.dis-nn,True,0.9949170212295492,-0.021741245071525972,0.41051186012884805,0.5174277851158786,0.4970617009470668,0.03462537486678404,0.02094915535034641,0.026845537867081284,0.03682133509563941,0.033225267621410634,6.812441255561453,110.19863573167412,246.37140996860606,136.90412875581717,136.5188740306827,1.0733853085905471
cond-mat.mes-hall,True,0.9829605620375044,-4.607503147474294,0.5211656360657471,0.5321706040906928,0.5103996457379174,0.11543200497818096,0.01410736641439654,0.06306825789824269,0.043493213453978496,0.03256960780813171,250.5623876353369,117.53491894258018,65.16370810659811,103.91339775545217,104.5823122865998,1.4567792624688847
cond-mat.mtrl-sci,True,0.9991629418048643,-0.3742138790105838,0.3923668639053255,0.5009515432592355,0.48247669691768824,0.017383487956479367,0.00503817183411423,0.01258847021241998,0.012463948668982141,0.009505405905093713,84.81097700579824,79.91512833466831,299.2845351943813,135.88177606039528,153.7906486137424,1.1543753246063808
cond-mat.quant-gas,True,0.9971789278926492,-0.09477476764662818,0.4643693542990967,0.5053447339699115,0.47100280790717264,0.09524564623309051,0.009650868867003386,0.13208185760180857,0.0255716824150575,0.016132951081775163,226.43661528614294,113.39884615899021,54.22568514040565,275.24096098615524,327.06668394576974,1.1295059495949777
cond-mat.soft,True,0.9997432234650374,-0.5646848984577513,0.4635435056035285,0.47836592422969104,0.495307367029553,0.02249267128458421,0.015319945218745508,0.04563234295194484,0.0251156477751291,0.0130561262555143,142.83912718553697,148.66431414553054,328.7851566933972,122.99765574247779,194.0688778996617,1.2166342054190113
cond-mat.stat-mech,True,0.9721994075440685,-5.705897511114615,0.45637528095041513,0.48638728345794535,0.5035470480569474,0.22483746761174786,0.017224148001140804,0.13857473497829928,0.08149264235995843,0.03747065652015849,232.8634727495207,101.2849065519886,50.81253771779922,76.34786597509432,96.41347071303652,1.5872438449896276
cond-mat.str-el,True,0.9998355037419712,-0.385489786396199,0.5402066917894256,0.4682859426744319,0.549907182433494,0.034680244181029614,0.008052836156858706,0.04455831943384004,0.019814400004899486,0.021448710996985466,214.18319505300997,64.22729068056961,26.27371056982393,142.9067388066706,130.90733554140843,1.1802865685271877
cond-mat.supr-con,True,0.9743098065399266,-0.5263109526690659,0.5071655734446433,0.5346998608626515,0.5118362083858039,0.09605087475095632,0.02469584268363408,0.0747524290207953,0.03893050879611415,0.05246640092415354,238.26047562141588,75.78945866143198,46.72422631417202,78.32702930776239,144.0368889735631,1.2372390916821387
cs.AI,True,0.9962796848991508,-0.5162600182479162,0.5111424273435448,0.4758753166574396,0.5231499135715175,0.11162347419374154,0.016040164161283288,0.09192977182731647,0.0937698076294901,0.0574504166158756,28.06463775433581,357.7361234383699,212.46280614782714,19.043440538277927,292.31221879024696,0.8210471286727146
cs.AR,True,0.9877890355953332,-21.60270480308299,0.5581618416463202,0.48973956516684114,0.5028422112659592,0.17476307985642378,0.014206908331498612,0.14219779172865768,0.040855258052398834,0.022308377359603785,143.67022869177873,224.74996646539927,330.630388703886,0.40964665022881946,273.78659798128575,2.238609633278412
cs.CC,True,0.9988031078488087,-0.7168202794610783,0.4674929831792577,0.500541718188777,0.5190759868087926,0.046567243259053114,0.01630146687461336,0.00976892218819492,0.01465031948488494,0.04983469214583625,248.13649925271545,88.24085877000711,73.55010513532022,334.76340897804533,81.72183834009938,1.409360274559716
cs.CE,True,0.9980128197922299,-0.02845341339504448,0.5193488754236417,0.5067679983567834,0.5616547261998965,0.014208593536135218,0.02893514006891814,0.08740779518522902,0.0484547898502014,0.05484519565404273,136.94034840638702,287.7444221089097,97.0724973736187,281.07483290501375,264.37255264150014,1.0226925757466143
cs.CG,True,0.9955354144019442,-1.6015144698625083,0.48768547155209147,0.49078113269893536,0.5393909657653522,0.08359683012235435,0.005159566285370689,0.04169042069062943,0.03638216111544222,0.009505542650398706,169.73625500687626,317.93427825609956,350.3234571466938,348.3473447795838,72.38705050966432,1.6435334038452463
cs.CL,False,1.0085824586858607,-2.0308493176049294,0.4910294626087444,0.470387882299074,0.4754315529518774,0.09805161119078577,0.0305375750972696,0.10140794041587792,0.06598637345038892,0.017163679754202098,102.89265499480868,97.51359039175682,324.74354105977164,179.40127806130536,35.3727635196495,0.159621507677254
cs.CR,False,0.9999999785302092,-5.3969846836782525,0.5003903797865663,0.47666941305712485,0.4398492539397937,0.00034471614387194914,2.985812323344043e-05,0.00010500618802929766,0.0002616002043047557,0.00022542916007982673,269.6114617994478,302.08772006349443,109.78768367793369,72.55402430360598,87.3776022459275,1e-09
cs.CV,True,0.9985467285843781,-0.0956873041567936,0.5346708800381589,0.47332714387925456,0.4706768896981619,0.06001581277321938,0.028045776500438747,0.0191889200465114,0.11519294710022565,0.04321330406880036,192.18152915457392,114.52486743463932,201.19167447640453,8.050490699341076,74.82232141395092,1.0950096939439673
cs.CY,True,0.9802873945074242,-4.642211735548414,0.4038644439202915,0.542920512215721,0.5167037748498539,0.15174652919309134,0.016708403112830627,0.152765807178115,0.06510459833352668,0.009976614765500868,192.05638285358737,61.65603033635523,8.62050375164918,72.93012691977184,296.2797767171551,1.5699367994957598
cs.DB,True,1.0142581967598063,-0.008951339412156312,0.5662095602565466,0.47532797453069586,0.5472549222380656,0.10366447238286534,0.013938826337235841,0.08351342687721185,0.0908847918148987,0.039402365913497224,180.17570176672228,265.70882469509775,333.0084103620427,7.583307423900371,114.62483346911476,1.0071982123451357
cs.DC,True,1.000347625973718,-2.0011154061886125,0.5327031170158405,0.47167923923681176,0.5194365143688107,0.03377833464154249,0.009256257161831006,0.03894365173426936,0.02622018716236508,0.04730454432255872,238.45693120908288,287.69177332625657,72.06371560607451,346.2193694601899,89.05811027435841,1.398254419445399
cs.DL,True,1.1167019974855907,-0.3667583691922862,0.49219625186706495,0.47299173823749063,0.50278796007531,0.25592711756900194,0.05571986925879394,0.2574652031582663,0.2640236707477639,0.058241484424574386,231.92236081450577,71.70058238859582,350.25967791856436,108.08566880974055,331.0895118464414,0.6334319093999609
cs.DM,True,0.9971457813234377,-0.31292669928070294,0.5900494572829131,0.4473389355742297,0.4507096222391406,0.04375807668762141,0.004193676211535091,0.024507123918595716,0.03574096745061021,0.03709731476525155,25.987921906383935,189.94117163900222,277.4781698918098,186.93243862335572,49.493631879520386,1.347719590492555
cs.DS,True,1.0034200498288812,-0.1525865032492244,0.5535123678727799,0.5602869112492068,0.467589995425037,0.1113782933099718,0.0067087434131690125,0.10873527420158406,0.018257993191574146,0.03174693708895926,119.03362625661042,23.90894074832387,319.2856173216082,214.11285095257284,355.2068643900399,1.1661328909086695
cs.ET,True,0.9798676957405311,-1.6430146580530427,0.5310291449380178,0.453776661210714,0.4742470503912424,0.12136238693624687,0.007604689444734667,0.13009389009239009,0.038105466392303985,0.018329919525691053,236.47477882601734,274.8066741063773,41.05977316519087,152.77866227758068,211.4391790765772,1.633519598307113
cs.FL,True,1.000246491924983,-1.9258273865605906,0.5417224976550985,0.5486511233194873,0.48631348340863945,0.0196354810484193,0.028144298928206562,0.044868180004468745,0.043790624510448274,0.019057844260497118,41.73912101261551,127.87721579731199,140.65771738540633,330.50876982080865,51.3261305209449,1.8184399972198846
cs.GR,True,0.9815182348956163,-1.6474996085139595,0.5107156606921333,0.5127506279065503,0.4553787872347971,0.18620751911170566,0.009247027471605699,0.10080779108831125,0.015269264351882516,0.015138893416927535,76.54607783189829,168.19874778257258,260.3856215762722,235.08171220540788,254.57494858952262,1.6827722301321983
cs.GT,True,0.9961569826809764,-0.08052212263389102,0.422193587718569,0.6006706016016848,0.48814855323434664,0.10821886510644933,0.006684642275334944,0.11503101197867763,0.05868481799776924,0.05771339866843224,296.2440182481106,345.14478182994145,100.67890268787076,338.07977033582745,126.97219124796892,0.9212015981915227
cs.HC,True,0.9965511013685973,-2.522192148386972,0.5421305917095045,0.5575959750628896,0.45690943018532926,0.11133486188574093,0.02855054839334774,0.11628371845207047,0.015322300189176906,0.04309072582863131,262.3141984440751,262.4193980635682,63.18534838991094,108.67750139667868,140.45284726299323,1.461972795738746
cs.IR,False,1.0000000466432848,-3.125910409580218,0.4610348449724717,0.5202326620303294,0.4531658494824185,0.000259058944009857,2.9013066739575422e-05,0.00020220000774971494,0.0003733630181509038,4.1975219238566975e-05,50.75834871420436,203.82523072485233,172.85354954707307,357.5247751079947,38.55827801388667,1e-09
cs.IT,False,1.0000000538339802,-2.77589690708387,0.46028003293279,0.514801517409565,0.5202186448688881,0.0004209384989855266,7.863925367404937e-05,0.0002447600895859074,4.9381148153046994e-05,6.542666586633979e-05,336.59480492190096,96.15984295597661,170.87028305598696,171.8416053486736,305.6123020659877,1e-09
cs.LG,True,0.9997955843033133,-0.0462027380218375,0.5061885017637231,0.5187776824944966,0.4389942706077614,0.07525116473459662,0.06478245421260947,0.01763549613508997,0.12273812837810369,0.05659827003041854,195.94524239146185,294.9887945293502,298.8056820205062,11.936732271858121,113.5200249860801,1.0174625040836545
cs.LO,True,0.9887695071091314,-0.2481751964128982,0.5080816279204592,0.5818926701064796,0.4716559730754779,0.08601746820148404,0.006437890193234176,0.11816465631577723,0.023811494552340197,0.015019343235851568,148.92690718224898,81.85457329310098,333.24230665955815,93.19417840524845,75.83510099699292,1.2646739120881334
cs.MA,False,1.0295186949813493,-1.1159041970391845,0.47361147327249026,0.4699282920469361,0.46338148092444975,0.25580695509290724,0.08106945896371483,0.2471003057929188,0.14268753832281403,0.12732120819721557,322.65678130299887,41.119191546260666,162.37609158966572,31.334161229093496,285.32759979772817,0.411871873551656
cs.MM,False,1.0000000467919743,-0.7719287287595835,0.47432034976152626,0.5680564387917328,0.4774531682856104,0.0003767706754589875,0.0001044708378899208,0.00030893367460604546,1.8316361792920996e-05,3.679942567259649e-05,84.7108057661977,153.76983958825295,287.5776948723982,151.27540888572932,234.20787473730667,1e-09
cs.NE,True,0.9840395896203867,-2.619154716167483,0.49161239542471213,0.5071663429434691,0.45834293608990984,0.1320968403799879,0.011489159818660957,0.12553358537940473,0.06937589648619744,0.014591898064137963,179.5730521463386,238.01634456990132,21.352171690597515,338.2544679765821,267.9179156497418,1.5502520677900262
cs.NI,True,1.027168976137938,-0.5185033286294713,0.47076255302357706,0.4776245437506166,0.5553881722783458,0.08896406643594386,0.028202251419914205,0.16130402125099452,0.06457727392848318,0.10035441152588286,28.254409558474258,59.362796800576625,206.8716324177294,13.357371214267912,98.90364050307748,0.7372438208991684
cs.PL,True,0.9932335941030094,-3.488015376317928,0.4754166844842388,0.49819576522909015,0.5275299767156151,0.07232830559005239,0.04390310028113945,0.11078071881198111,0.029669554242251314,0.0287899672051564,247.03497171534917,179.5749960129893,84.51086525873954,274.6715104720343,76.98101261991252,1.8158846491177334
cs.RO,True,0.9918856314635867,-0.10609529371312143,0.5572581706175075,0.4958247235185314,0.4391037081361748,0.1478112923708289,0.021253857369838907,0.1427267218081938,0.0539450237659773,0.0263964890487655,303.21454571058666,121.25703308701829,118.20477178352395,189.38846479079209,126.24630691289765,0.9825488329619035
cs.SD,True,0.9973806651058184,-0.9569220111003813,0.4545085835643915,0.40927526399622444,0.4877801457743659,0.0882415354226589,0.01855413510587504,0.06333069754776574,0.025657103273739264,0.004512565141784571,206.43996131754474,271.63856653552614,32.97588027850278,120.89995899440042,47.36096235334878,1.3770600687847645
cs.SE,True,0.9999924570201751,-4.3697889759671975,0.5768778994577791,0.5031412028522952,0.49687970569397893,0.05921635666634839,0.01346859313420018,0.043551465390118005,0.07656686709662062,0.03211207289609508,92.83716806695826,312.70798794238516,229.71744453950564,314.14214601053055,60.13344678056295,1.5743895336857678
cs.SI,True,0.9964292990260178,-1.006134418920341,0.5138877148492533,0.4949422372499296,0.4464931870087031,0.05778365037642629,0.010460208680962172,0.06653789520571818,0.02732934173089999,0.010534763580185905,94.19290882621745,4.118163154892169,297.6010294710968,196.06988484534844,159.32472931818725,1.3211978687453474
econ.EM,True,0.9885969470769664,-0.3521236293301033,0.4405903830682592,0.4437774614765765,0.46396219404472105,0.18727588048272004,0.03483432492754292,0.09817455062335752,0.08914099563785591,0.13933888883541912,22.518113893329534,123.53374281828575,148.90807438380958,254.0159237338462,192.93890148152974,0.7918643564782153
econ.GN,False,1.0000000118744614,-1.7566483040609269,0.555685840227564,0.5617875056999544,0.4860229175198367,0.00017965212163675788,0.0001020589936992679,6.641396731501097e-05,0.0003497055419524296,0.00028390895700865524,15.345192818019585,55.14739139570259,213.59356729479052,166.1102788458203,351.8218714859843,1e-09
econ.TH,True,0.980811105222813,-0.005512013596703502,0.4835099032703823,0.46653615845232616,0.49191403382877896,0.13480672969986635,0.016824677473303292,0.0783540808974218,0.08975536969107221,0.06724194733824695,182.72249714629672,93.15108314172883,22.924197357335842,15.067359833563104,294.26065924008407,1.1144393218018667
eess.AS,False,1.0005890152568304,-0.53767967934062,0.4005705099918049,0.5089674084347223,0.4830116515412751,0.28926587474031423,0.01649852229174906,0.2871870894968177,0.035223028421747626,0.17672862535412406,141.84914318684346,281.8030366012764,339.5933674661093,71.36553755952922,184.8811946266545,0.445978744618509
eess.IV,False,1.0000000086450709,-1.0932240985755306,0.5069578766387277,0.5313373092628412,0.48744899128776,0.00022766285595725292,2.9187084608052654e-05,0.0001288191729779223,0.00011951951641687834,0.0004079686801437448,46.17392784683542,302.44903510526933,91.31247002406495,283.2181500458044,184.60458150639218,1e-09
eess.SP,False,0.9557166235656069,-3.0313113963045684,0.5584732784114914,0.4274529995775243,0.5627763937200598,0.15678415908806742,0.009055025582815167,0.09489113416739627,0.1683498237797503,0.2725044207343881,264.072197234098,128.36589041520247,16.53335761339411,109.3668068266047,166.3412029248601,0.36914484401016634
eess.SY,True,1.0011454400969784,-1.7607719297251814,0.5051929111238787,0.5238918106686702,0.47300986518621824,0.05055524794388416,0.018690655435715808,0.055673215226822205,0.015642342409738205,0.011938546981507118,241.12641945055125,44.37431953223156,26.11959719378971,144.38700835987075,108.53864835678716,1.354668751579132
gr-qc,True,0.9960277205402719,-0.2116118740640074,0.5282945696982035,0.5336831390910479,0.5203121765579037,0.06142549665453635,0.005187974575932187,0.054808223300355244,0.024299586130975076,0.01196220225381969,171.5023482205645,235.5134304063344,328.2540784649735,22.386241428592392,89.96495535049654,1.11996041910385
hep-ex,True,1.0055610427828268,-0.024036699149246887,0.5861588358647544,0.4686827058229506,0.5119918763269395,0.07315147929915752,0.00877190695839782,0.059695241410753094,0.045281696617544144,0.04091613613557951,180.53934740356127,58.51591935733509,37.518536596134815,156.42397388110393,172.527231080616,1.0169453049857735
hep-lat,True,1.0026276732951047,-0.18928454149960583,0.683756210931239,0.5130597852219907,0.5499105936649399,0.2872186007248971,0.015689524049002875,0.023988347332817794,0.004822042267885978,0.05691778597952455,184.84693950505877,113.14587450683,39.562208180493975,347.3181309626438,331.7899386022257,1.2386951531279635
hep-ph,True,0.994532729880033,-0.5930602209781475,0.5105164178415673,0.5046438378291067,0.538225909539054,0.08092758945030844,0.004355116174005673,0.0381519636644428,0.02179081423018789,0.021176291884490665,189.92042475013753,45.935959154981596,38.93767365799912,358.09632594677754,55.89030003119959,1.197080069981469
hep-th,True,1.0085322045674705,-0.011174546220348303,0.5639829333437122,0.4916118130322181,0.4896697770684759,0.06337184505881498,0.00570482077629412,0.039007427941283694,0.014220011143009447,0.0050016484571152745,213.91581095788362,61.479535186344776,34.70223685040661,55.494536954152665,26.374342001541212,0.9722022037937639
math-ph,True,0.9991086762167437,-0.36138038782959425,0.4837742537274804,0.4459352295291397,0.5226097421741349,0.017384935067133962,0.01876104689687329,0.015919342198690768,0.02822677235516923,0.011991334403565203,302.19273306451305,180.3684028805856,193.73110949771188,264.4905005617642,101.03639278610405,1.1795147302803144
math.AC,True,0.9980131956526102,-0.032410358811768125,0.4562914646108285,0.47268678362844235,0.5060346369853402,0.06562870659641051,0.012746468929891805,0.035724393971995394,0.043951434338171884,0.0618001925575527,121.14335185813853,22.979652784190517,291.0201683953769,262.0075441374337,118.29662128612885,1.048614563869816
math.AG,True,0.9963986268010043,-0.02120770007379602,0.4671533583294463,0.4803850776793082,0.481641561243597,0.02979214576011871,0.005840636808336653,0.024604827291185495,0.042891273663880236,0.018322407314755807,307.2809317960435,22.467976341777742,11.93559126155249,182.5036060376896,336.3651202601574,0.9844297094113734
math.AP,True,1.0018564814754105,-0.31891207686186007,0.49880520527437094,0.5007701387689296,0.48386118644484916,0.03795494093409935,0.0101458702076645,0.03853132347983423,0.029166580539799838,0.017037086342422195,27.061864303630767,343.93580078828904,216.1573217143494,285.25367604223095,191.1155358086357,1.1394638547587514
math.AT,True,1.0604018906093977,-0.7971620862632338,0.44246382748924606,0.5273586618498725,0.522453860450581,0.18861615690174963,0.02794128199969061,0.19845991293628557,0.10499347005053178,0.06888828005715997,69.83825363155414,93.14895297667827,215.88244313199326,285.6135612691523,245.13353361093732,0.5135652580110727
math.CA,True,0.9878644695567936,-2.1515684722842607,0.48509798268213067,0.5079451073763707,0.5160214915232249,0.14927554904428553,0.01637111861214011,0.08125192499402943,0.07804988345001561,0.014192246411595801,226.8892653759073,325.41517969925263,31.637920978979754,52.694903159659304,220.01530381628433,1.468539130858648
math.CO,True,1.002872804711652,-1.0276842525720569,0.5345960431740073,0.5074412180778936,0.4970753175374655,0.03427051736898695,0.007217036934782781,0.03852069170903551,0.013250303571608562,0.026666230547499926,112.15753608228209,140.0429674490529,226.57204251381305,126.18697451790395,17.229032867591624,0.7578608830989442
math.CT,True,1.0014271131551868,-0.28513800590752636,0.5247239364916586,0.47666782646913397,0.5067117922867027,0.16066034841015395,0.029306641836587898,0.17794872676128487,0.014604174205861105,0.030591820678032063,270.2071849003961,160.30058849155728,90.91319636944077,268.3183631328117,335.20324310732104,0.66297396834017
math.CV,False,1.0000002052741803,-1.6480282549368157,0.5256929244901687,0.4502295026992392,0.4661457972030226,0.0004071227855974039,3.0092025735022968e-05,0.00023545429348205605,0.00012629164958446518,0.00010934899341408419,181.8707499033214,4.58338583562949,346.99234365206746,11.165392618442299,319.31543277134824,1e-09
math.DG,True,1.0327725036083908,-2.0550156155244044,0.5055509203465076,0.5064686917379974,0.5116394697778128,0.11267935984275758,0.012474537127853244,0.11489295489797831,0.06810875456871701,0.027181599973371075,72.88714684750893,314.87161326542355,250.00945286211697,263.8612070199681,17.655460482327996,0.4328552708999885
math.DS,True,1.0143459490939881,-2.351743263655728,0.5524743138797612,0.45385465358448646,0.5066007885323305,0.1099520428927594,0.01869268369459371,0.07051536735143443,0.04406981083944853,0.021333973239153602,179.1602319970525,335.074902533205,354.95951153323404,357.35063227363526,208.0792535937623,0.3448392776784869
math.FA,True,0.9822104078956335,-1.5195976523233559,0.5191184971879002,0.4681106254693586,0.4884233923670683,0.10139117677055719,0.01444010645427264,0.10664048586952773,0.021777129365823128,0.005330749318884812,201.69900345381498,311.2289232688659,10.04804676166994,147.53012663143,308.91329970095063,1.339300223343936
math.GM,False,1.0255436557658926,-0.5672856092868503,0.5552796091708244,0.487654802209551,0.5138836591857847,0.29121100248749776,0.0313594071216716,0.09021249048372024,0.1211339522911128,0.15664399013084204,321.6004618433873,67.52529386644463,61.08120570386792,173.9852668788207,144.76577252559548,0.364878511104516
math.GN,False,1.00000001150517,-0.5002916198004721,0.46614763578231966,0.5107906922743733,0.5320351992362631,0.00036447480677001423,4.859187560856233e-05,0.0003327662246770089,2.9579127639615588e-05,5.6468219177626944e-05,293.63493574030235,346.8428510770237,111.70083588627283,288.9384785385983,190.2813490224773,1e-09
math.GR,True,0.9971103333790793,-0.06522645802756855,0.5103415315706115,0.47511525618650824,0.5164397522355231,0.0686257410248903,0.035746027495179584,0.05502291375717927,0.027106451497786725,0.012523681272607444,172.73566810524628,221.73492713588837,309.71524101068394,309.4718996435127,69.97113968792613,1.0884885689260708
math.GT,True,0.9975853860694466,-0.005140461017814069,0.469926340906733,0.5131569664902998,0.4672769952483048,0.03304440849916871,0.000505978881939815,0.03424995582176428,0.020539297446791137,0.011790733012007483,165.12989538253316,204.29184172620288,296.08689641411775,111.40590390942246,4.830614911212374,0.9797442494194797
math.HO,False,1.0000001714735895,-0.5693097678636474,0.43442971370800976,0.5263525726452523,0.5409186278572622,0.0003892480961207287,6.45163597722714e-05,0.0002579048360643363,0.0001540083445541658,6.395376713248335e-05,217.73946382499332,194.08689110614444,24.108515805717175,50.10038992328584,177.32726307392716,1e-09
math.KT,True,1.0014257507889635,-0.13402544705081865,0.5000595843118012,0.5250744803897516,0.4826485717705248,0.12620984957959336,0.01548012989833768,0.09330725396569872,0.04348330965182015,0.02261904595933003,177.32874370747393,359.77109687337975,19.8778171866705,282.7764474602425,302.7759123970327,1.31089277405155
math.LO,True,1.0008553777612421,-0.3961659292877542,0.46327843137254904,0.4476743230625584,0.5253558653809897,0.011762354815985938,0.015785813071469625,0.0652695270713407,0.02311932503703163,0.05151271946514601,116.80076622778272,240.98956134851466,12.56039712572068,250.88099852180045,47.23646340397049,0.7208100513216175
math.MG,False,1.041962499032275,-0.8251659563157563,0.559835998085701,0.48076952765184455,0.48669470894427713,0.13730669203471782,0.055509150947223716,0.15407146553883022,0.11130295472316412,0.043474183161446085,109.54767311423254,3.0026246566868577,251.15205131309207,26.540896316753123,202.8688630108037,0.24484844770049724
math.NA,True,0.993058938376137,-0.13363858615902413,0.46387134761417104,0.46759817724457553,0.48713556219985876,0.09363061040378232,0.0052837897003162925,0.08724152442222574,0.0497977209277393,0.03475222064428219,242.25374360262975,10.401196927834144,16.93697367873257,122.62680707842601,134.7580949420582,1.1136294193276282
math.NT,True,1.0010746863084508,-0.4524595276686827,0.4966552424473216,0.5387712617415588,0.5060740946052387,0.0862872710787444,0.009507470959759326,0.06641086911344034,0.011570026020576501,0.02996573836553221,245.32853172689897,237.5917313067763,87.19910089330747,322.50437939390815,76.76824963291548,1.1739512586509027
math.OA,True,0.9994682413486587,-0.7028870810503556,0.5138981275427783,0.46340498600021657,0.48581662754666655,0.03355732717915711,0.013484323216301329,0.051523435918838886,0.03172352818324262,0.0019146063461308697,139.93003072708805,41.76313304444365,327.4176573507639,147.28550353762648,177.56215694270972,1.3901409343439037
math.OC,True,0.9998274194291815,-0.6285216089817742,0.49557947983347506,0.4820784278615874,0.4965062865258604,0.07775463961450278,0.01720192804915146,0.03258917017777537,0.019118621578161122,0.03348137335188102,319.0375258246195,111.23159536353735,117.18690338291121,158.84732996902753,158.18625672396766,1.2067796505154211
math.PR,True,1.0040199927077669,-0.01829172500599152,0.5293009299062572,0.44905615357782436,0.5117489180201678,0.13608298023169163,0.01494552556651891,0.11549827611577643,0.030224943976591954,0.008913635441502659,286.04477394481404,39.969360331644275,100.34985120762117,91.76930148139584,236.7912041541237,0.976608647001015
math.QA,True,1.0049986590577682,-0.2940196999879148,0.4968252618148955,0.5382892988145235,0.5205894804736491,0.07547972692780468,0.003782443574666092,0.06841092793482335,0.039952078056099814,0.023028593424261508,224.94734722055037,135.6647658241417,29.116835860813747,239.5160357460183,44.77994112928932,0.6622517415671013
math.RA,True,1.0015223799426867,-0.23419857642257869,0.5619668366395456,0.5108484257527561,0.49171219434021185,0.0628033588558338,0.012107370490022792,0.04770096318215773,0.053080007043375614,0.011877630066373945,226.0185997171176,230.6079891147812,100.48266915562486,358.07372072516455,342.73575526659044,1.2024952081813622
math.RT,True,1.0044717882907834,-0.19653914711187803,0.44873836784165244,0.5138020755076078,0.5415994543228355,0.09789829078616319,0.010694381539605122,0.050158216319743154,0.05852030344870458,0.025125484767433825,159.4855892611429,113.86943635411404,281.1310578097403,346.5109792852594,267.78721824559636,0.8557295430686904
math.SG,False,1.0000001143789572,-0.7186163070868454,0.5415852620286117,0.5052041554504609,0.4692137536851637,0.00041564388138079814,5.218303635862227e-05,0.0002653520307174247,2.2906898599040796e-05,5.9838686297509794e-05,164.0212138758932,197.92305609457475,321.21128327306536,173.2124933894934,7.97522219602237,1e-09
math.SP,True,0.9770074780934999,-0.2854687522101247,0.4683039311182462,0.4526964055942374,0.5206352703719552,0.12066016011991869,0.0132068353734907,0.13846695728335162,0.04285135922816134,0.020887044012178908,212.3793509356655,105.31738936042356,15.226866185377606,165.32333896321336,34.08856355096303,1.3233760859796415
math.ST,False,1.0000000804353666,-2.1269595545719726,0.4483861082737487,0.4871944160708206,0.467120527789887,0.0004065020643317214,9.129412438154247e-05,0.00017867427862250178,0.00020457603003906598,5.143544147414448e-05,103.94886061727865,132.78232319535874,296.83769536811644,286.9006529889708,47.7351115195614,1e-09
nlin.AO,True,0.9956951795910975,-0.016134542597793233,0.5494830619290868,0.4695975503062117,0.48280898622703117,0.10969503583199407,0.014866884078591696,0.06408099821303088,0.07005170616112984,0.024016687936097514,145.3483253931717,239.57023884092243,346.0927851198474,303.27448729569363,9.694324913246433,1.0938899580477188
nlin.CD,True,1.00111206620448,-0.16092804931733018,0.4781074220176784,0.4468916648403828,0.4896644025406206,0.031826973397855174,0.00559628153384429,0.019463628558008234,0.04029025036864951,0.019152903390988883,4.000324596805763,301.0983708649275,79.31389901859997,262.2506832006602,122.5118484298028,1.314820440315534
nlin.PS,True,0.9972290519645766,-0.06668003903579978,0.4646634708636981,0.47745518024882927,0.5253595288574753,0.03778156129479658,0.02126618455338682,0.03994727039801008,0.04538734628974982,0.042252233872957304,139.63975190103972,352.7359622413464,2.290155588198348,249.0825273451415,270.13090043152556,0.8033764520672534
nlin.SI,True,1.0001896429735961,-0.007149030670159373,0.4742606419649221,0.45610941680980593,0.5106268512281136,0.10151817845262609,0.005578055256559743,0.08340450748758348,0.06603875939577077,0.022057018936217723,130.84424140691283,2.3479887482727535,283.08580129364293,297.40450506559233,80.03375596271131,1.015281951386907
nucl-ex,True,0.9988144572455517,0.0015729349378983404,0.5079934535086168,0.5063003586505533,0.5312078361519706,0.12237267986676395,0.009337655766499439,0.07522165536211232,0.032829051817612045,0.030118271032995917,196.76746978819952,282.79562664615236,21.31552448813863,19.57252254920196,199.2374258947923,1.0383145367486208
nucl-th,True,0.982747345440567,-0.12381737576363716,0.5073665137249367,0.4934006918254367,0.5130491190373203,0.07427612111173813,0.010306441747260833,0.0442574379609824,0.01751055485028568,0.01693180842570634,174.71804954598258,22.82018150233351,319.71073260338284,0.9952067226429865,131.5771706515947,1.1177944738392807
physics.acc-ph,True,1.0141001000517955,-0.04037369499800736,0.5201746119733924,0.470629157427938,0.4974660690956877,0.08324305239269449,0.043770090721158894,0.11242451545010201,0.09385209212784469,0.016525195072139662,112.34197541218887,129.22940906886592,273.61175572728115,44.24773226965133,226.13398593262977,1.0988609098218676
physics.ao-ph,True,0.9937684494302942,-0.028506304244503955,0.4324650434847803,0.4922917603838656,0.4426684470260832,0.07338824425453232,0.017107400450736835,0.06004686972702842,0.049683500743120314,0.021982297594344908,146.22966878574766,89.16069811524912,249.23588566902004,15.094169459735511,16.317517342487385,1.1210812240808574
physics.app-ph,False,1.0000000176992805,-1.5462769418695275,0.5643237669702699,0.4453227931488801,0.5976420138387037,0.0003418934075901457,3.907842814110187e-05,8.01680405216132e-05,0.00024068506156850377,0.0002592789245525169,73.84891960418929,225.45611028057564,290.99762164105675,278.09762995738333,149.32734640097092,1e-09
physics.atom-ph,True,0.9945662491226009,-0.060395646745305065,0.5231079850460123,0.4902603367842536,0.4876064847394287,0.07770093133999449,0.020709374284395437,0.04867879312084708,0.010311172774537226,0.0317271774855106,194.9482048764127,96.0115925845929,10.879760924239116,47.55967990762923,55.80518240854617,1.1017021607691821
physics.bio-ph,True,1.0164667196375858,-0.2491967392619181,0.5488347353605446,0.452883702661124,0.5084313152619618,0.08320158596952239,0.01940766150702121,0.15350582586990705,0.10069569274405801,0.02833797824019457,13.502064325751746,122.90402203510156,231.55213225594733,88.0777532335698,9.853862181205349,0.6838232001673421
physics.chem-ph,True,0.998286221700191,-0.21767098877447322,0.46060542417496253,0.4728903263745957,0.45608644790098074,0.18915364540176055,0.0053690893505943275,0.09504831280522055,0.06999208800746959,0.03128029774379988,43.91569461349801,266.7299022261361,211.3747815218363,240.51516716106755,220.08815955697764,0.8351031160843377
physics.class-ph,True,0.9922689533072748,-0.43259441438167756,0.45344939827478253,0.4894713636294528,0.5046386590208408,0.06769265626196597,0.014866409711350724,0.04600095753968753,0.048794218305589554,0.04742181081398428,159.96834359292043,44.282502776979136,24.309591877949007,259.99901387653716,298.18625816694987,1.350488740241093
physics.comp-ph,True,1.0019264446702913,-0.6105810935655329,0.49547570224261955,0.4574558691100044,0.5170067392717672,0.03758243656342513,0.0637289526555654,0.09067956022006111,0.05311855794895338,0.04877299028451168,260.08829600467993,229.46624821487853,109.28854636271578,275.7985163873773,213.30488434256233,0.6147293339833276
physics.data-an,True,1.0008114601928877,-0.1968543616152414,0.4354211043023062,0.45763438726072214,0.4977380844737343,0.022156566888246857,0.036781923346907885,0.02482586896644505,0.015635879276824357,0.03373560881724605,206.75165096302902,197.6170574786163,132.42463012995262,323.83534185477623,358.7482437126836,1.32809321630836
physics.ed-ph,True,0.9906629623435891,-0.06340923424024014,0.5371490325664526,0.511284992829977,0.4784534700572176,0.16031963435071903,0.023650593411278995,0.09827507705507144,0.13545327089875514,0.008711132029945175,339.26800519492997,28.120022746361375,151.74990574423035,151.6261234601935,145.96170305531925,1.1531158119668736
physics.flu-dyn,True,0.9917058705412878,-1.4624235540059747,0.4598695286763971,0.4858462394910862,0.5571791534350627,0.06378169893196958,0.019012965048006585,0.055195019970845,0.04311611259442652,0.01998622183558821,147.06878975590573,187.74768515911057,350.98764550374926,239.1238743696855,191.60076082881065,1.3114230965065385
physics.gen-ph,True,1.0015308506252993,-0.05483737897688479,0.5326078648087511,0.5319209593951101,0.5453383042965438,0.013252740937544395,0.015350226314829794,0.04523163132845462,0.026537977595906207,0.01911502044665396,286.60773551194706,197.93382256590087,324.8368635214764,126.19782642707264,206.06092846964864,1.1439611478956973
physics.geo-ph,True,1.0643636922507231,-0.12421102821388708,0.4810379911754633,0.5149482101323233,0.5500920157608189,0.20511259807479004,0.030397602159168133,0.11150814473315786,0.11975304198700534,0.06114452367669937,6.644644529315794,325.47563650459267,188.11371816030854,174.57361346806837,307.9316862949881,0.8518933096298659
physics.hist-ph,True,1.0123552080863598,-0.051169904735701044,0.527559348910965,0.5373685928827947,0.5285374493196497,0.08384386130458764,0.014004577015936711,0.04902576826321439,0.06734666334851439,0.03284297208010314,51.756652227263565,278.6140760767202,281.98796054344757,219.2549590408868,283.36939020888576,0.8282776332188362
physics.ins-det,True,0.9882887864813288,-0.8516795646680975,0.5786575680714303,0.47857832680654167,0.49778681099637223,0.12302510221781106,0.014144142760955599,0.06033715631465142,0.04807811448721331,0.0300193415846282,169.6683819524081,17.18535160455335,342.98582687189884,2.557927376565286,247.43991380059276,1.3228208824402266
physics.med-ph,True,0.998429476307107,-1.1116291882230023,0.4925592712046625,0.4386648452172133,0.4615472475118166,0.07228915737499328,0.02421569116709974,0.06455908992444455,0.005710629290681425,0.03733800723425586,243.61245765383615,244.80283316601478,78.78103520946092,58.920783427114124,289.9444588513915,1.415880676835662
physics.optics,True,1.0220713741393406,-0.33297167468477396,0.47885642495288755,0.5373508886520677,0.4980243969062411,0.10504709604794553,0.012184673263306462,0.04094116530063975,0.07395905497082056,0.003127330815703952,86.89816271503067,110.86125432173789,318.963269694955,247.6446233857144,327.0769593011104,0.8597618516535728
physics.plasm-ph,True,0.9606382325224431,-0.06935284167735545,0.5046984758747454,0.46690287679235515,0.4432806657879519,0.1311567104921774,0.02476397107076738,0.09927432468018284,0.17347133138718432,0.04827076102675932,207.30010998382627,293.83767292587186,279.0837241119994,67.18314397336154,178.5349955693528,0.965444142521505
physics.soc-ph,False,1.0000000410460645,-1.988711925046549,0.4689716312056738,0.458237596311444,0.4998147250882658,0.0003173554902557811,7.030286585519565e-05,5.153566542338283e-05,0.0001653908088670906,0.00033813156520608623,81.55103246429147,123.30337353437488,307.62984087791125,302.858320459102,277.0517758244356,1e-09
physics.space-ph,False,1.0000000601163888,-0.4112436655431684,0.4937601072088963,0.5127181707482072,0.5049003457316529,0.0003907397802339706,6.148026180812905e-05,0.00015813613189842132,0.00022482013718298348,0.00013413229013157802,43.543866927680064,44.25355454730781,208.53847246227775,231.0036279245146,237.09351771389453,1e-09
q-bio.BM,True,0.9947984364688162,-1.2856798321208855,0.5046409731148243,0.5378708761782348,0.4436799433839812,0.06883558031988515,0.013754434608479757,0.08045999804427366,0.030557311384312166,0.020041493026179823,203.13898326874641,327.22675131350786,38.61547831550325,229.01753004780974,266.11076383828987,1.6213820669539702
q-bio.GN,False,0.9932125154942976,-0.41198465751005364,0.4646555876685935,0.44584269963605216,0.45679878941848506,0.16307682929939948,0.0938275350220178,0.2084867254692833,0.09821752398341592,0.06859739790091661,138.31092021594696,39.136503314023315,324.07386625537976,228.22711823024892,95.80877577546102,0.3053140322614853
q-bio.MN,True,0.9996090248920659,-0.08233521923685139,0.43900980460329597,0.3689034142271052,0.5336683153126214,0.010551920836908266,0.007449894803346494,0.0661769506945232,0.06358302041243108,0.026040540169407746,208.3609132207404,79.46509445454979,279.5404331407648,90.60907020554647,66.92645371718062,1.231012068770381
q-bio.NC,True,1.0001637557182137,-2.6819282285284376,0.43038189097628576,0.44157068062827226,0.47426225233792185,0.034380059466397474,0.013903731135055997,0.037607819391451275,0.02800354561850113,0.030053732712376324,194.1439718213839,293.2760187223001,54.90858166152141,250.83566916300703,212.65167119496684,1.5857006063505024
q-bio.PE,True,1.0019109345787203,-1.2572726910231187,0.5348733931916543,0.4877737226277372,0.5105443286780191,0.0462816215696333,0.013100923818135478,0.03375886507383098,0.07060575563806366,0.015396205760549122,225.15821769818245,61.62700664154709,308.56810491930844,78.77371973987636,297.1244336011936,1.452341099485271
q-bio.QM,True,0.9977085918414653,-0.14122397008019982,0.5064429651377299,0.5790563401288986,0.49644879223065086,0.017698474201293602,0.004394872300250244,0.07236611717461197,0.0497535092377173,0.036724155674150424,332.85798514952296,245.39691971634525,76.04473801636458,230.19702176292307,254.63218933041043,0.8520794244879949
q-fin.ST,True,0.9892460169216654,-0.6977229205031916,0.5263454072728568,0.5437689211810378,0.486871000170397,0.06467440462578347,0.023518407511561576,0.08832273016901297,0.046635225294508906,0.04813102842741164,261.3101534284861,29.681827831012715,63.824132963649525,181.94878170512322,43.16493004614381,1.47108381892413
quant-ph,True,1.000238257847121,-1.341648566421156,0.4197112753147236,0.5388854679802956,0.4621997481453516,0.013190932528905009,0.002838782139992559,0.009336952227526845,0.009205404215770676,0.0050768871946139955,48.51897270489813,141.5492229005694,316.8908479260537,192.73235316858134,187.29572708057538,1.2854172907122952
stat.AP,False,1.0000001040765294,-1.78957445680213,0.5044904307837965,0.5301142895786841,0.5242447309342461,0.0002759726838063043,0.00011332669203270982,0.0003960155973642257,1.9360658802738753e-05,6.158693206069217e-05,21.54674959072973,264.9571237275436,200.18905727338273,110.35645428677905,183.50641780288183,1e-09
stat.CO,True,1.0015633899152423,-0.01238210284445751,0.46935196464977025,0.5588142265258254,0.4436962501461059,0.06775862283690359,0.004485785249500643,0.06917241656491599,0.02459376626081454,0.036326275918717794,162.2447997517066,256.22270565957007,340.64669446599265,328.56118381442064,117.35725348075802,0.9739143462171859
stat.ME,True,0.9854008532234829,-0.17997840647397134,0.4953894906361204,0.5550302893870259,0.4779793455346306,0.15708782344783975,0.014854486606120114,0.1483216517214931,0.09313556913925627,0.07230815262658505,281.56732096986383,303.354455990414,89.19875784408914,136.7787880702205,18.42750352145055,0.9374050861965231
stat.ML,True,1.010344320293771,-0.7387597086034865,0.5424748879288005,0.49484221071319445,0.47787701557027806,0.17835784976195818,0.03057499467867948,0.06799632016450724,0.14659140811347038,0.03862490058170766,176.09361119566628,253.81803353910354,332.10145870138365,6.39602128467233,208.42529801992677,0.6530405360964834
