category,days,b,feasible,aspect_residual,r2_heldout,auc_level,auc_rise,auc_sun_only,a_sun,a_moon,a_mercury,a_venus,a_mars,a_jupiter,a_saturn,a_true_node,p_sun,p_moon,p_mercury,p_venus,p_mars,p_jupiter,p_saturn,p_true_node
astro-ph.CO,6463,0.7377928046884209,False,1.0502781848912675,-0.7994395787488935,0.5058503036798857,0.5146391568417292,0.4997826604739789,0.19901964970710184,0.01063402109455283,0.09055847356807427,0.1592063829997861,0.0888313193176557,0.4594275624931669,0.4597108137811471,0.20191604437370178,217.4801850901697,160.48481511622342,146.05780476501042,32.47922235152989,305.6533561697238,279.5907050549647,325.8553594717155,319.880366633775
astro-ph.EP,6462,1e-09,False,1.0000000308604768,-2.3848766321231207,0.5175562269217858,0.5244478012755959,0.40361530715005034,2.7051778037979806e-05,2.790837913772952e-06,3.3642621961855764e-05,5.006233814374784e-05,1.4929795528901044e-05,7.957519731780162e-05,0.0004465511132832236,0.00019914653202766878,130.2588209718693,172.22117236267903,225.57257019741564,21.166115629802825,248.44691494294563,235.70205573535026,264.45182598593175,275.00558950742106
astro-ph.GA,6464,1e-09,False,1.0000000122875325,-2.8951364676251834,0.4610278818143987,0.4121181856013317,0.6137578027465667,4.068394143895538e-05,4.3240915769457036e-06,1.5798538039744772e-06,3.2584912471933676e-05,1.4699774282050806e-05,9.979476944775655e-05,0.000424683979294455,0.00023818120211245274,169.51516538841133,54.84396901561863,155.779669217619,12.864314530920458,223.75306442212147,221.06055094430172,290.92167008292535,261.7491352715237
astro-ph.HE,6464,1.0895582694998829,False,1.1360352739867046,-0.16950190964997147,0.5761230118251539,0.5463598927046733,0.555343987305905,0.11710848297961003,0.00531184570804766,0.08047861129651013,0.10388621443225532,0.0478959551771819,0.17274578428664716,0.7523394444669311,0.7469776835390818,225.71737421811807,208.08831226929374,154.88914959363203,356.41575186148515,310.34308323409425,257.0105365553574,12.64431444001661,158.06896703739616
astro-ph.IM,6462,1.2435051902420824,False,0.7953038631025902,-3.435238982366484,0.6164560699102504,0.5826198630136986,0.591990434577232,0.16154206685804684,0.0032392681529619083,0.05566132123234334,0.06967075581435195,0.09157891845512157,0.09221654154325974,0.8358964699264185,0.8925430699769789,252.5713578417915,279.5869207228814,183.44073734605908,88.44562871365696,353.65882290971507,235.60826136843855,80.90210390035772,87.4562122710278
astro-ph.SR,6464,0.9455671036508417,False,1.0479031874117852,-0.14308703535397438,0.4803789127944322,0.5810371429895835,0.5749879147876644,0.11783532881271128,0.002486301626591436,0.021881849712610667,0.0924830960525742,0.017425930872892105,0.5851060722731545,0.644103676737221,0.33712243685052656,215.53726725388765,306.5641696459698,55.8668951789901,20.754946990538013,188.12731764976033,217.90524657455165,315.1739304173826,100.87359031300372
cond-mat.dis-nn,10935,1.0286632150484565,True,0.9637899466958465,-0.7196291931022094,0.49718535797463514,0.5317180722093653,0.4713761943832254,0.03341857221475749,0.019251461859617725,0.02998577065054021,0.034064971292803115,0.019911138033371665,0.16976880105088707,0.27986349948580125,0.27778039414478883,20.80363387614698,111.90949526648278,218.36136969647924,129.67377649719228,131.14093518685348,53.40742823810547,306.7022267352252,240.81343477652993
cond-mat.mes-hall,11106,1.5071252901965702,True,0.9353366697095133,-44.227513883927074,0.5052322815918819,0.5157827281856139,0.5163693779398552,0.11201678314479048,0.011287300197916551,0.05730616328653739,0.029427304577992006,0.036084132152869694,0.28115201827134023,0.5371378443226079,0.17409742165209247,222.80228064353565,119.90022119553565,59.6325524148732,121.4115042640872,72.23523252141494,98.79855706812424,317.22786665663017,283.33048948547116
cond-mat.mtrl-sci,10938,1.1691528267549554,True,0.9935666571264641,-2.416190255288143,0.45980009595394206,0.48079481848712624,0.36113865344634577,0.02224155518365257,0.00485519779614586,0.01153503493448682,0.007945931947680306,0.006598879932431665,0.12922785776147463,0.12465925533752968,0.13716574421666503,109.26013754105857,77.90019220567031,315.0919187533015,146.05614459815575,122.86078130433793,58.60634820047358,309.151843184334,248.0677642576637
cond-mat.quant-gas,6403,1.426673099999555,False,1.059983111466549,-5.825593863907871,0.5383811681082,0.567570161630898,0.5177810441564424,0.21289332885401646,0.029009368259246472,0.2362398869154391,0.3288327315883735,0.14031538982222688,0.1317490371544377,1.2603339002452532,0.4469932378539552,305.14338265408253,79.30183960224252,36.69743828526104,164.73031925717663,298.1179640372487,206.89450087827143,45.70571383862335,169.71272945801198
cond-mat.soft,10956,1.2198961019362518,True,0.9993260989125115,-0.8515554614521816,0.5214039560290809,0.478927687127395,0.4371632101703901,0.030203670587325235,0.013776922500472803,0.037614502975680364,0.027031770313795545,0.006449119424655875,0.16354953610781095,0.041599123034396994,0.04016423825043587,112.28626438247878,141.92728059157588,320.4940395792565,125.93611670220642,251.87768856909057,278.45381252322636,4.482029978417943,252.22105390947806
cond-mat.stat-mech,11118,1.3557745117278506,True,0.8313564382414551,-52.652760435115646,0.4870629023133495,0.4647149213338838,0.5006717964007766,0.29305206918616555,0.019227736619102452,0.17840394556037495,0.0691112242050102,0.04159605781892255,0.6225765241079886,0.9571016054222411,0.13705250308814168,220.9430025384243,104.40096387914983,50.50163203385446,80.53617793652776,68.62296882919694,130.60852007662575,325.1574010562591,350.3002892300719
cond-mat.str-el,10964,1.191100149521496,True,0.9865117361458745,-5.37744150692206,0.47765673175745127,0.45513075254082447,0.533535457348407,0.05625391405286475,0.008119682146935942,0.05163618164267865,0.02052053004326216,0.012122999223034324,0.12849777750483474,0.3286890302305382,0.20670434136926963,190.61992923560635,57.9374222609569,25.127452770433543,145.29976495034117,96.46086966270227,77.971993864203,320.7080079670727,261.5522695072841
cond-mat.supr-con,10987,1.2539440679957097,True,0.9799082127631225,-8.511153555753936,0.5050288213078911,0.5234178095806002,0.504596501689525,0.10836724965804373,0.024896737687203463,0.09281851963693934,0.030247988141039964,0.03952970725389776,0.17979737542988883,0.408752295900696,0.22212381202397735,232.37195628286696,77.62301591187918,47.77810965031387,100.58153059694995,144.51159283148644,137.1704097042329,333.01756351496266,317.7414444809783
cs.AI,6784,1.8866775065463701,False,0.818995404443091,-20.55811691928406,0.4732749509285822,0.4958561913869176,0.5145061262379698,0.1655992734275547,0.013668841868458372,0.11013005018084417,0.08021629137600957,0.06434102337125008,0.9569713745408005,1.5480643188956509,0.4437810012210891,193.85215832847842,340.3208503090124,179.44812748085812,11.228310692280427,118.28971293988894,340.5724797682589,48.68315305965394,230.49411056214913
cs.AR,4036,1.845312539088542,False,0.9925516824924462,-73.4926055578861,0.516248110684804,0.45461283571677713,0.5046070224392513,0.07646940029718431,0.008756509713086506,0.06611138088149766,0.140296640478275,0.1328517584836489,0.6965436816743256,1.5672893609421292,0.644966377516438,195.73595815549777,32.36992679574762,147.17508887768054,355.40165549058014,259.2821107751542,314.83070727054195,4.6428732911422514,70.40468306893551
cs.CC,7545,1.773646436722604,False,0.8137930943479105,-19.095622835785356,0.5170778621759015,0.49282027125164385,0.5398496535751438,0.07889141539048895,0.018196448647489375,0.04317448147128098,0.007945380897548609,0.030967312583847207,0.3127568110454536,1.4123493525546968,1.0216814867851507,225.84932859050403,81.64325016165948,132.4405159562292,173.15656059955617,75.22858796267346,305.44663095389393,11.605979811911666,234.636256100691
cs.CE,5693,1e-09,False,1.0000000118924175,-1.5832663344129232,0.5301769881209134,0.604097771387491,0.5329533394953956,5.304700874278672e-05,1.0416864579709185e-05,4.506708561121126e-05,4.2549701663315885e-05,3.624813872504495e-05,0.0002493746162479249,0.00034066360784755804,0.00025235424303367786,209.7895912919259,331.51720719986434,31.716291630832114,214.74773387848555,134.93259585710524,334.86465293403035,307.21317770064934,286.5189925416549
cs.CG,6596,1e-09,False,1.0000000343482376,-0.7081466926038429,0.4686477352108267,0.4511317424108476,0.43264473230357187,7.503959002744023e-05,4.448057805391326e-06,5.059852718735317e-05,1.0438936537762417e-05,2.882038793836428e-05,0.0001374531626028021,0.000370369291812046,0.00029117467845421956,89.77318032526287,269.4707138438248,269.78643922427676,291.4516608680823,317.2666439057134,61.07967555682373,239.43389377922102,255.81094123867757
cs.CL,6222,1e-09,False,1.0000000332180605,-2.160037662792249,0.5560565143855649,0.478947270059897,0.44042535298130203,4.701093233878744e-05,4.847589754048892e-06,1.4804181992028138e-05,2.773501345905712e-06,1.711805993247033e-05,3.683900019732982e-05,0.0003976042600644651,0.000296311203749106,102.38016843594917,63.34882163947402,297.0194796435483,161.86251544735646,339.3065720483555,298.8309687552855,252.44481722078655,292.461047186862
cs.CR,8058,1e-09,False,1.0000000492390446,-5.396984655757366,0.4687558851224105,0.5336118957940992,0.527866054613936,1.4471957709269444e-05,4.485773009244212e-06,2.593893129079984e-05,2.695441450289221e-05,2.8213118092969502e-06,5.5447477938140595e-05,0.00037593443581617495,0.0003224313710240001,256.3190539507651,287.91721536106326,14.31493962532022,84.33857321945369,103.81348262273607,204.43742419470746,191.43050678958238,35.610036259813526
cs.CV,6966,0.6371755443716374,False,0.998395595737523,-1.269221889080614,0.4798942114408367,0.44408197335695543,0.49954856734012465,0.06137178027942787,0.014416068612234592,0.02984733771927576,0.03690559020180339,0.016310575342997978,0.11542632900411232,0.36502088794069565,0.5029273644471547,111.50114521965445,90.87245555348079,208.19270435814633,345.99236147363916,42.30614064719393,325.82169954306545,304.61258251219704,259.98631769664337
cs.CY,5605,1.3709849280965667,False,0.9133027817055173,-22.62255060097884,0.501072822588622,0.4850679834739669,0.38554656886988414,0.0708811511958222,0.004827046421542414,0.04051864340093677,0.13008186363324473,0.10083532130797437,0.6896986877442054,1.0104953702708217,0.5907928621789718,155.59692633031293,278.90448096192364,302.37349495066496,223.83877277913217,52.16738531083685,351.31334345981736,18.44835031055701,213.58834016915267
cs.DB,6529,1e-09,False,1.0000000189107934,-1.7052400505677943,0.5665202944888286,0.5102201579293106,0.5016013715918042,3.6722285012416586e-05,8.017321700232181e-06,1.174111963051383e-05,1.413841900157912e-05,1.5105877106066632e-05,0.00012777437670271192,0.0004525982654492715,0.00016385902111748447,354.06432627250746,324.82436514417543,312.98148460970356,88.91534307043828,335.35318738816204,108.29436629719038,226.8365965690808,298.0564687938893
cs.DC,7661,1.2723724543439365,False,0.8540593936405197,-5.529940749653989,0.4793288759169604,0.5145847587538865,0.532008089171423,0.13356959439991598,0.01832919062801178,0.0716701702010199,0.023684417155793783,0.04982445062082426,0.37884642730171114,0.8627078423814636,0.8395149725990043,265.00975720853114,197.38456081921424,106.86394246523662,278.12842999907684,90.46758622297692,98.06104899718166,43.877115852933166,155.84240910749412
cs.DL,6196,1e-09,False,1.000000020486422,-0.9297418984466987,0.45691455843913364,0.5176816887602689,0.5457518437266616,4.4203807843016335e-05,1.404939618292536e-05,1.6345898563619277e-05,4.528498459653254e-06,2.6865886811247785e-05,8.632798381508916e-05,0.00042891952082663024,0.00023540325004349965,56.85569567514932,83.03196705710555,353.80856710214846,238.0785291173077,120.81119910552897,72.53605574106489,230.39097862288034,266.2667126075643
cs.DM,7158,1.5014815799649903,False,1.0194939708952855,-1.897658440308509,0.5048406862745098,0.5060727415966386,0.5680759803921569,0.07757456607938942,0.018751031515983077,0.03569784785400409,0.02103500868269289,0.04872672021473602,0.04939919521791489,1.28739493235368,0.7643038839075446,254.3511113974077,117.32610178115382,128.55851242611917,152.52908286400594,11.623923997325626,41.826098394831,28.472289263812836,192.21038261529495
cs.DS,7843,1.3154375928851982,False,1.0459746115232669,-2.7735769100252625,0.5292198587943068,0.5165594949354044,0.5152702842563301,0.08753268149152418,0.002597187262168725,0.057437117754046516,0.014054856222272032,0.05422258680466329,0.13590495753946816,1.168442425969835,0.5766652189711122,142.84537964551453,256.7484374307915,253.91530119074096,99.74985745337362,311.3765424166351,247.37984914902754,23.968143153495582,187.97716822861545
cs.ET,4223,1e-09,False,1.0000000074887636,-0.8489400021410021,0.49297070280283717,0.46761955514953124,0.5430195526118787,4.7121093573807474e-05,4.054996921135404e-06,4.8474445079377864e-05,4.582100331355239e-05,4.732750815075887e-05,0.00015617824193654912,0.00046176096991328095,5.881406084057098e-05,40.50992541076485,290.68458964632845,166.15528996584305,192.29745528853272,346.6375378708544,80.07114939162349,245.79874644354015,56.77339499314353
cs.FL,6427,0.8314333227299993,False,1.0120456185809246,-0.45573009856395985,0.46895517888248694,0.5389951538702041,0.5465825851980883,0.017439366762675813,0.029218792722641197,0.07244255423668258,0.02799409923637241,0.008140003250346469,0.2446867480265924,0.7121737505271093,0.3419979111079281,266.77005133326554,107.79777181083253,120.27895776907738,7.457569907004607,159.04442683593044,224.45149703384462,293.831656067227,266.2013309782145
cs.GR,4596,1.0793594386087397,False,0.9918901850305246,-0.45002859775144843,0.5304664535960254,0.45790428931978316,0.511455093223498,0.24835548082155023,0.00971314822790162,0.19682631413724594,0.024540272308896133,0.05036913052735918,0.6184361169875437,0.7354874489162003,0.37142578948068655,55.133547998800196,339.59108772437537,277.7814240341317,98.0786611127605,223.45174038348046,173.2005250903953,164.9439807921204,130.24218625196337
cs.GT,6952,0.9780181839558084,False,0.8357756896259576,-0.705943362971831,0.46177570870396545,0.5898356748967772,0.43495718679857015,0.2017420444572217,0.024321657486287323,0.25128839850159645,0.11656291451635604,0.13724186073675065,0.45145194485611617,0.7232789046231543,0.30449764951861863,243.11895304311292,352.5765932481085,91.95316181187346,303.1304903807462,123.73123347709458,325.4172856021631,32.441454027136245,253.3169645569871
cs.HC,5485,1e-09,False,1.0000000214976994,-3.4097641991687517,0.44926719895001643,0.42621677786284584,0.47396368806737393,5.297197850358873e-05,6.650979870108595e-06,3.019418350375043e-05,2.5204039282004815e-05,4.8903019366810594e-05,0.0002409737452762912,0.0003237634405294551,0.0002834081597404213,323.7396757533858,336.8859713643803,47.37276180690335,271.39265469431456,18.39595116721482,127.42890010625057,245.57439580228728,132.08043548998734
cs.IR,6422,1e-09,False,1.0000000090002188,-3.1259112640990754,0.4328425335651502,0.5101751907659616,0.49193470491644936,8.359730748078495e-05,4.595574056194371e-06,4.1253675292662995e-05,2.89902006491833e-05,3.14123604332728e-05,0.0001265945722857495,0.00041323261143029694,0.00022950808297861805,24.135342524120908,12.817728438606663,232.12982766860415,152.21936506727974,301.14332421799895,65.50285685987811,167.87065384556777,20.673211685821133
cs.IT,8138,1e-09,False,0.9999999601618799,-2.7758950728472835,0.5102185444957428,0.5450168311569206,0.4160370181234563,8.208016896815109e-05,1.797363517565033e-05,6.901394105327899e-05,5.582869839140874e-05,6.0699200190039495e-05,0.00018773338988221322,0.0002721399755913796,0.00034938752379226953,9.668045385639962,64.41010631521367,121.77031835974513,237.8951593352691,204.66261291283004,208.29058164809894,36.71299540264379,81.09624995984774
cs.LG,7123,0.5448890929026999,False,1.0142355977358015,-0.28798205998465254,0.4885026477946832,0.5206784366076401,0.4544835695278173,0.02168840623415957,0.02616126069299162,0.0648628871975442,0.059396383970335,0.025753761397149064,0.0440869226736113,0.26051706017077836,0.4664098507289427,104.14197291501974,281.86219431297565,216.32862976502832,36.766590210447966,302.1667845904475,35.426161787354374,307.75208808363396,267.5381810117959
cs.LO,7852,0.4871940591465433,False,1.0135445337018147,-0.8640888167715213,0.5012097319651381,0.5209867238680503,0.5491410130055848,0.02466002342285089,0.011724576102633675,0.04505758026369464,0.021313808695553313,0.012358694370457533,0.15720892592495656,0.41153133030886496,0.1997563148051863,97.67124633445292,322.78914397649294,295.7345380388691,50.418547828208844,266.19871963386805,358.3164859980182,148.58862440268786,41.646176829903034
cs.MA,4249,1e-09,False,1.0000000101854654,-1.5609389088428585,0.5589895697522816,0.5152346805736636,0.5296349413298566,3.4394749137387896e-05,5.074005478722422e-06,2.4604906819503057e-05,1.037597403923831e-05,5.2510592460203886e-05,0.00016020066745234553,0.0004473604495133743,0.00013973262132305322,161.07875665686427,347.0698802586648,59.34784931910862,187.01239968584727,318.3440579326848,77.93371227587002,241.64578222425664,55.8234417178693
cs.MM,5141,0.9222847494386119,False,0.9850389376179497,-0.09900009121421638,0.5151828298887122,0.46628378378378377,0.5493799682034977,0.24602558263278054,0.005476955169234338,0.21522773012172444,0.12183854691620398,0.05664836838057978,0.5944453061773726,0.12533028311352906,0.5971608056708905,62.2715430823181,292.4964664137829,254.1484879384679,130.79711967227612,32.5071477687569,272.52075893315606,30.190633722411402,19.066736379104597
cs.NE,6560,1e-09,False,1.00000001892513,-1.6033722531739638,0.46624519175838824,0.44418123421055966,0.5069657615112161,0.0001154628976820028,7.99724920573016e-06,4.375001220590272e-05,6.379486057211798e-05,1.674268895796854e-05,7.52412343534673e-05,0.00039494728343011194,0.00026209845056997624,116.86362644620502,110.30362086090315,352.78138989639933,295.022255339565,209.78123462773172,245.76618569020104,266.28709313960815,279.5889020303951
cs.NI,7773,1e-09,False,1.0000000668559261,-2.64028314031806,0.49372990036499953,0.5042497780408405,0.5065246128045773,5.002582839411054e-05,7.004534546444131e-06,3.0659907974013154e-05,5.3402373365733465e-06,1.3718511940162942e-05,0.00011580145228289149,0.00037051647765534457,0.00030919115569932166,4.445456882957358,39.12041225494521,166.73483126322458,81.1906672721995,97.52105304376418,302.6149894486912,179.32848061040156,8.171326621939992
cs.PL,6360,1.175297898568854,False,0.9960520186912376,-8.349313389119706,0.48356781258326287,0.4892354452364584,0.5049291628153298,0.23203064646923452,0.04731376235087798,0.02964181123293117,0.11315058328356727,0.05535829282649139,0.5905215470009444,0.7474175927345834,0.6333666553525878,86.48792073577947,173.68693328487618,19.864678189431302,198.32835181008457,320.53400061301477,271.7208826492503,302.4750859682206,278.7652396403019
cs.RO,5128,1e-09,False,1.000000010187232,-3.8006728415883675,0.40245176568921087,0.5646413286588811,0.41591016383800394,7.691222566929591e-05,3.5313377390530405e-06,1.664732721736942e-05,1.3184604907471897e-05,3.560286360245942e-05,0.00010590301916321797,0.000461710502134485,0.0001340204116560654,103.00202116895645,324.9652334188359,86.15322879738352,324.6387374966645,321.76085631832245,308.02605185302866,267.4714295170431,282.48644036340244
cs.SD,4601,2.3350010386939015,False,0.9892564321529264,-1.0305968609330831,0.4665285233909504,0.49327473305409714,0.4679148722789216,0.09169590878568382,0.03549317886234553,0.0881177994900746,0.06279444372202374,0.10851022327623408,1.1484274330089745,2.006186529866702,0.2746081325395178,10.610524273704577,272.72386335031115,17.32215041633017,47.206396811831816,265.7274943006715,172.25650049560494,164.6050062869686,45.640847311419385
cs.SE,6513,1.5359187267969003,False,0.8760260398284043,-18.799065288477614,0.45653927838354114,0.4935811492234496,0.5598074344767036,0.11071567844802793,0.07710557332517874,0.07880873478504859,0.12535774751508288,0.04489831737747033,0.566264695288514,1.3835164814166738,0.2865803630883139,170.8723632130338,326.6767594012889,147.79817143230602,268.81174823278366,15.117217764448542,269.51717068609184,19.27816857763814,122.19644927610483
cs.SI,5888,1.1402022996902292,False,1.0416274770931404,-3.4639114251611893,0.5222351366582135,0.5199563257255565,0.5720273316427162,0.1554385787292844,0.028957379538210457,0.1388655960593535,0.11729457029018395,0.09652498063039366,0.32703616494103016,0.6507429720097566,0.8380237418821637,103.73623073582282,281.7738875133382,221.4186584210434,220.43448387221437,348.29032710936394,353.0397663568524,139.23010535892112,327.14817910854214
econ.EM,3273,8.866264182065493,False,0.6722085544674914,-13702.956690567069,0.5407822266229345,0.5447222394125049,0.519823833983126,0.29445418251782746,0.021044366085476083,0.07209083155622796,0.34479678758391386,0.48045593153226296,1.5010110170974629,7.765932101716665,3.950422650608763,209.6416848967845,210.9211859953502,100.41978955644004,4.0499664989026956,195.7913026598504,38.887823711680255,73.18314674349696,243.18412453655233
econ.GN,4538,1e-09,False,1.0000000072721478,-1.7566473820988406,0.5043753935682801,0.48978893883134644,0.45734805550127033,2.012803099112108e-05,6.781166071636641e-06,2.1245487297156484e-05,2.0192933922176213e-05,6.60175546739435e-06,0.00017944679394600783,0.000453677429126223,0.00010306215655088438,226.29454361470343,26.49404060897442,353.07152698862615,98.67772715572583,246.7251459525468,35.73230142557035,287.308544667676,218.64846972384936
econ.TH,2969,15.589717347834696,False,0.22232334495627207,-4994.435382683712,0.515879778903731,0.48886457853523724,0.5120336250575772,0.6441590790846601,0.02255037619446386,0.17343292996862986,0.179575807903188,0.4881166038604598,4.584341838731796,14.648964692975559,2.591311753804855,303.1699192374646,151.1069659343361,145.48905576697555,215.30720336896786,90.82703175699825,337.8742311619474,104.67443389081316,250.69059476380127
eess.AS,3313,24.479793698310182,False,0.23243825792588374,-63138.244820536966,0.5079587719851226,0.573126142595978,0.42807161318792164,1.3759676737770048,0.004090889061156739,0.16020377139394895,0.3453327696807372,1.4437346923917607,4.203617454893037,22.02831442790705,9.603158563949991,304.42046009402287,37.78652000608561,79.21686310625063,206.78185342085493,89.77268737287363,273.18955499009996,92.4861421235051,229.63041019457583
eess.IV,3301,9.43006867482729,False,0.573083203228948,-14084.727171118995,0.5049027509133892,0.5516064904362776,0.4661508704061895,0.9701790650672286,0.00813273184844398,0.09370904682079201,0.4610335191560219,0.4187603719786726,1.1823598035788512,7.574214139006392,5.368565318901536,265.4535527805197,16.018923310502995,105.26747235594765,64.85256668462947,330.76941150818755,183.0061015517054,77.98078846601696,236.37725891361407
eess.SP,3349,10.753471785136995,False,0.2908017533929999,-8257.301423750787,0.4790082382762992,0.46827471482889726,0.4280339036755386,0.681970380764041,0.0424365490215134,0.08511985430579327,0.30288326363528617,0.13409007077416787,0.7135115960813957,7.946677690495812,7.1689972834679665,251.40450412708518,113.39744164383524,74.61383560335088,46.20748163860004,318.77469196900074,148.94413877429213,99.0889466841195,227.4386127402904
eess.SY,5883,1e-09,False,1.000000013230673,-3.7397262251760495,0.5638440800813188,0.5032394926415344,0.4273611172493039,7.39939127193202e-05,2.6581127648837427e-06,3.396515773077266e-05,1.697104298963646e-05,3.4777990701830837e-05,8.035244928266183e-05,0.00025500998999458376,0.00041277120458816567,139.84772353690119,315.54455258626416,347.0332351982305,234.84568326788155,321.8741348002333,47.65015669530708,227.33854640568427,292.6007453635415
gr-qc,12472,1.096684820195862,True,0.9947161274406767,-0.4512813642419131,0.4957524555957046,0.5348231462160924,0.5284869459005548,0.055772253475233964,0.006710989757850183,0.05835308660664287,0.020806906302536225,0.004406050361896772,0.11952966351228211,0.06324188896053466,0.15274831518818222,190.0754555087016,225.11299001076247,334.739213295476,55.537073860609404,110.13431387677483,198.95296829214254,45.00433897445794,2.005881650692205
hep-ex,11826,0.9139811903924249,True,1.0105077203957988,-0.3439495804093513,0.5131192656377225,0.5110013328056697,0.5721211624976688,0.10768671783626813,0.005198536048507511,0.06954589401977561,0.039205669129312753,0.027546938363792985,0.30882737178906516,0.16567122083023228,0.04878854727125116,173.97754726529246,70.21966999978575,34.138616195874,157.6574005581984,130.3035211751204,270.20074057962313,107.03940309085833,117.39943579561434
hep-lat,12575,1.2380938444261955,True,1.0044974803426872,-0.3321950075863447,0.6558559063952557,0.527969225837474,0.6919097611796763,0.27962239097700625,0.020864127546116,0.05528525750798494,0.02969032663843579,0.05885986844987039,0.20015360724895148,0.04683079695853791,0.22143194541442057,176.7270673011258,123.04431413402716,11.698180936631896,212.4466369167355,314.0795904012598,310.085962775078,174.2039478780272,288.18033428153177
hep-ph,12619,1.2553551933031843,True,0.9810350231540444,-3.306673944038282,0.5601287583358332,0.511862842374876,0.5214228026859266,0.09064829049861556,0.003813213192850523,0.03455015009159471,0.03051591575871356,0.006755599054598512,0.027057410265064277,0.15591297196377904,0.01895587449582044,176.96278133663367,68.3558361465101,36.657362778222485,16.740069112869524,331.34445026437487,28.698452769813485,294.94430038476935,313.1541844875616
hep-th,12813,0.9715113702119821,True,0.9695325234654595,-0.08678631822085436,0.5761537101814508,0.4917091143793552,0.5515007921951346,0.06402407139220752,0.006668605937744494,0.04185851594734274,0.019139343583453598,0.010470800469679024,0.057347755229527,0.06574390832429484,0.11274034106005966,202.47720843031573,59.575837279792985,25.1325682603495,42.66355831327596,282.3648457733829,186.74115251570996,319.49186891301645,16.592053037557005
math-ph,10904,1.131017167220585,True,1.0000743630275188,-0.8852637230577456,0.5106756776342898,0.46772243238150846,0.46071574248344094,0.006873217941848835,0.018748559352541792,0.03880540080180695,0.031500198629944534,0.014994484581095644,0.31061574072675335,0.05547486557560875,0.3044484704526444,71.06624425564398,182.78078479222057,191.3172203243844,284.9199655455518,332.365892605803,26.40467692788581,273.13531879465273,221.94942691868843
math.AC,8909,0.6477493444219395,False,0.9951335262681531,-0.37283055278451993,0.47338803269211543,0.49706822834639963,0.4192469686191044,0.18442417294338526,0.014389822432501415,0.04803487270996432,0.1297252537851865,0.17823717993182006,0.30381526260970554,0.0942307740860999,0.4829826449140285,115.70807672103814,357.52655736684176,340.8504156416214,278.54856530753796,92.76260933913495,154.9185674713039,299.3346900799659,109.9625839908389
math.AG,10481,1.0129184020640352,True,0.9965433178968489,-0.19376945212604513,0.49263683577912526,0.4955498098381831,0.5071579778264146,0.014522730680730029,0.007137075122394982,0.032107993416945896,0.04079295235306865,0.0182926703613971,0.048924505321869746,0.12441749749311089,0.025728613001836036,277.46701286905164,5.746802499041194,355.1205881393697,172.63217707409817,318.86356384299125,269.24228889352133,331.82280780794133,321.54582435057756
math.AP,9950,0.6815434340011463,False,1.0993790877112095,-2.382863944628711,0.5012559739736281,0.518778430356423,0.4920790867737663,0.09749481640304988,0.006729330411324722,0.06825463496696589,0.03505730406729879,0.02678959168134213,0.36641861247152374,0.5421099872405386,0.14212564687605822,344.3928206732829,292.30540562820465,198.43985240621743,255.42967524836013,176.05313651718117,14.75028162168385,154.81859954452221,28.154074194077605
math.AT,9875,0.5341606279644796,False,1.0466307429997428,-0.6219385253950032,0.5385688813988567,0.5243023872926016,0.47964423381315063,0.0737113942661436,0.010592687089408323,0.07103174275898484,0.05155778639421191,0.02209552597606419,0.27113093049755727,0.22763549156612425,0.3824397694076064,68.02013681001739,72.12955290186932,209.67461010036106,280.66897381133396,243.1782874518594,91.96310324254333,298.1203552099451,230.4569221872007
math.CA,9964,0.8685771527732257,False,1.133838899408563,-0.7108320245979556,0.4786909755485077,0.5097064239808777,0.4730884773853924,0.16876353535518943,0.01957805308660826,0.09811957715159335,0.07949212097525053,0.020167387890546475,0.45610879007168165,0.6976574783575991,0.1201976769766493,230.10301889984441,317.85123535067424,21.256515096676818,53.40176086398358,160.03044678444837,335.7180201372807,148.24241958433615,48.51960394445196
math.CO,10517,0.48984084330553573,False,1.1574674963685647,-2.689251589439137,0.449983870494736,0.4721210927844553,0.4950277832473791,0.059696790072615885,0.01721507603061927,0.04122974184351946,0.012779460198262255,0.029091387904889607,0.3697944871324386,0.30977540093820327,0.025801344478953523,121.57945188196909,132.0638907186897,243.58358758370665,127.42775301802436,346.87431915520807,356.04554352344326,160.37296418616026,74.76924382025082
math.CT,7765,1e-09,False,1.0000000203388928,-0.8279039078598693,0.44297983774973904,0.43937773545516146,0.568809859541817,6.652182193115382e-05,8.312372817376184e-06,7.001639497845259e-05,2.8402370640532002e-05,3.7023890914470454e-05,7.232706389881795e-05,0.00039738478789652475,0.00027437222731006817,308.42867306099146,202.6226853508335,88.60945210648767,210.76307399255634,28.8417668263355,348.8264513432826,202.07953752038904,332.9148926812126
math.CV,8573,0.3335730284612805,False,0.9602507847075249,-0.7692389468570928,0.5513364452681723,0.5430980019941135,0.411477530293458,0.09334165972362617,0.0075754208553453295,0.06054889818568146,0.010833245810088108,0.036491257328867,0.0931388910277151,0.19725854134014773,0.2231591082042018,168.2224281229419,340.55336556340467,347.06350884055234,353.08675365912904,302.1709023645405,310.9214630788501,347.7042716119357,272.1633345455181
math.DG,10483,0.3927513525581033,False,0.9914241155569492,-1.6129168746026838,0.5027255029201817,0.5121741190527693,0.5155228000782835,0.07587080098561573,0.011262996613147244,0.06893676235628646,0.03625049921760879,0.013222633569601547,0.17538179257958392,0.1870847529034125,0.2763506821553817,66.55072268186748,320.78014402502515,237.54645967122335,253.54343393926445,3.8467699873762693,61.92116414488092,302.4067624970181,220.51389042414834
math.DS,9195,1e-09,False,1.000000044009412,-2.9870640087811537,0.5067975656037396,0.4676464803073078,0.5166684986347018,1.5566634146098703e-05,2.3704035893782603e-06,2.1605658819621298e-05,1.584230045870771e-05,1.6148749037190978e-05,0.00014313547505442052,0.00046472109597299314,0.00011099565196200451,248.49709480092554,296.9224382843293,348.25139818716895,327.62965062700306,180.1204913589009,4.6068923119076866,161.51211964596263,37.74187729339117
math.FA,10190,1.3746999570199372,True,0.9726609447228327,-2.6983787789984204,0.48228296045771585,0.4665222347684677,0.4768867542262538,0.13313522956359863,0.01607839151352345,0.11837927209658994,0.012058208438857966,0.02612882371132444,0.08748525327281777,0.09961734213781644,0.08917449016996162,188.1068017464448,311.1848035907852,5.369907947199125,118.64079221777527,287.84191476198566,337.0972894015554,70.56154947146304,48.295862220263864
math.GM,7959,1e-09,False,1.0000000359066834,-0.7964189908196293,0.5287590579710144,0.4655128890472796,0.5453511077453076,0.00011354369874156657,1.6656761132840973e-05,3.899346127831996e-05,5.250109158966511e-05,5.75535819693767e-05,0.00018871436266852069,0.0003675227591983955,0.00024198144999231652,349.1858508993064,8.545571447675393,122.02943249659383,197.5662848560886,174.57090265232947,289.4312628335282,162.5236305071086,37.661536618524586
math.GN,7073,1e-09,False,1.00000001126018,-0.5002915615648476,0.5790513657493201,0.4180773679016536,0.43254310248590044,8.413901120091836e-05,9.459272501193641e-06,3.7267908591520964e-05,2.140161129885932e-06,2.6607678872248162e-05,0.00013742948711928388,0.00043741410200720526,0.00017467610746127856,307.61914169230687,295.6018194100134,99.26362351084478,77.86320581543073,12.797650999228024,118.06344157937814,182.68102684480053,61.279287454980455
math.GR,9746,0.6698542921967929,False,1.0893954387593332,-0.45075790184253695,0.4629238249921817,0.49164834000827223,0.5145028599675164,0.07648223524869459,0.04317007410716483,0.059745023385967905,0.04478327913251244,0.02512622512220859,0.5134030389526633,0.28594789130412124,0.2990591431843641,144.8135732579505,202.52886389808037,305.1308529783203,284.0281746383124,4.294556773080486,73.89084963694756,232.37931323709734,167.22436667335538
math.GT,10512,0.9773670426864316,True,0.9949398028122267,-0.14482075529173244,0.5230324722481585,0.4945450772901754,0.4917014213092644,0.029507910101603464,0.0003823280503020867,0.03655367309530457,0.02106132933186016,0.014787319759226609,0.040317097882460316,0.06268637025930433,0.19783517423072833,176.5143706266502,124.58002310986501,290.81540238353364,113.3770971115388,38.738752108704766,226.39866561265805,356.1509986144148,319.35181963351897
math.HO,7447,1e-09,False,1.000000025813049,-0.569309581503191,0.4918259730710905,0.47092658119265357,0.5016734831426252,3.438350195030059e-05,4.012323682364006e-06,2.897379625232898e-05,1.2649332479446956e-05,1.2257675277572642e-05,8.341528161908354e-05,0.00044588126240104774,0.0002046551479921798,306.3663305142342,176.9720712483405,25.751861870317217,100.15291160674658,135.09111684265267,89.2206467125667,217.4467281514496,331.36120443458424
math.KT,8112,1.7005518542064453,False,0.8106393293867913,-6.855298100237613,0.4519803021275104,0.514284462514458,0.4926851494865235,0.14602607503458928,0.008222039516726636,0.011695176623965442,0.028006667501160883,0.02644274152249985,0.29654288121156236,1.4373015675866223,0.8456307866720792,152.38035378321158,344.98443382738276,309.47188341578277,291.0229000320189,246.15771189922327,279.239747270138,3.354569797880976,237.85034418546286
math.LO,8596,0.48936239662380454,False,1.030047038369561,-0.6333503842970298,0.46871335200746966,0.432049299719888,0.46136470588235295,0.03347726764698668,0.023618537115593134,0.03301459505767803,0.04794132558129597,0.04800376130842756,0.31108373952231433,0.23670381877613447,0.28160700698196794,355.1974671410447,214.85255638704047,343.8655268839975,210.9080213743857,2.098805918101641,334.9912418513566,123.86314122985004,283.25535250585386
math.MG,9255,1e-09,False,1.000000075917611,-0.9474374573208661,0.470359239838005,0.4912672968758845,0.49178575288045406,2.366693548827497e-05,1.4868787515256615e-05,2.5838176268108686e-05,3.614227258307307e-05,1.679069111933483e-05,0.00020077651252443324,0.000368306851892934,0.0002664617189411388,56.71819421455862,341.3651548984682,249.71810845062942,11.037155243950908,151.83452717140796,112.61152003510708,172.94542057167718,105.58437603492625
math.NA,8769,1.2578164689067073,False,1.204496463633806,-34.9970752121583,0.47355874269691545,0.46872516782543117,0.4714464789136351,0.09199186674511536,0.0035770825244896536,0.04432729350016131,0.030957826437263813,0.012762737222880767,0.07097857536707929,1.038868470264596,0.6973199324128193,201.78340868144323,344.71345268961716,349.171944220021,105.56374308412673,113.63157447922397,200.53359272798605,354.95287299533857,244.76875112085926
math.NT,10323,1.140137354152625,True,0.960728591739328,-12.384381744781287,0.5183650672759583,0.5403782685960904,0.5318570703224168,0.09662879022617167,0.009219373883273435,0.07377765847757109,0.021923221834901772,0.029504740104065123,0.17244189344467944,0.23955884710094244,0.5184036643128045,233.9146797213371,225.55417691139724,71.67349369294452,242.09932729793576,73.496736652607,12.734886968887794,322.48416026294933,280.35684811015324
math.OA,10044,1.143037885671444,True,0.9889808616037596,-0.26279173328564576,0.5059976972731913,0.48857034255823667,0.4947536723188813,0.028828465671968187,0.020869255498555853,0.05090500887535917,0.05190446949962803,0.019831591661096548,0.2758493242523921,0.3396298649203184,0.33768453055684583,158.9018472358114,26.363476186382698,309.7747870128378,118.35506874913342,106.7553842185711,279.3459464779791,117.77938968520145,69.52145208521398
math.OC,8051,1.3707611091347685,True,0.9847982293019474,-10.573874618937456,0.450756524463942,0.4797282778996374,0.48419356282734227,0.07847720295326187,0.018380112988891195,0.04789605108845686,0.04490157705254256,0.07065358436821674,0.12582718961448383,0.588146255245426,0.3105906678658517,277.33735161804844,74.962171484759,108.45957456993398,135.84928967733768,133.82550251363557,323.6244595359198,4.15216622839337,209.19327916347595
math.PR,10326,0.7857064229533157,True,1.014905778877805,-1.5134508138260085,0.46961757264771065,0.45756548959804344,0.4356178345931352,0.21932609510990647,0.023283787199759882,0.15778462952675976,0.048404470064859824,0.016729506417251145,0.1391491929079042,0.32856093491384236,0.13345150697137026,269.2860065995044,11.27619069553159,82.08304069018068,66.840503956611,140.06838070388,287.0372763067299,123.94524867977417,13.540803624169875
math.QA,10481,0.5206320592640161,False,0.9889969331008533,-0.14494773204547395,0.5033895061400244,0.5424889692201371,0.509559300409335,0.14003994293149177,0.0022856423505221825,0.10666259394255442,0.021889806097740584,0.03284589673923709,0.33810045955843254,0.34993099025885144,0.04174670249206222,214.598947323369,139.2814902914152,25.772969599581064,203.03435446710787,343.7943577509465,106.29443635913549,322.91054836532805,10.76938824336937
math.RA,9455,0.5175531481405204,False,1.0971902687271378,-1.149672847502821,0.5243383579234536,0.48168928531466293,0.4995577508165624,0.03435934594004308,0.010615113171530865,0.029502157489214677,0.0478167949157223,0.015076110801260678,0.07014685521569049,0.4106354944458955,0.2994024140410567,239.37556224827017,185.72839385080184,105.68585567518333,339.83184290794316,31.12773685288492,8.086613105971729,157.5228933849972,55.197171758188915
math.RT,9526,0.49865627008922747,False,1.1720548523791288,-1.8731789662297684,0.4836636415542267,0.5129957127545552,0.4341662409472008,0.08818237574416946,0.016438908473782148,0.057401136448790226,0.079497421030763,0.0565373813930839,0.16620930983481502,0.4262638730323809,0.13591937520578887,125.75633184926022,111.41963302674117,265.85238258245107,306.7872847679509,270.87985253408647,51.31143969594727,172.16403268597148,158.48137523406575
math.SG,9564,1e-09,False,0.9999999901254476,-0.7186161421899415,0.4499589080869869,0.4902228313558363,0.4794651161646235,0.00011930548062865704,7.105694395898047e-06,9.658826384787988e-05,3.1306562380588877e-05,1.4942134425737884e-05,0.0002691909655782182,0.00010662309076259933,0.0003759664759310065,151.4387865288557,178.80439343839862,324.0440282474624,215.2373456137631,356.97348722274324,326.1970649648396,50.01926692540704,252.35689907419408
math.SP,8408,1.1599772594707911,True,0.9251031662896856,-0.021183082871617964,0.5165440071190639,0.4824353331649771,0.5138908931298628,0.12366607913729055,0.029936637234088972,0.2043452318035183,0.11634854898991523,0.04491343328621802,0.24098079295455224,0.6408774026786237,0.20383080015934185,200.229565308058,144.9385121075041,355.2263628723267,200.91581779675752,308.13614411347504,7.651591841649313,78.51000143199805,157.4430255454431
math.ST,8166,1e-09,False,1.000000016140275,-2.1269593681658674,0.5401566224038135,0.5181886278515492,0.5443071161048689,1.993384451537383e-05,7.57219370522037e-06,3.474283953773047e-05,2.4241473335050663e-05,1.3208848374328324e-06,0.00010966951132279698,0.0004122855202833325,0.0002564022096451119,60.96731024862093,108.82430054298437,355.2191159610717,240.77549858991762,162.0495802671822,334.691211883499,166.62744835172262,30.036995726840757
nlin.AO,6721,1.0083977735589644,False,1.0587199179688396,-0.48008066574433506,0.50807627541181,0.5367007215495913,0.5763318563674165,0.06171091397545629,0.004455747968354145,0.041031721383771855,0.03457564623257706,0.03910558430997341,0.21627777888480873,0.6736515270263911,0.7127742962708167,39.80897130537798,319.0711691293643,320.5615339219452,253.04962499025004,137.378828589686,151.27337741538483,331.6667528535897,214.97002498776882
nlin.CD,9746,1.3579301638853476,True,1.0065858474427616,-1.3266759390978056,0.4670949302359559,0.5095320604134707,0.4728123402001607,0.03175849503050864,0.00675487097621409,0.00567139680898618,0.06747010726447829,0.007139577442974365,0.06224431190401054,0.1916872782727428,0.2412371005783465,79.53702723008271,2.5163951666389077,15.4966014612933,268.6519376877486,70.8709357741546,114.93603027990882,339.7807610867988,329.79282240819606
nlin.PS,9749,0.4678571235104873,False,0.9998607111513704,-0.2963314929655254,0.44929701571115854,0.48974812269666657,0.4886918451605752,0.015008681780217253,0.003955078484355517,0.02216868245801578,0.018267678411451518,0.012024854784697787,0.2594888352789377,0.24883112444681202,0.2973688703075088,159.1924528096964,343.63024416633255,21.472024175062504,239.9422633792322,251.99632093673608,276.7379840550005,132.48384415913472,53.209979095957195
nlin.SI,9751,0.6183987811217141,False,1.1319335725016433,-0.4273486022130175,0.4993339643145091,0.5133545997359228,0.4957058225540716,0.07469629915472646,0.007237867425879176,0.09821631008174361,0.05879448674935644,0.03787870032622485,0.2595025060169469,0.5355709324114164,0.08982941172482295,95.7457775662556,277.40902143193983,284.03347546481115,269.3827037055578,117.00534905290701,300.68713090871717,142.43076426931125,49.33979553395578
nucl-ex,10805,0.8966765008813921,True,1.083387392438966,-0.06509808448763543,0.4942196100660829,0.5334143831018692,0.5355443369226802,0.17560295029110448,0.011370377824168451,0.09318728287152764,0.03559988990995,0.017887587198347998,0.41070009430525906,0.2109536487010862,0.039937296347446305,195.27803369700558,279.69750345328885,23.54720603448785,16.069712343716294,159.48308207153386,348.11554544548164,151.00435324878097,11.445930625890991
nucl-th,12399,1.1170061112657441,True,0.9962089120028268,-0.27119978667315725,0.4989051748132647,0.4788813464969931,0.49916537813456296,0.061461830844528206,0.009589454831896022,0.026593563666713137,0.01249068708138594,0.005887493598439327,0.04993541366452509,0.07331529994646162,0.0186335687538023,184.78907043048198,39.38182718977291,311.6692818521246,49.80362443409929,108.77349548661913,108.25234985772501,327.9229252389448,113.59377966029865
physics.acc-ph,6507,1e-09,False,1.0000000243385787,-0.7191440083800686,0.4739689578713969,0.44781596452328154,0.5237915742793793,7.684278349758515e-05,8.535542981592565e-06,3.8050896298841715e-05,8.080751031200243e-06,1.1086006884047914e-05,0.00012165146552352494,0.0003304631236512595,0.0003440658471542576,106.60155950553728,130.57432383895724,287.9393781287846,331.53910823486297,185.17805872352557,296.6524335069338,230.00227730821973,327.48833752905557
physics.ao-ph,6960,1.5024235387067337,False,0.8883628876729323,-5.543337507219386,0.540415542060279,0.5829936084870295,0.48865553306342785,0.20389398250274504,0.001776873156068876,0.11280961280210729,0.10797000235759512,0.02181623168711848,0.24603809914053384,1.3571547512811348,0.5370636210102946,133.95840943611805,40.76313176168467,215.67160598421071,265.2100862824903,13.155660955960336,326.00599882891134,25.267700047235472,191.99884581736922
physics.app-ph,3468,8.748290088280083,False,0.6761120973580474,-1784.7246711249431,0.4327433121383972,0.4595978690496649,0.5002921464169101,0.4217040961077482,0.016490152494430255,0.056488585941857225,0.5720849470507208,0.6343177184231097,3.4187210407436717,6.487139747457195,4.67450600882537,32.9401838606849,198.98888826843805,187.5260280642065,254.5476510575166,77.84876796543185,11.110755974140005,85.84083402894298,195.97341874495822
physics.atom-ph,10938,1.0927922508060837,True,0.9987030199835891,-1.5163054240965854,0.5026790564289365,0.4925419782080777,0.4773483432387525,0.08674052219183863,0.02200178209979535,0.05101172173265062,0.008545846936763581,0.040204782755194075,0.2485452096165,0.18317587918520112,0.2907523665694282,186.50842085827026,94.46727823720083,3.677578243073627,133.70353401077563,27.50047791210267,51.19399561724244,306.9031326936267,252.46577749871642
physics.bio-ph,8312,0.7433240940487224,False,0.886103007226768,-0.196766821491706,0.5116362803181564,0.44694772675198846,0.4476072796307814,0.08548531806604041,0.004318355428631607,0.14385120868796367,0.07492918641403121,0.031294962877114314,0.38593793419232725,0.6012462550694165,0.08644214708183906,70.6382709923976,87.93913634105301,220.29818825366883,48.76229910268089,89.3693913123916,193.45372876595198,334.3651730742782,312.2090237228706
physics.chem-ph,9334,0.35098947082075227,False,1.0100052784955267,-1.773287049016457,0.5099634561263493,0.457953543075566,0.5044818750787583,0.07082377116204396,0.0009183591511404159,0.040007135840453116,0.018663256108483933,0.025659862053243047,0.08558540150335672,0.18397121449306125,0.27276211387919713,7.631390004174409,203.6736207322709,168.39742589377136,220.08170531880026,122.03978897385161,101.34241925945955,156.18106415637865,106.26482422557501
physics.class-ph,9118,0.7853408533978594,False,1.1913721978435488,-0.13429973343523316,0.5250925013441547,0.47140371221681177,0.49175746334154796,0.08492112201869043,0.023302367713691985,0.09712158965416785,0.08374191983066982,0.05323954272612737,0.4833409155859401,0.5848193299880666,0.11871734531646473,176.96080929249993,40.52665067101853,24.295188479999485,258.74037925977933,305.8847068140724,62.50802029393178,181.67355977558375,62.57180324638514
physics.comp-ph,6634,1.1059236402644474,False,0.836568378970898,-3.7895839182413216,0.4409264503249466,0.4386615890375289,0.529486595276069,0.0942451601940878,0.034290801066590874,0.011749102298501688,0.04236392720802344,0.035689195079616466,0.3565984153025911,0.7160000820157548,0.7549728996568975,129.24253084375806,210.4186407926038,97.15644676329761,223.1808228879043,225.33451326966463,333.0259613297699,14.523169197637078,244.28374261828196
physics.data-an,7814,1.5234813507083886,False,0.8915762644362845,-3.145909484639522,0.4569485842687072,0.4807443532009456,0.4199790183270661,0.17104508439817684,0.042936931293538885,0.055656729543613545,0.02191865633999041,0.03641187309934916,0.5194894991873741,1.3446426731434862,0.4550365295713273,158.44729110513973,169.33966356249107,349.26968140713683,10.701068962800946,14.406694242744733,246.18202164530572,15.116467305747552,255.63840215212255
physics.ed-ph,5731,1.7081326880178913,False,0.9508285052187823,-1.0488910349291714,0.4789783236693892,0.4326433485046865,0.5712880409557259,0.11089314078116438,0.005516845978696159,0.06475766440180283,0.0959443654064498,0.05491930836356176,0.5026188565069007,1.51206374344121,0.5916181789671936,284.2013250201054,157.93029087099532,18.020653636993163,166.65955418406216,63.217209369142715,44.92605530976008,119.87204146713728,41.321620510940946
physics.flu-dyn,9811,1.345795113513841,True,0.9880993289458401,-11.050996944779461,0.44422540083179524,0.4914226184524501,0.5458433209113536,0.07318605423687344,0.01643026955378716,0.03988676435654743,0.04797608172776051,0.030301199975993807,0.06604966405056246,0.367216605699544,0.16361626597961548,130.85957925976078,183.11824034216733,334.6294748889889,230.8050090051206,186.86820083750428,292.30136601804793,337.47455017477097,282.6162393633566
physics.gen-ph,10533,1.1082393118735938,True,0.9976711617214759,-0.10381918395312595,0.5179194513020215,0.519668219520509,0.533007612771276,0.06896311901956834,0.017097968968441873,0.0432590427852165,0.06092232209495494,0.016223752054599413,0.0595038902934353,0.23150094356905437,0.17171882475074216,259.79324701996234,205.95131632103755,337.7551329131666,100.42712172683245,181.96760384292384,110.88714249269222,2.5600118242923213,213.5788959510708
physics.geo-ph,7146,0.5158577118769828,False,1.0561603329598164,-0.6364271613542274,0.5243144866120898,0.5423777000239529,0.5164167276683479,0.11401084783170043,0.009102141273286606,0.06065845940363428,0.03588294775883896,0.023104970613836505,0.04897746957752789,0.3660713031486036,0.3333466524274808,28.235007304351996,2.7390977051674064,233.07520838049527,135.8927906886119,305.13790884070636,276.58625180642593,160.6428214878543,21.926365119869644
physics.hist-ph,7730,0.8228564395020344,False,0.8589126176175327,-0.11591755134753456,0.5359451518119491,0.5103642553985355,0.49969497691339027,0.05221142684407,0.013551869600254226,0.03938976792103427,0.037841199305725826,0.08385338940542089,0.32995409912023815,0.5812066685856712,0.46636598668423634,163.46106762281445,253.67609993853915,288.79957578935915,172.91070119592692,10.354516898651264,295.06226902103015,2.2726076121658823,248.97048569541778
physics.ins-det,8614,1.293047530668517,False,0.8978072722060947,-6.142213337077188,0.5287974784297494,0.48004641274086335,0.6544108022824315,0.19845798368249631,0.011637305293973797,0.08173157178363404,0.06932093152748564,0.021700307195358204,0.5381809093279857,1.1156953376380203,0.29339358566160556,109.63288572058758,44.681091243433286,281.05870124889435,272.45795576362394,245.41084329548187,218.19260660746323,2.5266509293323764,231.40065846297307
physics.med-ph,6567,1.6768718510379774,False,0.8173988436488547,-15.215532058373391,0.48707336722953765,0.4647713892324315,0.47526089030078167,0.2915165887130663,0.041092893136003596,0.09059618135961653,0.09584924015544637,0.11452235690892268,0.5836289445544706,1.4797761234769633,0.4054114228296652,209.12558033204098,227.90470659065704,16.027534079296746,178.55330435638155,20.52808810447811,345.63873617360247,44.02614349856911,227.03312777869834
physics.optics,9743,0.5361977845015724,False,1.0146330729338935,-2.180040931199166,0.49101659796424146,0.5122851812150173,0.5150634885414356,0.08300318496664022,0.013936886353808452,0.053169156252889364,0.08984841004348906,0.01551232246385874,0.11575828376761073,0.3011479475474358,0.40644052935636704,62.09777768939043,76.01501846035987,351.0121314744123,225.01263284595115,140.6627253678049,331.6945636311892,140.7118372511078,76.41497608847908
physics.plasm-ph,9880,0.7356954405909002,False,0.9560978168148525,-0.9184120566838803,0.46867089058499994,0.48417930438334433,0.5326661030553748,0.11811902233078443,0.013127871737580584,0.07646492050796105,0.10684857162582855,0.02303010341648235,0.4822317537104697,0.19625716920516617,0.48812407143292696,171.35673819065707,251.4858963765972,259.82925309388946,39.216204458863686,174.77304526898817,304.30471620719646,77.54749250731827,347.3769726149586
physics.soc-ph,7952,1.02047271310569,False,0.8439760390378321,-0.271830776260896,0.4996706646447008,0.5844630301916273,0.45138856976548264,0.014841501503378653,0.004233363656389086,0.008234807309530271,0.04545485368583413,0.05252795145590441,0.1693830193141133,0.6350683458400468,0.7773228506093257,326.5030868119043,147.50552799029654,42.100256723471844,244.640689852803,222.68966992263972,76.35041102336535,43.59336857081531,167.58206215780083
physics.space-ph,5884,1e-09,False,1.0000000163441947,-0.4112433293990123,0.5293310396814658,0.5270245021293594,0.530845107627681,4.885236532284068e-05,1.1935199849813856e-05,1.4496387213145021e-05,4.7119862309299195e-05,1.2483031856103715e-05,7.518497469671673e-05,0.0002940554293016232,0.00039084954744044353,86.45279607542801,25.043966094543205,0.5522926304970528,201.68871748867278,268.808730252588,39.848630890924014,279.91141216087254,247.06526689542272
q-bio.BM,8395,0.7373204079658063,False,1.0961904354306913,-0.28786715419852116,0.540284249143102,0.513683590402742,0.5149455066409597,0.037981997916319385,0.0065324003400022805,0.05246064803484266,0.024292360455592202,0.015401357764377514,0.09981729767388754,0.4993836486576239,0.5284213450757841,150.28894124299106,344.4437840174519,7.164434803900333,255.11719189343017,331.5320525032697,122.57620118179175,169.75012098582496,72.86716763192933
q-bio.GN,3886,1e-09,False,1.000000004903504,-0.5160419617766985,0.5379134553628774,0.5212815778205951,0.4620330229073003,8.56316354314361e-05,3.7088757664032992e-06,2.8818712411768146e-05,1.5548074778771074e-05,2.4500177032655302e-05,0.00021682425449240584,0.0004189759563933984,0.0001357473329126825,135.9533401928713,262.6042913551682,313.6777834519676,335.58040235595064,249.12524959184358,65.76165402908848,269.5227130934394,349.392740872461
q-bio.MN,5765,1.5323366227185067,False,0.9207907291433081,-1.8539336947353124,0.49154092204992694,0.3703289061956748,0.496206800639733,0.051092463315553345,0.030476167986964463,0.22059514181121567,0.12027340181531561,0.03447867281548455,0.3968270708683878,1.284562245532847,0.687479185816859,331.8378350437493,140.81580579295843,230.35057215783203,102.47193098307494,111.21652364045717,329.2204589762267,20.88841490281543,197.34297557499005
q-bio.NC,5941,1.0911071851468648,False,1.0763218118474456,-0.48262049566182497,0.5290853095164767,0.5245457345241762,0.4690421927933477,0.03890690275337679,0.04437808934499102,0.15187220807552518,0.023745474718655058,0.06827732465195488,0.40719530527581915,0.6522010000429129,0.7533702466041502,208.1729118177483,240.52146517183212,48.11243064117321,230.10662739652483,195.08532650055287,223.32432415101397,338.7488892649766,159.42560441373027
q-bio.PE,8387,0.8442780934074858,False,1.148887166156171,-0.8203913004647132,0.477427168787546,0.48870228021445644,0.4430543892513404,0.0659293712584544,0.015020716930188822,0.03455665399112805,0.05279930399966396,0.0827860146540726,0.3799530397246096,0.5380726038047695,0.5133334993756907,326.68066994080766,62.377016555826266,273.80252363181717,135.04775751645784,308.0786093768707,32.6171953941104,145.2745952998807,161.27831769098478
q-bio.QM,7444,0.6841935566422553,False,1.0306803824014314,-0.5986201161451334,0.4954371325174469,0.5595390424454614,0.4865626005793369,0.049242622340185616,0.00954109951717755,0.06251353050555293,0.021238681646634547,0.022106974365986364,0.17402495115775923,0.5104085226753711,0.4122567876021482,256.59366239548433,315.6078230083226,82.80884577824374,280.1640928954131,253.90915591468547,8.770569314177108,115.93678868937414,90.6051493800434
q-fin.ST,5583,1e-09,False,1.000000023971984,-0.5330114078520167,0.595551519036934,0.5034334152509171,0.5223243223991167,7.820626098982951e-05,4.9233216805704875e-06,3.450957779782595e-05,2.6575568269104047e-05,2.2403863771418614e-05,0.00019459976625079353,0.0004453416526890714,7.254088571574643e-05,71.42424640758189,237.83764182009486,34.96344442582734,354.6138013781389,11.768246819735491,188.9044028297303,238.0473652912417,119.84078122866721
quant-ph,11588,1.2723495344129097,True,0.9996381746444851,-1.4377920789408707,0.49128523535851126,0.5283251231527094,0.38122605363984674,0.012585250757507622,0.0022403832103376512,0.0074069140528802025,0.011474596594178255,0.0038283378262643645,0.05186803782233825,0.020274090843463006,0.053371904285662373,59.277709112681585,123.43654706499566,341.7626291106809,209.22920545418157,232.59079379384212,324.305277606508,39.34452892194636,273.8638064723018
stat.AP,7092,1.2445971349777243,False,0.8051066614689116,-1.2105721112691614,0.4904398007258629,0.499900813777868,0.5540519825973265,0.07470856931721305,0.013851795427329576,0.049368678345998916,0.014255073214031357,0.08031554003455818,0.2366412293197738,0.9792005304066049,0.720642058293307,217.6786854972702,253.2914269420633,170.21096452326577,288.8066511632505,4.792931819789761,285.15733897976327,67.89245781740225,108.8904337752259
stat.CO,6118,1e-09,False,1.0000000178408914,-0.8055556520264866,0.44939073465719237,0.529342131223009,0.5199095575271124,7.812620381702855e-05,1.0337547882724817e-05,4.5694677581847184e-05,5.657277699753042e-05,4.5555426881349964e-05,0.0002298457985173756,0.0004204253410890979,8.269881063276983e-05,88.39499021563225,179.13989005844937,325.38426708318184,300.8471623671162,187.2020966142951,167.5137843517611,265.87498550356923,173.74978307817
stat.ME,7100,1e-09,False,1.0000000349094478,-4.211750548669894,0.5058630671503732,0.5060997255339966,0.489092068769463,3.0727499698082703e-06,1.998355219081777e-05,4.6358135213507294e-05,2.354498838007869e-05,5.922159800188154e-05,0.00014385382760543765,0.00044042273059129004,0.00016945344393976924,338.90988469092105,272.7131488393101,22.230531260109085,140.82095705106687,340.2518117264018,5.096743633936795,172.94559264410185,348.5002564243146
stat.ML,6788,0.7676359170398561,False,0.897706312558024,-0.7477986223049515,0.3996735527440522,0.4868512150877424,0.4978011224525317,0.08633060167433292,0.014707374940115045,0.07492001195393222,0.17319846010253048,0.12001560894713831,0.20081243323126077,0.47112918821433314,0.5189343069934439,214.89365507278183,166.0317066773455,154.0479695398188,327.9201447204695,46.68032605935381,130.18578042536478,49.17490181092692,181.73964863468996
