category,lam,inner_r2,feasible,aspect_residual,r2_heldout,auc_level,auc_rise,null,b,a_sun,a_moon,a_mercury,a_venus,a_mars,a_jupiter,a_saturn,a_true_node,p_sun,p_moon,p_mercury,p_venus,p_mars,p_jupiter,p_saturn,p_true_node
astro-ph.CO,100.0,-0.07015305762279422,True,0.9908547665670763,-0.04923901027704969,0.4890615696081934,0.503977611051566,0.472559715443333,1.007892358891595,0.022727739734385285,0.010768859851442767,0.017100295612212536,0.04631476880110718,0.05811706805926213,0.03727352865309893,0.017579827406806865,0.006020345433975806,251.457387408011,159.90912811604053,217.6786996429502,28.956773033991148,319.4846378766749,274.4194483629372,128.7698213207336,294.47333181113396
astro-ph.EP,100.0,-0.05788585227545062,True,0.9949731155016854,-0.036135719448041836,0.43401141322591474,0.4417455521987244,0.5211195405016567,1.0367696614502975,0.028899770485421295,0.008743057537742058,0.01820426064597706,0.03234009688453364,0.013087577885610806,0.037824775947801224,0.023075782929698137,0.020084803571599426,280.8212291638138,163.98865389910918,261.65568502831474,64.94231155264676,304.2012305132389,255.1674438021514,151.6026858906674,210.7958082312387
astro-ph.GA,100.0,-0.012116968016734342,True,0.9961439405198494,-0.010048642111161188,0.36202663337494795,0.49235122763212646,0.4332449471180585,1.0087048382629242,0.010202108144759454,0.023823651980561078,0.020236300277322674,0.0333920720955067,0.02398477200177422,0.009228283031130808,0.0019262609735734564,0.002083670243671043,165.4918147862473,57.423600755154574,245.9847317015158,27.90404754180695,248.8826321221415,112.39178192801754,77.26477011185128,294.5101291479783
astro-ph.HE,100.0,-0.11276868225589731,True,1.000069979056295,-0.06290327282407215,0.4559522460236503,0.5059843590615436,0.46461850197698673,1.0297203330323235,0.013098371971744823,0.006134300028137667,0.011154486335393444,0.017442011418030524,0.04072675780620222,0.03226293609099319,0.01312920989019392,0.024142026909020266,194.37639232481166,203.30457858724475,257.36991990998376,357.17362119592,324.6115456700141,288.46608636835686,161.26368564348513,167.98363181799803
astro-ph.IM,100.0,-0.048091895858430656,True,0.9982217810393434,-0.02018005121937083,0.620730987246103,0.5848872224846481,0.49617960764526126,0.9644388892537196,0.003259897844729983,0.005812853532420283,0.06105084994209202,0.04820017016327808,0.07360455710848558,0.00902698831078294,0.016506701484239935,0.009497354237920256,106.80682082406324,262.43562466990653,207.88441852257063,98.78709714839341,335.1625536496924,299.8579138531142,106.2932787800587,72.19409264823999
astro-ph.SR,100.0,-0.10454102397798648,True,0.9954956234746152,-0.014987847025031087,0.367787777049354,0.48969942586963866,0.4580800626571441,1.0361839933374486,0.01293739886625967,0.0035837046930910065,0.0072388517753634715,0.026061339828665864,0.02994795393118102,0.02901032063793677,0.007504235855286845,0.010797710675947543,214.36829045960332,319.8248702331172,300.8428433417508,57.23566469377542,303.5633536612665,286.9791790921804,146.9165812649876,175.92913055997573
cond-mat.dis-nn,100.0,-0.052808735707478904,True,1.0009200009702968,-0.006269007490087741,0.46144308352312235,0.522426994072695,0.5392108809458964,1.0224328065178399,0.022932503031138463,0.0184721486898789,0.02240861739941144,0.033389665168152366,0.023207891164881325,0.00820563412030421,0.07048056838019029,0.05381871139535892,6.993876273115752,107.97533778897022,240.4010713810559,120.88203044704805,116.5230964815527,307.9081819214855,343.0946741231109,218.46534978678764
cond-mat.mes-hall,100.0,-1.0978647744368168,True,0.9615394289736464,-1.8751729944657423,0.5142962845515564,0.5289730986734316,0.47948806975699454,1.1741558584610423,0.05905399432612896,0.013426746422972197,0.017243032359319923,0.03733050211551803,0.03918547158872346,0.016138428613465868,0.18585863195272598,0.08306217181780451,234.3412042356828,116.68842994545805,87.42789187279219,126.7059426976312,72.74024812702106,182.6838845461053,339.9437945137988,256.94893730093577
cond-mat.mtrl-sci,100.0,-0.020257783757017922,True,1.0009113564433056,-0.07564414334169167,0.4210155125539742,0.4914441068287223,0.47167049647339876,1.0575262816608926,0.019605044718779913,0.004748132576346283,0.008973824043058529,0.010552147065989665,0.007713561332061081,0.016906463364728234,0.03805037910232066,0.0239672303708561,78.48704786928131,61.25877097558322,283.97574101979956,125.38969851086644,118.02613005485932,54.61047174046244,3.9253105170243803,232.00072619681325
cond-mat.quant-gas,100.0,-0.08451595108476684,True,0.9602327555660268,-0.08078350971126902,0.4969176598346944,0.5470687603178869,0.5161847635316607,1.0145286068096844,0.02521364207202427,0.032014413341231424,0.10667154812073246,0.07136442070600575,0.07681078827361584,0.06199216860947417,0.06270441699243774,0.03434552828746881,326.0399890283094,88.1561223772154,29.362399054821562,198.4689882496538,300.911323477497,242.05484922582514,105.8518576453565,277.99939584393053
cond-mat.soft,100.0,-0.02904273871362606,True,1.0073855227204567,-0.00955147814870183,0.49119509980315734,0.48454306002853936,0.5034232107996123,1.0050159270253545,0.02589711029563559,0.01590416398322355,0.03640835743690372,0.03256249481551618,0.007877181258447127,0.050968691706645336,0.055134608211847916,0.03409037525670085,88.3649191160351,142.41503042846242,307.06163947607877,130.398741008962,246.75464669712517,279.69661657637596,354.1331756154019,202.79725510854763
cond-mat.stat-mech,100.0,-1.120844571007963,True,0.917865062651061,-1.763815696400791,0.48153945537666465,0.47324759567603936,0.48801196603783303,1.1334859426831225,0.1613822556104406,0.020581583040404895,0.08122913584158777,0.06655494833304916,0.037098474211275594,0.07751429562291454,0.3301450423590331,0.09547448273777684,224.43812776624264,103.16114563644895,59.022821531690035,97.63925978458741,67.62379176537445,182.1463949305608,342.2977592231974,260.177907845288
cond-mat.str-el,100.0,-0.08902464179921532,True,0.9788468500528985,-0.05553647739337264,0.4856617563092383,0.4729861824825854,0.49949731789222135,1.0267489911727141,0.02047984020327833,0.00959418090860546,0.027556967415604677,0.025813780462064378,0.01456679365246602,0.012775872137515978,0.11633472865491984,0.06968444772590279,184.54350517436933,55.30734511663185,19.68452779791212,144.8590601755781,95.25271337495711,250.98089317429037,354.69824638342516,234.72717519237455
cond-mat.supr-con,10.0,-0.06227093639314374,True,0.9660471547403721,-3.2500185906793524,0.5048747763864043,0.5235589346054463,0.4672274415361506,1.1241915927329817,0.09478724190231856,0.027594600607023997,0.08301927222498902,0.03281581763783445,0.042469010779285214,0.1192177234849131,0.3428764912476662,0.1810526899404761,233.3626856466597,77.35338115422951,48.21826525099711,99.81438742678019,144.02967544106318,147.86508317339195,337.0788106894814,310.59916623350193
cs.AI,0.0001,-0.41560269509415093,False,0.8190085705836178,-20.53379365954409,0.47321064080840614,0.49586737575564394,0.4926976823287518,1.8861422578969045,0.16555894939010665,0.013671600367086518,0.11013334445465237,0.08022727133671757,0.0643498960204334,0.9569421438703538,1.5474689295419266,0.4436562929646229,193.8561904347956,340.32123740097654,179.44615401393077,11.227942628024657,118.28794656084345,340.57669775716823,48.688193489801925,230.52517341090828
cs.AR,100.0,-0.03398430754649273,True,0.9940199598957992,-0.02374857499321803,0.4664428554819207,0.46437914196023716,0.4924235065765997,1.1263067202126464,0.09881893369899224,0.014174239516674913,0.06968150120379044,0.03708726530319416,0.047576288651762166,0.020832238203518032,0.008374506723876133,0.021061523193084658,119.3839260043405,246.1787972227562,291.4056578080757,343.30254305164965,230.84870358106352,218.92201848922025,44.267364454734995,343.88490736490576
cs.CC,100.0,-0.0143026472700154,True,0.9973943739137515,-0.028007184124477114,0.4667373255608549,0.5030442206912795,0.497367368209001,1.1038103974150952,0.031616570701396965,0.043594617994994374,0.014089877733375422,0.019518932891255635,0.053880839910434214,0.01713615363430675,0.015300997308124082,0.03803679762429777,268.868145144033,84.25105830049336,172.4644500426218,315.54052092330625,78.81787449236417,157.053843954806,95.16789872873917,279.1559851792363
cs.CE,100.0,-0.019495710117026332,True,0.99796890261985,-0.04700498052207247,0.5214337064804354,0.5522097839854849,0.515078366985724,1.0864962233574675,0.04669508076881402,0.04393397770139994,0.08285120117570592,0.038853447132757735,0.04985763787731722,0.07695755249318673,0.030591129330326955,0.02069295081905506,60.494220235077755,329.9156272034441,65.5472398433541,234.72918930545165,223.06597484877918,54.82567928167805,323.5481942826166,32.073197718503486
cs.CG,100.0,-0.05562456489773715,True,0.9969472651201615,-0.011251032557181073,0.5065000188406343,0.49798984924593986,0.509836317765719,1.0895121163297805,0.07542494830366929,0.02895888383116149,0.03340042098724563,0.017986319811948218,0.0316108081371283,0.018177474115650176,0.01971145359245558,0.020208090028724545,135.41947532319142,267.5802316074057,250.0556574090834,236.78021607520583,325.4457568509192,259.89564349482055,163.63801838285022,216.04919143873127
cs.CL,100.0,0.030461087126246733,True,1.0078191038253699,-0.10102362771604922,0.5090593083341899,0.48859994206527935,0.5784627690955084,1.0588609077231503,0.05203658073677176,0.06793547220809638,0.04907415891338228,0.08165174494464528,0.08558328082329796,0.06603734241179515,0.05307488789496057,0.020420083100245557,107.56365948464371,67.06699104755715,356.0662566941193,169.58058643996725,0.07848678062017131,79.80924834519138,281.30895313269315,90.64412971172413
cs.CR,100.0,-0.11030682894510568,True,1.00535912490923,-0.08482175393732128,0.5746351224105462,0.4868585216572504,0.4755917983628032,1.020209018982749,0.08725968283179035,0.020852545617069645,0.03081745738723552,0.08226930299066483,0.03272967514117333,0.028308833316458913,0.0066175657964187935,0.02831883466082309,251.42988515873333,296.15053305201167,28.949758526137135,90.2979428443929,93.17832425862375,269.8640099582245,336.0391894807922,89.49054420378063
cs.CV,100.0,0.016437394846811948,True,1.010145829981281,-0.13247437970889409,0.4964481619024906,0.47398725767435523,0.4894133704222091,0.9862202274252817,0.03146594140027242,0.06552461421686051,0.03470647432521552,0.1254266042212888,0.04646317631800307,0.02341343137913561,0.04746758661015596,0.04947089584410659,137.29756723005698,88.17661450150203,160.61771535350175,359.86928869893404,72.95346582960609,318.02901628614444,239.1656504198865,186.37072177450906
cs.CY,100.0,0.0015709409173856326,True,1.0017243594884333,-0.13466675125640704,0.41346658652200047,0.532975979426154,0.5395259411823405,1.0814873832855363,0.043907793639949594,0.014711543572682576,0.0711058609918209,0.05688546603500189,0.04617332756883712,0.02978460964366439,0.005087484654475568,0.02086726544409806,149.83289016548576,322.1696981158802,359.1831926824782,65.92409440127756,88.05351172474184,85.76103259938431,333.24589139034555,207.26994098584885
cs.DB,100.0,-0.09538089232004432,True,1.0001556971203636,-0.031585641439667356,0.5052538616905577,0.5261384729865649,0.498929708783061,1.12831640250089,0.03920596191893756,0.0660714695405639,0.04313214836031653,0.04641724815125255,0.014085045310094742,0.022822491888104132,0.010710188907823678,0.021014653585992655,199.6875015832006,322.963031101961,318.82428205965584,26.276668458635363,332.8633369984461,157.66610862815273,95.58975329295289,304.00323945855337
cs.DC,100.0,-0.018531047086319363,True,0.9798080845438288,-0.1631904860090725,0.4662164502914353,0.4817863731238579,0.5347121825638811,1.108419108206034,0.007837257838424703,0.02092225272770711,0.035539359984611524,0.0338904793193773,0.0538065169958355,0.06383063995156905,0.04632300221466448,0.037600115292015165,236.25759925712396,200.2854704436173,91.08935870363814,271.94957724165886,90.82237662259826,120.26540287784967,67.39385915418316,339.14426704527295
cs.DL,100.0,-0.0633806781795776,True,1.0014397038286171,-0.20677473525168422,0.46948807412247945,0.47610156833457806,0.4773407794030659,0.8610800165033281,0.09738299452968734,0.14972644559206377,0.03972634932206103,0.14720536334149387,0.08644432608617536,0.044574594786303885,0.036908426855232435,0.04863740902778421,214.61222890390687,81.6884770032129,330.3505339536707,124.8496085940884,110.1309984518948,210.10650132146486,180.91029347957203,214.77412587799333
cs.DM,0.1,-0.04403846845229231,False,1.0312601874451317,-1.024581946602014,0.509705444677871,0.49565169817927174,0.516314673120362,1.3284172773121934,0.08828066841721291,0.025403173654390737,0.04157017478148811,0.028087383255440683,0.06579840780108524,0.08846012478673598,1.1228077043830333,0.6934586644608277,269.40852565086317,117.40938409276659,111.24634130853819,156.92593578799583,10.588979609676848,84.09702944148705,28.597709490311598,195.61792034429175
cs.DS,100.0,-0.021919783963953554,True,0.9933226920225916,0.005564729945883973,0.5415359831525138,0.502344428494931,0.48121846899117116,1.0663040381426419,0.04662340750718413,0.0077941817556373754,0.05251511697609402,0.024451779818940544,0.060092237486477754,0.020476870720711696,0.0366163024077649,0.013685871336346297,102.30533916721105,226.40655133425292,293.56040970059183,127.91170260426352,312.3298459721939,163.1862564712422,89.7451507646127,301.5837983808991
cs.ET,100.0,-0.03389835019598553,True,0.9991473728201624,-0.03531634833172004,0.4795528656439928,0.4318069354040577,0.45152301144843354,1.1235379024387537,0.027819171029245828,0.028908203541442513,0.03199852627940187,0.010745138830205338,0.032291654403229016,0.0015165104328618774,0.013237144642971517,0.01070098152644336,200.7614870072814,295.033299895125,18.070682179080315,148.4332617965699,175.99489741030965,122.33874518093934,13.744641200125706,279.80147678776484
cs.FL,100.0,-0.323501479039473,True,0.9802180757331806,-0.08342667740175247,0.5507531600339453,0.5381883960873644,0.4373115151412646,1.1912425743271566,0.08391909553841859,0.15259839132328484,0.0889433355027534,0.05679034834953772,0.014523459185102665,0.030388786745643295,0.026439739402093817,0.02543376244324486,57.70032548081464,111.49013932700593,118.50035204347601,7.570576003353746,342.0703429648307,273.8946953859072,93.70465229344182,303.74061831625204
cs.GR,100.0,-0.0020337090247246614,True,0.9863648558485022,0.023875815035894754,0.6192411344483895,0.5862599991444583,0.5119432962795205,1.172891729792176,0.12694190179972978,0.011989107976927708,0.055479791484865607,0.01732115424286726,0.003589521917292638,0.014568298899298417,0.027976815289365776,0.025923775570659634,59.87473311192426,346.3967123848195,316.74573151568785,359.2275260199309,351.03231701316537,38.88140680858172,133.67366036509935,228.44507275117547
cs.GT,100.0,0.0020723326661524766,True,0.9867983994001297,-0.06898370923308472,0.43242441876576054,0.6084711946130186,0.5386828344067633,1.0847860356403909,0.05381964567253818,0.024722201670364326,0.08628700987046285,0.06908325630945827,0.07864969773301204,0.017332596416586025,0.016453251184598037,0.019347854246110414,290.4824785571642,353.3595683240742,90.4943973499534,315.6644099109492,127.76259377620319,323.97069071626896,89.0235697740374,342.7308916336373
cs.HC,100.0,-0.026392057763317878,True,1.0031292228415758,-0.335479703458752,0.51813956031937,0.5624521491851691,0.46399592439052384,1.1590306694095003,0.05295851126184558,0.02182499046418625,0.05011680368893696,0.0036126446426523197,0.03152771246877175,0.04151097665511171,0.03221206433076702,0.019379721130663097,279.5856167819932,307.11475007864635,57.48522606211665,88.93564380891269,142.80788868548535,95.52353929556797,322.5878734441105,36.03680573417145
cs.IR,100.0,0.013338674567310527,True,0.986816213248376,-0.08848080244381284,0.419093499468753,0.48215794938665124,0.4859640259595196,1.0442456295179494,0.028033406006789358,0.03359545518762459,0.027635946283473458,0.023446147008701727,0.09661859511698022,0.03293107750109856,0.05060972029190272,0.04714966181420623,47.76138286642756,16.010522196206818,79.49038188835637,22.44345156780188,302.4282692924006,203.0760735066524,97.88006379267523,326.94374496152096
cs.IT,100.0,-0.0014208166244731313,True,0.9710843020353173,-0.066432805436065,0.4803627817785791,0.451418923848134,0.5174117768146923,1.0261104413954143,0.0889250536956347,0.03778984796832324,0.06889236387407113,0.05876869283044257,0.07787500482815639,0.03666171621473432,0.08790029649644747,0.07218417644660534,329.69754169228645,64.67883594095377,92.80886370198863,239.5599836270557,206.5491939186392,81.44808302334752,48.392102434616596,40.386426275288116
cs.LG,100.0,-0.07932277801231846,True,0.9977135839484276,-0.12545395151907845,0.526504468982345,0.5143440630166294,0.5517702741636542,0.9906059525035106,0.04042686615786457,0.0890744698031074,0.05590723194783528,0.10926904463099339,0.008693181201358396,0.07184244440991522,0.025833338148066393,0.05060327654114073,174.35476381327084,281.5195867182045,194.47877832612573,14.722393885953208,309.2559708241277,148.79587436547376,121.62890900049275,298.3628445599475
cs.LO,0.0001,-0.028173939024247252,False,1.0135567956289866,-0.8639328016524044,0.5012135969234931,0.5209983187431155,0.49198751717798883,0.4874230420081642,0.024677459608693355,0.011732266052649244,0.04508702767584148,0.021328850149730193,0.0123664904926062,0.1573049874936629,0.4117236723834321,0.1998315841926173,97.68345561900117,322.78920763652735,295.73131617617537,50.41812340936244,266.1987379099653,358.3153329733083,148.5799894998926,41.650894276532
cs.MA,100.0,-0.004869373997223203,True,0.9970973896611068,-0.11672934415397296,0.5175162972620599,0.5113885267275098,0.42553809060041925,0.9689500131665842,0.06253563351671404,0.028614548629608407,0.028521465081557146,0.06217111394487021,0.08914522007086238,0.01849356841528156,0.013595662833570122,0.01859572264757213,312.15849474239207,38.56806720653083,199.08581915282548,13.66952667192619,311.76883197875543,325.09421756918806,255.0097719123978,108.5777385016244
cs.MM,100.0,-0.005425886373817468,True,0.9912583573655538,-0.008580951529769676,0.535174880763116,0.5056399046104928,0.4792966757310193,1.0538458668273107,0.06867454461540873,0.012801278053406208,0.04552124360956305,0.050651150036859036,0.04862436094821321,0.01317580406086648,0.002386591040632351,0.004684228673658923,110.77377991635689,165.82866954348108,264.15850799957764,119.96631526532782,332.00750757576014,88.72720415242128,293.01778418590675,352.7359281872357
cs.NE,0.1,-0.17646389205390167,False,1.007755171196241,-0.7323173997289174,0.46924883523123995,0.4579680339211131,0.513746740298856,0.32174896238681994,0.10698980718615264,0.00785486193814559,0.03960185572458501,0.0621283773373045,0.013977647262463736,0.07027244554707328,0.23758559603974336,0.15813008712699128,120.0495717368823,110.22630176915843,352.5022065947066,294.3486318596771,210.24700858782015,257.8822879548231,272.04835194934276,278.1780043109569
cs.NI,100.0,-0.07530442490668321,True,0.9919188141450478,-0.109027918809528,0.49115122817401596,0.48002170267337474,0.489029647250946,1.0432275412025214,0.035036649910002604,0.03391405912320894,0.06564508591149075,0.03902715052013214,0.05628950142171946,0.009432609716315907,0.03459155172819154,0.03747386434581929,49.595004088336594,40.361882899863176,175.31174859411595,30.37442209591781,103.80002349091156,72.21586681179431,73.22074139441989,355.30578264888555
cs.PL,100.0,-0.28344411583843154,True,0.9953861306440358,-0.052250191638745,0.45245010805672237,0.49866285973678237,0.48617300194312063,1.1605379924861459,0.04463601770568051,0.07259905343166663,0.08970340600330237,0.04876940882863128,0.03798436620313025,0.05130485255501892,0.013094079777804479,0.028400990004656065,78.99583546183369,175.306558387494,82.47726995303216,236.32392584615727,30.492573570650656,286.2690664984576,165.82297075203252,210.9414808016284
cs.RO,100.0,-0.047814106481144814,True,1.0004770452656626,-0.04384423229900958,0.5163644524931702,0.543443771137579,0.5328592018961877,1.0423039339097637,0.035532083993788335,0.014324932546275095,0.07328734200555348,0.05930316301914791,0.04126504482250904,0.01048877557597994,0.01938642484074308,0.004998124602802238,267.3116925164413,355.23621405589716,126.31724571082219,142.13108501931737,319.27160132474484,113.13518723433893,283.07872545781606,87.11104439460773
cs.SD,100.0,-0.27327761452403854,True,0.9995858445473704,0.03079094134347915,0.46398442569759896,0.4521783375612058,0.5677998219872693,1.0517691540553207,0.056156663099351335,0.08133960585688098,0.05671881551592427,0.03803593136693956,0.012479966667057757,0.09250265055404977,0.021383681362788832,0.03325447570281825,174.22722298658582,278.87045273091786,116.2380017214236,137.53324402633032,353.1161506935916,177.10447355357192,274.49483686284475,47.16704993463064
cs.SE,100.0,-0.0024465357355039075,True,1.0050797499183108,-0.26181973897960376,0.5452523047352372,0.49565452107779745,0.4931499104668461,0.9802491449769793,0.07654642636019604,0.10875037097516704,0.03246305393897312,0.09052420044287206,0.06565762734987793,0.03854689094534104,0.011164776237045482,0.022348865861683536,42.607297452662884,327.75866820590284,262.75599453821803,303.79257404383657,350.7781168596046,329.2097448272109,69.63610413240856,85.91500143900275
cs.SI,100.0,-0.03439850630241703,True,0.9931303257717143,-0.04490333056326712,0.5198647506339814,0.5097034375880529,0.5575027010971536,1.0097953764842964,0.04370008577366741,0.04184906263002489,0.06392579702408288,0.05481064916154736,0.011209832565606367,0.04168505357346388,0.031882423346816104,0.033373864770091945,149.90578081974468,284.219112482236,241.15060969671768,202.2396954595492,15.829866160572319,281.50626910841703,147.18112978998752,215.73186332195135
econ.EM,100.0,-0.1016822331971301,True,0.9982641390337528,-0.014161867049550914,0.4193844503579016,0.5291169007983167,0.44910601905999625,1.0323188182654763,0.025690640591832077,0.011518616572576117,0.004240582802594319,0.01961957540601523,0.051727092067452525,0.007989031217986619,0.017791419730325938,0.01989035881524453,17.435822144320454,243.9184710573715,124.15036119977478,293.59357676499906,170.96689564504553,145.17326114670846,7.8525372231310975,326.8832410945461
econ.GN,100.0,-0.05977649945804786,True,1.0026635649225044,-0.1477648537728833,0.5300197598419213,0.5129470392808286,0.5095038116667764,1.106929333960365,0.04647402226731314,0.05472356570727539,0.04429633214027773,0.03613588138053832,0.07307887009934616,0.037973517461313604,0.0048969662755491365,0.010743914311653512,293.97211276516725,42.381877490422404,352.61706347038523,155.18456101780512,345.9825542871995,118.14731215581378,301.25657989791415,270.41364706095385
econ.TH,100.0,0.015711621459009395,True,1.003143860838883,-0.0921558199566106,0.5959811146936896,0.4555274067250115,0.4884286647015229,0.9414098228738741,0.03763117967996254,0.011214806302924178,0.017686629935575047,0.009972309743842674,0.020016018813505218,0.018317078011780976,0.007600003119689535,0.025369278807437987,194.43657305039721,211.63025354797165,227.48188845921177,117.79632950720378,12.526675318905701,248.0482622058115,23.87722502313209,329.07897666045085
eess.AS,100.0,-0.04952561796549482,True,1.0033354450109013,0.09578446091822157,0.39049990544033286,0.5076278131500978,0.5853576118088517,1.0103087719461408,0.12613509480392776,0.03715383165713881,0.04426387030218059,0.13451068980789513,0.09615220550592009,0.05106855030175919,0.009893033772804581,0.013136692458942103,154.88075171997716,71.62642237411808,1.075686507014136,126.06744035325589,137.09215719588022,224.5174275194202,144.86927263804913,243.975976125157
eess.IV,100.0,0.030650001618286238,True,0.9954356161706414,0.40343289534929083,0.4624570169782936,0.3994197292069632,0.47202985253803265,0.9166653028844333,0.05556336048943436,0.004612729491112454,0.013919724000629973,0.046990149915828575,0.06186543331497111,0.08488509322732209,0.026369457748696614,0.04224983643400132,285.2417242976772,301.4938956937115,21.98579364400271,215.04112808608753,166.4059053315333,227.4615393150927,308.45416446894603,34.23971329244018
eess.SP,100.0,-0.3164003189388529,True,0.9853318432806235,-0.3639273810000345,0.4338693493874102,0.4658058724123363,0.4982049316023297,1.1555744492974576,0.04797126895107913,0.0232610676870034,0.020971546011612253,0.12057384183316223,0.10142771334301111,0.04528585815272838,0.03175397417759441,0.06508297005009198,192.29741096262512,118.13133226097372,147.6684817137271,116.54695135650596,147.3005413835551,181.91571143814016,157.09387121884924,191.425882332715
eess.SY,100.0,-0.6288304978196781,True,0.9916165356702389,-0.034643399792066765,0.5464268351968887,0.5126486056481194,0.5209035630951999,1.1665084348533474,0.023990449312581822,0.02214318881667246,0.038085760819536935,0.03525694615046167,0.052134945243313656,0.04123042312737629,0.04804273517154604,0.05898651191095432,201.81363634520991,330.7251222463757,40.486547341730905,191.64012629508085,296.34566270300195,220.8656681171798,134.10349258375436,269.0219489866818
gr-qc,100.0,0.0006956396607824544,True,0.9744664660122847,-0.09898779545010528,0.5021843350806657,0.5467077204946816,0.5067068552311002,1.0360801291496637,0.04099346469697112,0.007088911870952444,0.04069289145549747,0.01665352622410992,0.005120295103436145,0.03629478833674227,0.04949071070325062,0.05287896160252624,174.717353635856,230.01539930168596,322.9872293350124,41.83409915068167,78.71650345317678,182.2366519444055,332.7824073297912,321.05285507612496
hep-ex,100.0,-0.04250974101176963,True,1.0006559893216733,-0.021663326057835164,0.5753681136478391,0.4701255930530348,0.5912003479637828,1.0610907674202967,0.07403295268633903,0.00465780449604246,0.04467088299728475,0.03587809390748329,0.024304180431153764,0.05601538997598904,0.04663083078276547,0.04081836861967196,177.3081069774874,72.92235939970578,45.09169420559561,165.07951614201048,131.31019465731706,280.03631559401634,76.64884280549563,185.55136598516782
hep-lat,100.0,0.050540799442568396,True,1.0209150631193842,-0.014051573839871434,0.6813351498637602,0.5028762622215098,0.6996003782753699,1.049929189107707,0.24137156621871753,0.023661682373034308,0.01378071981401987,0.03963751178005376,0.06236547656402914,0.048815945175747756,0.010475610212514528,0.06637092480101639,177.18902983195224,120.85640649625066,171.03094654902702,200.9050966654415,316.62736095337834,286.0755900547399,55.46981118971998,259.1468157322539
hep-ph,100.0,-0.0036734491952752357,True,0.9628028872939907,-0.5220557587234909,0.5416203244340864,0.5076147402912061,0.5340272253917467,1.0534787826046637,0.06481763421092214,0.003973848458981548,0.012485453110607992,0.024327075325427387,0.007399989851818485,0.01399692755697308,0.1258377082773702,0.05244676198280351,167.78755924650542,65.19859919044765,66.71251439971057,18.256125992291423,347.6686921283701,164.19416558897805,300.92488915866994,314.800233063605
hep-th,100.0,-0.0031452504547442306,True,0.9613900699825955,-0.1363238677877392,0.5115812928429994,0.48870250275281724,0.5214225982313025,1.028137452016053,0.04248529303469367,0.006244206022057173,0.02596715345582346,0.013004833974361429,0.009241678509508707,0.025422408082767738,0.071241133387746,0.05185560335367577,202.02310888803737,61.26840641083811,31.756673189448293,46.19245797410062,289.96688117562155,162.23533090292315,303.03679415220927,339.15801778815165
math-ph,100.0,-0.08416149270823836,True,0.9799389088011496,-0.008387834396544891,0.4909113873204587,0.4442591315762774,0.5521811178501586,1.0718815166299953,0.0013434716215670532,0.01923695149664716,0.03195287984227127,0.026772548145229166,0.013940536757888262,0.043525871048429456,0.0769085452031865,0.0757091876889476,29.902933640075457,179.50476064967148,203.10642593369215,291.27691271480035,354.5259897126546,5.294175946305791,36.78785121076958,200.9502220803342
math.AC,100.0,-0.07538968450709116,True,0.9830911532070087,-0.0768058282953159,0.4507857901439734,0.472149255937073,0.504374972875212,0.9897631022378197,0.07718594709504983,0.01373000136133427,0.018225592755129326,0.0839245822026954,0.15695952818964387,0.019191876914595132,0.03905472077433456,0.03749083830972865,122.77626376319662,350.76249448127294,46.50955247125917,264.1050156831799,93.13217839352261,168.20163133880575,78.17092860021845,119.56792325287438
math.AG,100.0,-0.022944871769676967,True,0.9949170377959835,-0.018482278697486088,0.4932613648595314,0.48967340604929854,0.5076312782564003,0.9895519967340854,0.02024607674929356,0.007389917232530238,0.024579692299498208,0.0351381172917162,0.019058608932616287,0.021793365560169312,0.027921573657930913,0.008925632256120844,308.39010902508045,10.080864232313022,340.96107283243384,173.30216463526537,317.68241867329766,288.200071076761,5.432135790459087,163.27921945455694
math.AP,100.0,-0.004749830081949291,True,0.9948018576832928,-0.05355928524879472,0.5075772298036506,0.5350737029999424,0.5298355043545646,1.0557671517198408,0.02896286741192424,0.00742000971377486,0.0326492194673628,0.028596612762283966,0.015708531515903606,0.039862539896610996,0.039649760299721344,0.022556856466892688,358.403280996709,276.9426359030083,209.81443613810416,277.0408097066139,170.78154246707396,54.12057940153578,86.58739342171027,326.88666840705616
math.AT,100.0,-0.011978981440029957,True,1.0036058615764638,-0.031473145246093015,0.5017888400588444,0.5469998230945421,0.5215817345479712,1.0312937707668581,0.029745832683525077,0.01405860777206314,0.043666531169155455,0.05254095897560923,0.02676433636135297,0.0524337387424341,0.0194257840614626,0.04555275252124184,97.35526022192639,73.93582804658593,184.7145682820413,281.22219857554035,237.83421122630074,130.95257625530917,136.31960483581315,228.06661385714548
math.CA,100.0,-0.5185709436687058,True,0.9788758951459879,-0.06729335542341852,0.46477483049507534,0.5183537328286164,0.4991463317986181,0.9165000956297464,0.12506819699597946,0.0288752060400335,0.04247363595131336,0.09964277593262225,0.0239291077068512,0.06566497499539557,0.06470515981624513,0.021381395226743743,219.80798747561505,315.6493863658003,343.2418070374917,44.76299248942806,172.97422951796506,0.9777896702031408,84.04212225590263,272.80806497191026
math.CO,100.0,-0.07378314542947018,True,1.0055062780418036,-0.014837815127736187,0.49750795652435,0.4832581321334657,0.513474375009498,1.0120144084534948,0.024455738935144862,0.010011977898118982,0.006053225464196572,0.012581935782239491,0.018013831114094443,0.037227542793671624,0.028839315275793004,0.0263477043970613,154.8237043201682,131.17950603321256,197.0859400079579,128.98343616696192,354.1579893785256,24.862016640380006,168.46650828004255,27.80419965193192
math.CT,100.0,-0.09389310982067878,True,0.9951161425909194,-0.059089912861332694,0.4806526635779296,0.4941710769681542,0.46029276568990873,0.8878874948866224,0.05829313801919416,0.02119611039343712,0.09396396016634082,0.03423387335229967,0.06162210910053352,0.014660112731652535,0.013396377272209246,0.019040086780976045,282.3508393591597,203.2000403703571,88.96844933047797,201.22140200642394,25.7651963574438,255.8835265996167,175.45616856639785,254.36196510576423
math.CV,100.0,-0.07133418105226275,True,1.0058932700074377,-0.07235402220733889,0.4832835803019914,0.5655841764401182,0.5253524583341429,0.9015176383420566,0.09945374987850028,0.018013868829566175,0.06398685462481475,0.015144828500211573,0.055807795900547824,0.008928027652448482,0.010754137209233516,0.02395969427274877,184.71858641414212,342.74342255845534,8.237981852195714,358.69347340793183,299.7527105805475,356.40028525953716,227.48142646404787,307.5425233220005
math.DG,100.0,0.00735125574186124,True,0.9969897100056098,-0.07146836604974105,0.5102592626927475,0.5176261549395877,0.5019354430915905,0.9603326638243986,0.016661969328976685,0.009338328505785035,0.02059713968920733,0.02351094132291793,0.013191612915525298,0.006427373589863859,0.030864456535257937,0.04235264724125274,86.37525239081705,328.1114220311387,248.6125548499735,262.24432923025734,349.1003203486592,66.06181529191323,25.935435736631135,199.34560866730644
math.DS,100.0,-0.051905064799167455,True,0.9983480549789094,0.005903417826223389,0.49028960522053033,0.47096571712870827,0.5303736904659034,1.0382446793152627,0.03803061742088947,0.004390844737723524,0.031134510969686596,0.017937675224880864,0.01386491173768698,0.025468099014232373,0.029850365528454326,0.016451291480636468,208.15051796294352,282.7280837322449,24.991628051427508,322.1378289599066,196.25254768989984,96.41360702889594,93.27302465498421,284.0523212330152
math.FA,100.0,-0.017650196293606868,True,0.9805493635741033,-0.0004649224335289137,0.5148817081142992,0.4590924562247087,0.5129773063911351,0.9823194471351141,0.07515646695520407,0.020146972707741285,0.07473366430989228,0.019585710999548145,0.030080336109426203,0.04141977325235557,0.0913592262456919,0.02474610910431156,175.05790122141406,311.1046866191537,351.819964511013,150.91346117196485,286.0535015769858,350.7935554134418,50.018204708290895,146.12188290563347
math.GM,100.0,-0.05552261085453636,True,1.0417546363248764,-0.14384194657752736,0.5337390858873842,0.50954242397244,0.529551611208487,0.923027280218857,0.11707408273391141,0.06213583749485231,0.0604418343460992,0.09328534145474716,0.13289876505150458,0.08750908329664761,0.014268148083477568,0.05288602936677008,330.3245907058055,8.612207558664887,52.74183732331555,196.77887533192512,162.85762627841913,246.6453545132432,172.26112875797023,139.94934672018576
math.GN,100.0,-0.010621964468282119,True,0.9897893574085949,-0.06488136620521945,0.5160263995748918,0.5946133614357225,0.5165408571884169,0.9197371542083,0.05783692684432038,0.04903943323109765,0.08693700798877767,0.026361790784473742,0.019308150623682706,0.08511255996349225,0.04363514420271141,0.04573698374645874,271.6466900531032,298.3987215800246,106.71013881354375,297.6956940975571,319.2576525537139,197.8536755107104,135.5373193442458,253.12916836353065
math.GR,0.1,-0.17385511756269256,False,1.091174099689343,-0.45606482270055215,0.46295282819009953,0.491707607412713,0.5364363030930315,0.6684957169047768,0.07747715544099888,0.043648234371364135,0.06056035058589252,0.045386556496735724,0.025403972961036785,0.5124862140538357,0.28534183752084225,0.297562924023518,144.68139619962332,202.53175265878224,304.9616944790893,284.0989140607755,4.332609906424262,74.03520567784128,232.19256308293018,167.01504048393483
math.GT,100.0,-0.0681491122071356,True,0.9985241960792037,-0.028507148744647548,0.5021776117854548,0.5184272227409483,0.5174424467889044,0.9175578543264356,0.019355046493319435,0.002519063018375556,0.03427899895284751,0.022045241891519046,0.013560651951170824,0.007893715554129084,0.006612925755945012,0.03213656825665717,163.3099740101344,119.33762286739636,263.50946429535566,94.78297149606567,23.29526521397214,125.75716504475231,75.19242410532951,334.522570091854
math.HO,100.0,-0.01308348551316385,True,1.0074204698865319,-0.006366112822900227,0.49213616102201185,0.4993796240981572,0.44217174110774055,0.9470126709335994,0.08226172039344176,0.03960573236242041,0.1020635712728097,0.041719754596783426,0.05691988290408475,0.03598619662670178,0.013998069447940988,0.02191780431280917,231.14417614913785,183.12647519275316,22.853141302332194,51.87850790235066,159.6912395924285,88.70653861867623,60.56861850902549,331.8824971995557
math.KT,100.0,-0.01725320979882139,True,1.0177658029068066,-0.02252316966360346,0.4834478286775788,0.5281343100487189,0.5006742165412704,1.0604479993985167,0.0959003799453229,0.02411903754599461,0.031988423198068924,0.05737356862792264,0.04892249017393775,0.04909402293445753,0.021925775159178647,0.039497638405916614,158.40734283800495,346.783119721755,47.9279358286229,296.59060210240364,268.834205507109,16.294653514018158,341.3811662217935,324.1537970242168
math.LO,100.0,-0.11606689184023278,True,0.9989515415913609,-0.1688213875189255,0.4654655462184874,0.4557310924369748,0.5043759111640458,1.1104461154161867,0.015086773514266117,0.043035869823009706,0.07091471986334989,0.05753948027384658,0.08353557496133163,0.03658826292827502,0.027284084788267268,0.041782337992483376,12.987823426267765,219.1637345241026,15.638689163206813,228.4440433893336,20.254233820162618,49.47439838517357,103.55057085016196,290.1027480952038
math.MG,100.0,-0.02405373430308555,True,0.9967863884785177,-0.05519408394768388,0.5570443119072491,0.4726041672027047,0.514866314863389,1.0021177483288326,0.04491546351861982,0.038463591350853706,0.031272754763272195,0.07195200611690834,0.03345826544765744,0.0726493240607195,0.06019329930167676,0.04921750862681268,149.25192627024822,341.64069944529257,236.6449938295321,19.829848939354417,180.9098278569238,144.4538441736341,96.18387427235292,187.65393467974113
math.NA,100.0,0.008156716380491424,True,1.0010746281510936,0.001567567441001616,0.4551388577241876,0.4694135093778101,0.5113307136195439,1.0167928915183932,0.04984897302331507,0.008737744103523697,0.06004285369768632,0.03684699097734911,0.04135543857139843,0.02937354472808512,0.009754954942327783,0.040262858287373554,252.47994711285577,337.45644598128945,346.96064944990286,119.12673887547021,123.67644366624852,117.23221394094054,75.22897170058336,298.35133669156187
math.NT,100.0,-0.010777794902511628,True,0.9942941105902618,-0.10478237725552719,0.5198108657019548,0.5306867225184057,0.5041441871524391,1.065492018902422,0.06412865741397526,0.008860209990537004,0.04348276859403891,0.015621669904155163,0.03435996970230424,0.022828587128527023,0.0412509860407377,0.04450684711883032,232.81853733819548,227.77587068356024,92.35667127414237,277.78044360482755,59.019514948785634,23.68582070800785,34.34154553642078,280.04246157882216
math.OA,100.0,-0.14043144886651104,True,0.9990788782367735,-0.024407493183871143,0.5161765453352103,0.4639895073446378,0.5247728182610942,1.0765028477433283,0.021991907319892645,0.022082922867694196,0.040822072823308124,0.051573413621620635,0.013097473191797016,0.04511051796465761,0.055089670587182976,0.024953273699498905,89.86366685897713,27.925749191683327,291.4562246261112,131.13851667800333,142.21272656579364,319.68604364533724,47.36693710941788,113.55346239012974
math.OC,100.0,-0.15699422969921817,True,0.9991388858769611,-0.2250632556192509,0.5091857289941358,0.500839339272125,0.4891577232422697,1.0903270984180016,0.0516794437178259,0.022194728040610536,0.005960036285528068,0.037575213559877384,0.057284968250958114,0.02206601421341508,0.033049953903524124,0.03066267869367129,323.3158625360048,81.01454929971354,130.54921632981723,138.34883712972336,145.83829510628797,3.8336810040831986,38.895942488040504,43.39018791283325
math.PR,100.0,-0.0022374718247515357,True,0.99616491743197,-0.02983336001314396,0.4959625392107662,0.43066680671669566,0.4636735222598682,1.0658105555778499,0.08988554590399918,0.016846670469878845,0.06256080023300617,0.025123950771828673,0.008891471304019022,0.008391237046342571,0.039531358893981905,0.02036632022737251,274.13497211598303,12.871729526569395,88.24241970927135,70.74795604830167,163.79138598225072,74.37700725291997,65.75755260500904,336.3036934878626
math.QA,100.0,-0.00961250525870927,True,1.0100292603357395,-0.009030754097608007,0.47711126468555637,0.5309871883472436,0.503880152563204,0.9528044108152296,0.058720268398880775,0.0011988664269361126,0.04809576317382993,0.020773674370319198,0.021109752580053355,0.031368159219433527,0.01917504633830527,0.006617184051846919,220.0571445553324,162.44544543706394,30.491484372681807,228.4816359354214,353.1892687433015,85.4515494274056,9.500094246895944,103.14736063671262
math.RA,100.0,-0.035992196933230414,True,0.9872216359163948,-0.03157125744367817,0.5323041715287434,0.47757317092664525,0.5237829661240669,1.0660740666715414,0.046864757351807104,0.02274821334642881,0.04814801194769004,0.08463510366583749,0.03104193913984741,0.033804144021082234,0.051956061193094503,0.02574278853122138,199.98278523470236,187.46864851211078,133.87860559692925,341.5200766106079,21.787610791301216,65.87668976805153,90.5621919371764,22.434152906129277
math.RT,100.0,-0.017965927492547218,True,0.9954968565735496,-0.021039645255388262,0.47578908355120153,0.5002591880277669,0.5022306359179707,1.023683330713178,0.049816452930244094,0.010626171147604455,0.014778000338108778,0.040850391172755726,0.03283195284622153,0.017777280214949193,0.020152845018743683,0.015066888715156143,164.02667481250856,117.34766270016647,251.61915576937906,311.4400833694609,269.0712975092565,132.92569265845302,93.35661063335647,202.13869466587278
math.SG,100.0,0.0026148498022591227,True,0.9968081291728319,-0.03379437903898519,0.48330856335782446,0.5757936644636151,0.5366618848458069,0.9277410911607231,0.09448982936450115,0.010424039076123966,0.06531604921723262,0.029525462215925172,0.023836499493826355,0.016464818872496345,0.04430673846663588,0.035511572083692336,180.07148158586898,177.33616031916466,351.83020106442257,216.82254569560266,12.495165285071769,1.1670659573592892,73.36273845631932,204.05881828972207
math.SP,10.0,-0.02794587507990709,True,0.9686333117748596,-0.016659921441129155,0.5024727323015501,0.48712375386317447,0.49949017034461346,1.0036821859588183,0.12036292081911536,0.03395806963320612,0.20783621503356564,0.10466322368214151,0.05600532391567936,0.11693080887660703,0.22113713161592916,0.07880273304439397,176.8316138459929,145.16669470184775,351.4914242121658,197.97023200449215,315.4201696036396,85.06666332663708,85.24827150330658,51.77989520340287
math.ST,100.0,-1.0695415114772757,True,0.9632540582087152,-0.2137497830494235,0.5254358188627851,0.4914504596527069,0.485630877668073,0.7877169809292521,0.09182299772230297,0.08458846825959324,0.14558216748776534,0.1141676223976743,0.03414027224465999,0.07674941564573894,0.09718167071619913,0.07933203958167082,113.85379666968232,108.92028266812446,19.707473944848378,261.11280521657864,67.99596255016476,70.51091090112011,80.09379677310281,14.43838100011195
nlin.AO,100.0,-0.026975980378302955,True,0.9972784774634014,0.0003533736084651018,0.5517831776404294,0.5147955295910592,0.4894663282744018,0.9907342116361569,0.030636477550778068,0.01866559083490266,0.05092824492332893,0.044834187086041775,0.05826853171369479,0.03340070091396784,0.009269428680488228,0.02134006614479095,129.19609110976097,323.14871718937644,335.3588315920465,315.2133768049063,142.7826362895542,165.69456277991432,60.170559291050566,251.79386007472738
nlin.CD,0.0001,-0.010035401144568024,True,1.0065857545612131,-1.3266200363645257,0.4670994959456498,0.5095332018408942,0.5061080859251976,1.3579235685376847,0.031758825006911906,0.006754904070275267,0.0056711184151332335,0.0674703779837998,0.00713964542553993,0.06224346772685969,0.19168072134088143,0.24123555551068027,79.53582014882943,2.5163883277163444,15.495147588418247,268.6518668923896,70.87093666694594,114.9343360679256,339.78080863291206,329.79358957268664
nlin.PS,100.0,-0.016445204570259442,True,0.9940746192389516,-0.03387264432768555,0.4313480561944082,0.46969214996259245,0.5276332060396152,1.0187909488512958,0.017703475813068924,0.007208475819746988,0.03307959504013136,0.03558983666812311,0.032476324070140596,0.06780933685314064,0.02357499202384771,0.054087854712001934,161.35094424514668,345.4806640153293,34.47786811646037,229.6124510990717,251.59726834509482,301.5184006337068,299.2468401361258,50.29556501115659
nlin.SI,100.0,-0.03961696916300195,True,0.998546816630253,-0.008860219555631543,0.47156728713148943,0.5075811219780092,0.5162132546714568,0.9972482654512688,0.048294305557397256,0.008328873318986872,0.058104932508112606,0.05598228241147109,0.0349699251882616,0.012355432427138156,0.03508298032109694,0.01394954291276538,123.4425943999972,280.19015620297495,282.9283357300933,274.87702856481457,114.81463472433043,249.55022728282793,93.05830554729552,224.73000253606193
nucl-ex,100.0,-0.0014588937477202357,True,1.0102876417853952,-0.0030322443190815562,0.5189532859252567,0.5099944806599341,0.5229172699143223,1.029745629393171,0.09628658237436588,0.009011867027603261,0.04216745268281892,0.024492904951498733,0.013597365150181227,0.06104556806328539,0.02533001606501674,0.01397536317019762,194.1748127819964,267.27233208400963,28.238839903255286,14.635643773038883,166.12873141525765,359.5617885343283,91.18846277591436,69.12891969328412
nucl-th,100.0,0.006113508937669487,True,1.0019694133609656,-0.03826426074530609,0.49880661294913653,0.4705414358019269,0.6004914454568386,1.0370195628728471,0.04656195772027362,0.009926465547283353,0.024781476623572128,0.00937569061826138,0.007293900576746684,0.010377647152574014,0.04929862001905692,0.017710693202224057,178.4383529117566,42.45360870935801,283.8682031225406,54.43815683261808,121.74663170379026,152.88593885790166,336.8282165978791,270.33340989049725
physics.acc-ph,100.0,-0.02800469821779461,True,0.998479070552167,-0.045299061425999154,0.4519041019955654,0.47546840354767184,0.47613217909269673,0.9250523764160491,0.06899089192434095,0.11445186906680256,0.07700604033704711,0.052008459607588216,0.052261408982688606,0.056769582281370856,0.026227543275187927,0.01650351867824169,94.00720930483183,128.35087097842978,276.98761223769105,58.01729774061739,244.8622821640605,323.2661415431374,217.44281507300082,223.81739395530482
physics.ao-ph,100.0,-0.038420253486166844,True,0.9963005569595327,-0.05778357803915868,0.4464898223121907,0.5808263982606088,0.500383971514829,1.06722079696056,0.08108404631892338,0.0027893970596587466,0.07797087743447181,0.06272321137018759,0.04426899321240203,0.04701810433319419,0.022353605622688528,0.03517718816805595,152.8014727128967,112.0418750227789,201.00673434072723,265.77133566155476,3.8786617794346467,76.99058888733869,35.02616981743375,2.8877268144147696
physics.app-ph,100.0,-0.00040161258829263247,True,0.9775337130555329,-0.4333367914687487,0.4400297874778026,0.4714899467262417,0.43776540749489046,1.1821776388248812,0.055064356794862386,0.03684509056827784,0.035454135497667266,0.11288348035555827,0.08685672643886251,0.04714844630133582,0.026887273887946112,0.05041298167648191,21.34471634270106,231.35158048587883,20.788778578456785,247.98248576887949,111.72155365697886,132.23521116684964,172.95422436013826,188.38536219315864
physics.atom-ph,100.0,-0.03911940627089483,True,0.9898613196434215,-0.02398608241326694,0.5112174878578732,0.49142761854550104,0.4916145049096171,1.0491056352289747,0.057024012009102086,0.021343431562247127,0.030588008755380897,0.00694355342952927,0.042732902409455466,0.02843720431589642,0.06060280543004679,0.061765691890107714,184.9029375738396,98.3016872882585,6.297445359103876,159.4300766116947,28.77917463818396,47.17381994551826,13.50499769607125,234.3082324813031
physics.bio-ph,0.0001,-0.0606063952353022,False,0.886107627077931,-0.19665069954079195,0.5116346437105168,0.44694118032142977,0.4657315621244218,0.7432810964672102,0.0854877181280498,0.00431867829832053,0.14385896693095857,0.07493399502686086,0.03129729395718649,0.3859396067742515,0.6011899574112265,0.0864361954112171,70.63397719687931,87.939474812346,220.2980331853907,48.76254287853188,89.37078460046244,193.45321240435055,334.3623040974602,312.237897400288
physics.chem-ph,100.0,-0.04253485247748867,True,0.9949716397352096,-0.04286789566727478,0.5301185925708125,0.46772097842371285,0.5334842001355203,1.1166787291237559,0.062099709655954544,0.002693046966069441,0.032830615035522905,0.03647793944664771,0.03758437671937954,0.020790736373279016,0.05334784284879815,0.03765665562832383,38.17899951879669,235.87127925595155,169.76679828201344,253.09854825212602,138.63752428948953,33.72073800999377,71.40827967014637,138.9368378090568
physics.class-ph,100.0,-0.016614807353029448,True,0.9975089638637539,-0.00993154003926211,0.5058223670116088,0.49385558871214075,0.5084654063517947,0.9401341677504538,0.06134626454858582,0.027324619154513653,0.03976095119540904,0.0903195585543265,0.06048423597091768,0.07317048103176345,0.020276639410928856,0.03094498705911046,129.52142618879108,39.76643644499744,41.87374388823481,250.01170807455196,298.0849833308164,83.40719340821181,100.59448899419438,305.3526395551955
physics.comp-ph,100.0,0.014050376789015107,True,0.9863605628608689,-0.09454854310599514,0.464855320118478,0.4639575128296933,0.5224742923154495,1.0080293160630236,0.02399400719066472,0.09521486122473731,0.05848268341493102,0.06924219627489968,0.05120824915776479,0.05351341439641116,0.04773333317208779,0.04733108358395323,129.18695446721242,210.91439802276645,92.18679721275485,235.50970263470583,186.33320143634776,192.97278755460266,111.54239069516844,259.5563000979655
physics.data-an,100.0,-0.016612768320975357,True,0.9879355374541087,-0.047585066362008765,0.4693178475355395,0.46816243784356604,0.49979465528634304,1.0895238501301474,0.016800033087180942,0.0746979446931654,0.0077503938976553255,0.007367183166684598,0.06235612619534674,0.04413103384677862,0.043695318840268324,0.05355568601973537,140.0234260378084,169.17610776080528,59.1332031059358,343.21592819936853,22.754042005408287,126.73740661950839,48.30118392651144,330.9629508256175
physics.ed-ph,100.0,-0.017589250466398365,True,1.003238608501822,-0.023473030023488883,0.49175274158128446,0.4510914368449128,0.49066548099211416,1.0723517036508885,0.10897000669754697,0.010791762625760735,0.06390739039169563,0.07580187124792737,0.043714361718008334,0.023970760546252124,0.04749269290640919,0.05502499860448187,355.9269657875122,125.61758896446347,39.809688068837744,131.45183048623082,184.37225512418246,168.6898564884239,110.51333057445947,289.2443602652519
physics.flu-dyn,100.0,-0.03407117196792164,True,1.0025489670937415,-0.11961583342282256,0.48106571398459097,0.49513840283426513,0.533192327948421,1.0644571599818589,0.03297205788918474,0.020269645961358995,0.03216397464293836,0.05488638360150005,0.035161576418990495,0.03691533439129511,0.03371020629585087,0.016161469600195218,114.18736088192786,188.22546339959027,338.54906052192564,221.47936803693727,169.3629948385902,316.07281522352315,15.17223378416446,62.1297260281775
physics.gen-ph,100.0,-0.056130300487231555,True,0.9802456748346442,-0.052623137185970004,0.5374120709423515,0.5198128311865386,0.5223769681349653,0.9185960637634716,0.047326205592456906,0.019692494883582125,0.04914580273607535,0.055883781518209275,0.019065031354848244,0.027319003441901052,0.17166636537256258,0.11031171501508003,293.18618348454265,211.26238650577994,303.9738404771801,109.32750841701466,195.5187384222971,280.9145560468223,40.629579021044115,193.4783762219392
physics.geo-ph,100.0,-0.0032311404351812456,True,0.9956749944434307,-0.12295722603357961,0.44926115211468765,0.526080737124168,0.518865629894774,1.1646529252914632,0.07933981851156804,0.026955497464867594,0.03530523053350045,0.06131177771534477,0.06832471460687328,0.014346665575528189,0.01803307936451435,0.019093412534441363,12.649343963512363,0.29722986940308166,214.807228573256,119.77671672637487,310.78932298829767,167.7305471926095,29.279434332172784,331.8966140337849
physics.hist-ph,100.0,-0.013572542793927056,True,1.0023767256969198,-0.03489805747782615,0.4945254419103587,0.5317979571848328,0.5383451315714648,0.9098644194866125,0.023592990534113668,0.02073375582928404,0.04673611481165497,0.03479183190646023,0.05747830259337266,0.047396650659684965,0.015768324478011013,0.029438506840584435,28.45859099506694,253.71412401937178,291.94878229868266,187.46140008125926,346.00112305295255,294.288879145655,195.6683342235415,195.49635073864388
physics.ins-det,100.0,-0.03364075292781288,True,0.9971373396053582,-0.0005421860920546973,0.4904256034186945,0.5003006922998009,0.4870639068192663,1.0267494480828492,0.10029679723093175,0.01818734590759495,0.04011684991842618,0.05247283122115474,0.05115280093141363,0.03722492643830918,0.03718242639305252,0.018965785729478657,124.42234219234511,48.80481516757724,307.9044920185092,304.7656246750923,241.24795114167534,198.41371573468902,80.55551615340325,124.1771274306464
physics.med-ph,100.0,-0.14541412869404202,True,0.999861061343456,-0.15174700605623181,0.45634314383253444,0.4446141949112582,0.4779161728243473,1.1709984194912098,0.03856657056363255,0.05708257748231559,0.014522379690025984,0.0383988654634178,0.026058485837338302,0.031569638007895875,0.03447801164517388,0.020667583169464473,251.62195403122752,227.6116181101848,26.309692733206678,205.9339341888931,350.5359409210419,138.98294338399575,98.96222521243415,306.74328406274225
physics.optics,100.0,0.0144645059282964,True,0.9940410130566916,-0.01311269716653074,0.5054019170008032,0.519448151284928,0.5077222585223197,0.9974127281587446,0.055755347517635744,0.012049059320187126,0.039555800885853545,0.06254815516641181,0.011376573294509827,0.03397691896881747,0.036498912353867846,0.03254441683837024,66.65300071190904,82.27662394040357,4.012308977533491,228.95271442308132,165.66939534266842,7.572413226586571,44.483574439440766,75.00552248911372
physics.plasm-ph,100.0,-0.15309455247217496,True,0.9636902179865082,-0.8647114988820888,0.4991842676457038,0.46326235947318173,0.5303811352919803,1.1775082184090753,0.09862988879731628,0.018002672915606744,0.06508018965301617,0.13715114853518554,0.034020865149121206,0.09841536092113687,0.04623385103666283,0.08469654254257704,199.02041408385972,251.51589631148642,238.13129411804783,47.49870462392269,159.5267971954086,341.0846775274482,39.77134983795302,359.55889944929027
physics.soc-ph,100.0,-0.1807619422261446,True,0.9766934493540237,-0.22414208856223716,0.5024259761346752,0.5539190907280609,0.4811656550546403,0.9869973620019624,0.033842799910150184,0.015239765889018084,0.09348704384216419,0.06224140675355409,0.1546036727473691,0.09367182521075394,0.07933618355334993,0.04998574831301726,25.835669699454094,152.07204001383815,28.541020899180868,244.93643094182158,224.47626302731743,160.0882842022636,84.11949256490529,151.54824472703987
physics.space-ph,100.0,-0.012910922408817749,True,0.9788353917216457,-0.02675039461197004,0.4857291042516317,0.4265290475546192,0.4372888234750799,1.0154650841724693,0.07307745490595931,0.09559209178990648,0.05984578887945485,0.11751867748991425,0.06449108479546606,0.015543585235485598,0.015206333874227304,0.030128633043135164,97.93349681449061,29.282072070621016,100.62206240607188,213.74084516919137,212.18964077507874,220.49542365634497,124.6406005939498,241.05633185863627
q-bio.BM,100.0,-0.010071620284020089,True,1.0022092562932585,-0.02297893063858636,0.5184366966580977,0.5496800021422451,0.491638279768681,0.994756397114968,0.04458958827802227,0.018808302635252235,0.01935464636175896,0.03996553183160182,0.03922226177316837,0.008731725392876932,0.052391831693150495,0.05988117393935642,130.82005709102563,341.65141196944853,333.96507662984857,199.4815622338861,305.3141130078293,172.49909732031608,94.61603328804006,111.16761457859069
q-bio.GN,100.0,-0.03590752532824237,True,0.9973646366252861,-0.02107196120678423,0.5007626846499679,0.46290275101691286,0.6166331280249632,0.9588292630947972,0.03763133944712153,0.05311334540786488,0.047760642727973486,0.01807287022160076,0.018510523369230092,0.0215849141431698,0.012838151650846357,0.020988903619285623,314.12519605933045,12.751891377063643,323.4108080500097,268.91723234145076,35.464030123401244,57.515913071575504,278.581540508133,20.502611568636716
q-bio.MN,100.0,-0.016807565343390785,True,1.0058695255839996,-0.008843707688774183,0.48871775259022326,0.3901814894652667,0.5176398552290681,0.9920806002929732,0.017428489370226716,0.04578571581645374,0.08208390928161334,0.05348145001491979,0.03568644423061705,0.009065182368632583,0.0021321638780194,0.017449328522276004,251.02710454678675,141.4395535297818,260.0382425880109,52.985765052795465,54.94913161645018,351.3782782392554,347.9363333847854,222.450891110397
q-bio.NC,100.0,-0.032711572969386316,True,0.9806793899988643,-0.054974419352344484,0.4171173390822298,0.46910070834616574,0.5040093382970887,1.0844862866653164,0.04710446597781952,0.06952974112476042,0.03582868384643607,0.05292000981846086,0.067431351675594,0.050923352726869854,0.03653430048022771,0.04200679835495346,148.0863449902667,245.52388815884711,130.52300353607802,232.9784269681465,209.28976353738665,249.74676913247686,143.019508213782,223.06822713412416
q-bio.PE,100.0,-0.002477303440233669,True,1.0094304288294818,-0.07942000637443658,0.4789435436987275,0.5020880434080485,0.5049482272197264,1.0047212120024929,0.039986094059718105,0.025213080775949498,0.03647503208254355,0.06740421326906794,0.12723300991549577,0.026099238477070793,0.01648914266100075,0.04869618333232177,38.76229907383809,62.150122758478645,287.7484973350102,113.74483118059025,307.11369582615777,209.55749199964322,181.9504823424809,176.06701812301208
q-bio.QM,100.0,-0.006998415591092044,True,0.999082509431,-0.08207122045014348,0.4734980806518719,0.5348995580396744,0.5193926043497967,1.143875528422524,0.01538811974177489,0.02114582724732768,0.05918602669344704,0.03718742357101692,0.026025818368210378,0.02995147769781297,0.03164700762269863,0.01987714604696492,210.73254956950237,317.8547589065982,87.14419933666572,269.15687544105265,231.44129147781211,73.6657956405215,87.91034459160532,7.56603874175465
q-fin.ST,100.0,-0.0065588684355648574,True,1.0012331748803587,-0.024689345268442464,0.5257755458204224,0.4472308295045767,0.5352067962934745,1.0760968432527052,0.01328661093630693,0.011282539631751255,0.051560688532516795,0.035965127636080466,0.08303542911683678,0.024278878881011916,0.013865891780560555,0.02363873203972523,273.3067684530645,243.86310784667907,57.095246076928824,119.60131603544673,67.5453637754598,231.3555854855085,209.63138107729276,177.1584480114878
quant-ph,100.0,-0.10100029562799673,True,0.9940596730403429,-0.00855276304257746,0.47706280788177335,0.5182813355227147,0.4204566341552074,1.061503195614932,0.02285859611521203,0.002866959514304357,0.010856410675272536,0.009903932692199479,0.001966956348179229,0.013668984324436527,0.036470039675610876,0.021740927731592842,58.45738569763366,121.48012463162354,275.2096292435082,213.9443975534206,255.923694711625,315.47133731607215,20.82404510216424,224.87436805632706
stat.AP,100.0,-0.41978375439456284,True,1.0019068489088225,-0.10228153505027593,0.47528234259822816,0.41606365952075025,0.5417790366493079,1.0717314333193313,0.055346143740930054,0.05628614937786854,0.06867213661942115,0.030675717992597325,0.14906756725362422,0.06444167020389012,0.028334023198242863,0.022863541898030432,228.5801348968026,253.6217408357124,180.85848717017345,344.229198707445,355.37260512204216,287.7713832137878,106.29519830199017,124.18991013790173
stat.CO,100.0,-0.03223404183501466,True,1.002111566007843,-0.0078067853550018995,0.5085760634349976,0.5045706644452725,0.5026774842984688,0.9721783413814781,0.04412415909088956,0.04475243051874643,0.018459661393615323,0.060930876799700114,0.0288275536921506,0.023967067529989106,0.0012266008074080929,0.002902926088863601,171.9605762854021,180.51421501990527,308.7753561781396,301.94758385401616,185.80638722135836,69.87351470402467,210.26403696312286,12.89575907575992
stat.ME,100.0,-0.2421824350862385,True,0.9656596273785991,-0.43467743819092974,0.4749733759318424,0.5239501170304568,0.5223522535101238,0.9924927599105419,0.029059230225985076,0.07495947947905546,0.09462308442887793,0.09022102353178259,0.1585090196079675,0.03692796241169826,0.04962699573038673,0.04747967031389504,34.631300255134626,274.2296800739486,66.61973782737094,137.01694526000009,338.35456088875355,194.71113463312824,139.72560017971992,237.6862152028567
stat.ML,100.0,0.013626500022410726,True,0.9841178789648856,-0.10933666113661622,0.5065154076142662,0.4407540776898055,0.5165025146319518,0.9876248426174296,0.08467031490662627,0.01969973657642906,0.025493426010789088,0.10392782334211516,0.025347095375059782,0.05105250954317991,0.03387570547305907,0.04302477621520691,184.60598261379414,177.97807367909365,154.61729381918357,341.4085413866952,74.23296633835314,185.11748041579372,148.46553943600108,235.77597440454326
