Time,sun_lon,sun_dist,moon_lon,moon_dist,mercury_lon,mercury_dist,venus_lon,venus_dist,mars_lon,mars_dist,jupiter_lon,jupiter_dist,saturn_lon,saturn_dist,uranus_lon,uranus_dist,neptune_lon,neptune_dist,pluto_lon,pluto_dist,node_lon,node_dist,chiron_lon,chiron_dist
2005-01,271.5199,0.983699,339.7965,0.002522,253.5911,1.280273,253.3335,1.592205,230.4628,2.152191,174.4524,5.245398,89.8266,8.076091,310.6196,20.812746,290.4258,30.994828,239.3037,31.717107,3.6291,0.00257,272.9031,14.220002
2005-02,302.9809,0.987852,27.1709,0.002631,303.8154,1.381011,292.157,1.674028,252.2531,1.928938,174.6504,4.787788,87.5337,8.23995,312.2674,21.034711,291.5899,31.032938,240.1594,31.345222,1.9864,0.00257,275.5777,14.163075
2005-03,331.0747,0.994617,35.1658,0.002626,348.7689,0.838697,327.1267,1.715682,272.2855,1.720506,172.3987,4.518008,86.5068,8.594284,313.8632,21.009714,292.5666,30.83646,240.5496,30.898131,0.5026,0.00257,277.5985,13.914613
2005-04,1.6875,1.003403,79.5652,0.002696,338.25,0.687756,5.6269,1.721297,294.7306,1.495182,168.5384,4.474998,87.0064,9.09624,315.4267,20.743902,293.3513,30.419739,240.486,30.410195,358.8599,0.00257,279.0195,13.497048
2005-05,30.822,1.010986,111.2674,0.002701,11.2085,1.139428,42.6148,1.679427,316.4642,1.290729,165.6461,4.696615,89.0099,9.565479,316.4606,20.313564,293.6679,29.92042,239.9867,30.072018,357.2701,0.00257,279.3346,13.060642
2005-06,60.5502,1.015819,155.565,0.002643,74.5436,1.222429,80.5567,1.582687,338.4253,1.096014,165.1548,5.110361,92.2178,9.92618,316.8329,19.800925,293.4886,29.439225,239.2111,29.958157,355.6273,0.00257,278.5492,12.708164
2005-07,89.1629,1.016434,189.3864,0.002575,114.2585,0.745717,116.9732,1.440082,358.3439,0.92088,167.2906,5.572157,95.9354,10.089865,316.4706,19.36437,292.9042,29.128551,238.4687,30.107046,354.0376,0.00257,277.025,12.571124
2005-08,118.8204,1.0127,239.3436,0.002467,104.844,0.713345,154.132,1.252493,15.9717,0.749422,171.6298,6.004898,99.9052,10.037733,315.4998,19.096752,292.0834,29.055225,237.9737,30.489303,352.3948,0.00257,275.2893,12.699035
2005-09,148.8074,1.005491,292.7158,0.002416,146.4924,1.366657,190.4889,1.037385,27.5343,0.59125,177.4134,6.312064,103.4885,9.769004,314.2815,19.095458,291.3278,29.256417,237.9349,31.003065,350.7521,0.00257,274.1005,13.080317
2005-10,178.295,0.997,331.4443,0.002446,196.2066,1.299115,224.2713,0.813999,28.0678,0.48116,183.7528,6.439798,106.0753,9.349389,313.3085,19.354178,290.9167,29.662356,238.3791,31.498155,349.1623,0.00257,273.931,13.601511
2005-11,209.2854,0.98901,22.5537,0.002537,226.8751,0.775306,255.7358,0.578218,18.3416,0.488016,190.4591,6.371916,107.329,8.842951,312.9052,19.817038,290.9877,30.186018,239.2561,31.876519,347.5196,0.00257,274.8843,14.165474
2005-12,239.6756,0.984186,57.5967,0.002622,218.9496,1.077232,276.0066,0.368426,14.4812,0.645139,196.4858,6.117601,106.8779,8.406929,313.2721,20.329802,291.554,30.656118,240.337,32.020284,345.9298,0.00257,276.7153,14.609402
2006-01,271.2556,0.983645,103.333,0.002699,264.0739,1.420583,268.8054,0.267239,21.5257,0.904582,201.5024,5.699584,104.9287,8.150787,314.3775,20.781929,292.5331,30.972301,241.4568,31.90108,344.2871,0.00257,279.1712,14.863172
2006-02,302.7181,0.987764,147.6032,0.002711,317.3774,1.161958,264.7898,0.398063,34.8545,1.205809,204.4549,5.203204,102.4494,8.181906,315.9803,21.036538,293.6938,31.032298,242.3346,31.544794,342.6443,0.00257,281.7401,14.861736
2006-03,330.8169,0.994483,156.4492,0.002703,324.1854,0.61232,284.7252,0.60279,49.4252,1.48495,204.7378,4.784179,100.8329,8.448577,317.5765,21.044214,294.6849,30.854035,242.7573,31.102908,341.1605,0.00257,283.7675,14.652767
2006-04,1.4353,1.003264,202.0952,0.00263,334.7574,0.973509,316.1483,0.845002,66.8978,1.780303,202.3808,4.475828,100.5211,8.913073,319.1847,20.809905,295.5012,30.451007,242.7347,30.609472,339.5178,0.00257,285.3061,14.257331
2006-05,30.5756,1.010864,237.6238,0.002551,26.5524,1.320587,349.8081,1.07175,84.5069,2.036987,198.6776,4.426246,101.828,9.405476,320.2987,20.398271,295.8577,29.955132,242.2687,30.256116,337.928,0.00257,285.8224,13.814473
2006-06,60.3078,1.015757,289.3754,0.002469,84.4398,0.917327,25.9639,1.284209,103.1435,2.260125,195.679,4.643334,104.5264,9.837164,320.7761,19.887574,295.7192,29.466231,241.5096,30.120815,336.2853,0.00257,285.2761,13.425625
2006-07,88.9214,1.016438,328.4747,0.002447,93.4502,0.573588,61.7053,1.457269,121.5312,2.427365,195.1562,5.03428,107.9829,10.097143,320.5127,19.434562,295.1629,29.138859,240.7603,30.249281,334.6955,0.00257,283.9249,13.231586
2006-08,118.5762,1.012784,21.2182,0.002503,102.5824,1.106904,99.2909,1.592706,140.9222,2.54455,197.3374,5.50566,111.925,10.153823,319.6096,19.134371,294.3497,29.04322,240.2364,30.616721,333.0527,0.00257,282.2213,13.293754
2006-09,148.5578,1.00563,70.9273,0.002605,160.4889,1.365037,137.4902,1.678434,160.7869,2.602581,201.7411,5.935428,115.7307,9.983699,318.3979,19.093428,293.5774,29.223281,240.1556,31.126149,331.41,0.00257,280.891,13.621884
2006-10,178.0386,0.997145,104.9246,0.002665,202.6488,1.036504,174.8849,1.714063,180.548,2.602735,207.4312,6.232462,118.7747,9.630572,317.3693,19.318236,293.1321,29.615704,240.5575,31.628071,329.8202,0.00257,280.4675,14.117648
2006-11,209.0234,0.989132,149.063,0.002707,195.7126,0.756468,213.7435,1.706361,201.6003,2.548837,214.1132,6.362642,120.7225,9.143567,316.8655,19.760839,293.1603,30.136393,241.3994,32.023026,328.1775,0.00257,281.1177,14.686754
2006-12,239.4107,0.984253,180.6974,0.002691,226.935,1.352567,251.403,1.661145,222.6294,2.45179,220.7447,6.293478,121.0346,8.665515,317.1259,20.273165,293.6898,30.614791,242.4618,32.188018,326.5877,0.00257,282.682,15.161458
2007-01,270.9922,0.983661,225.439,0.002611,276.225,1.387815,290.2533,1.579001,245.037,2.316717,227.1082,6.027199,119.6871,8.306195,318.1415,20.743601,294.6447,30.94852,243.5822,32.090596,324.945,0.00257,284.9321,15.463126
2007-02,302.4593,0.987749,273.3673,0.002494,316.1204,0.748419,328.8234,1.460831,268.0713,2.160495,232.2303,5.60575,117.3014,8.204112,319.6939,21.029646,295.8007,31.030289,244.4801,31.750323,323.3022,0.00257,287.3891,15.512966
2007-03,330.5612,0.994456,281.31,0.002494,303.9349,0.814488,3.1162,1.320805,289.2978,2.012918,235.1047,5.157697,115.2795,8.364956,321.285,21.069931,296.8047,30.870534,244.9338,31.314387,321.8184,0.00257,289.4047,15.342703
2007-04,1.185,1.003248,333.0587,0.002407,343.6662,1.230664,40.0221,1.127417,313.0485,1.852042,235.6794,4.689853,114.2137,8.762904,322.9323,20.86815,297.6517,30.481822,244.9514,30.816375,320.1757,0.00257,291.0291,14.971979
2007-05,30.3291,1.01087,11.8158,0.002402,44.3439,1.185615,73.9411,0.906215,335.9724,1.702994,233.5355,4.382148,114.7734,9.251437,324.1222,20.477162,298.0478,29.990209,244.519,30.448645,318.5859,0.00257,291.7108,14.528374
2007-06,60.0645,1.015792,64.9901,0.002467,77.6271,0.624206,105.2623,0.65729,359.1776,1.553762,229.7436,4.313872,116.8622,9.732891,324.7029,19.97098,297.9506,29.494427,243.7778,30.292357,316.9432,0.00257,291.3756,14.111133
2007-07,88.6785,1.016511,101.2296,0.002552,69.7835,0.752125,126.3433,0.427012,20.6897,1.407077,226.7369,4.506814,119.9459,10.076831,324.5406,19.503994,297.4236,29.150923,243.0235,30.400312,315.3534,0.00257,290.1952,13.867609
2007-08,118.3316,1.012882,147.8607,0.002659,117.9798,1.350276,122.5157,0.289412,41.325,1.244002,226.0733,4.898988,123.7392,10.238499,323.7116,19.173004,296.62,29.033124,242.4729,30.752346,313.7107,0.00257,288.5534,13.868757
2007-09,148.3091,1.005729,192.152,0.002711,170.9245,1.187583,113.4957,0.385403,59.3875,1.062679,228.255,5.367633,127.6399,10.172503,322.5157,19.092708,295.8328,29.191684,242.3514,31.256487,312.0679,0.00257,287.1322,14.143587
2007-10,177.7855,0.997229,224.4702,0.002705,194.3893,0.722846,132.0223,0.593341,72.694,0.872764,232.5818,5.786794,131.0148,9.900357,321.4393,19.282288,295.3544,29.569816,242.7115,31.764226,310.4782,0.00257,286.5045,14.609502
2007-11,208.7673,0.989168,270.0425,0.002637,191.5134,1.152931,163.2204,0.825915,78.4819,0.687796,238.608,6.099254,133.5442,9.456655,320.8392,19.702128,295.3401,30.086538,243.5178,32.174857,308.8354,0.00257,286.892,15.17665
2007-12,239.1538,0.984244,305.3486,0.00257,237.9589,1.449575,197.7375,1.040725,72.2777,0.590604,245.2654,6.231223,134.5818,8.965058,320.9927,20.211267,295.8319,30.57234,244.5604,32.360534,307.2456,0.00257,288.214,15.67483
2008-01,270.7369,0.983598,356.5332,0.00249,287.522,1.140653,235.1972,1.240498,61.6759,0.667874,252.3324,6.166546,133.9433,8.528694,321.9149,20.697586,296.7614,30.922954,245.6794,32.284789,305.6029,0.00257,290.2695,16.018026
2008-02,302.2071,0.987651,50.0194,0.002478,285.1546,0.694064,273.3323,1.412307,61.5307,0.899557,258.9152,5.906045,131.8997,8.30348,323.4115,21.013604,297.9109,31.026272,246.5953,31.96096,303.9601,0.00257,292.6127,16.115092
2008-03,331.3094,0.994642,74.9332,0.002503,306.7897,1.11593,309.1754,1.54519,69.8999,1.175392,263.9883,5.522745,129.6261,8.354804,325.049,21.084809,298.9598,30.876384,247.0883,31.515239,302.4234,0.00257,294.6691,15.974153
2008-04,1.918,1.003444,125.4296,0.002591,1.0148,1.334629,347.46,1.653443,83.5305,1.479523,267.499,5.03481,127.9759,8.668486,326.7215,20.908462,299.8244,30.496638,247.1285,31.015125,300.7806,0.00257,296.3321,15.624565
2008-05,31.0486,1.011017,160.246,0.002657,52.6573,0.80839,24.4033,1.717962,99.0737,1.755236,268.335,4.581555,127.8393,9.128622,327.9662,20.534604,300.244,30.008147,246.7169,30.639412,299.1909,0.00257,297.1205,15.183199
2008-06,60.774,1.015827,205.4727,0.002712,49.6118,0.586579,62.4999,1.734416,116.5179,2.00413,266.3503,4.251761,129.2931,9.634595,328.6247,20.033705,300.1721,29.508772,245.9889,30.471025,297.5481,0.00257,296.9392,14.746983
2008-07,89.3858,1.016419,237.8873,0.002705,73.8589,1.146163,99.3676,1.696978,134.3251,2.200783,262.7001,4.164775,131.9392,10.042149,328.5413,19.557676,299.6636,29.155829,245.2344,30.566924,295.9583,0.00257,295.8992,14.466992
2008-08,119.0434,1.012677,282.797,0.002636,134.9646,1.284753,137.4706,1.605592,153.5343,2.353032,259.4321,4.343622,135.4913,10.294133,327.7737,19.204186,298.8668,29.024667,244.6698,30.90983,294.3156,0.00257,294.3303,14.420601
2008-09,149.0309,1.005467,330.498,0.002525,175.2753,0.890104,175.4797,1.469807,173.5481,2.451695,258.637,4.727766,139.3713,10.325673,326.5961,19.093809,298.0714,29.170021,244.5245,31.410866,292.6728,0.00257,292.8693,14.651309
2008-10,178.5194,0.99697,7.529,0.002446,163.5936,0.791851,212.0488,1.306501,193.7143,2.497485,260.6952,5.181963,142.942,10.137371,325.4883,19.255479,297.5735,29.539196,244.8583,31.922128,291.0831,0.00257,292.1056,15.089736
2008-11,209.5115,0.988975,61.1027,0.002406,203.574,1.406759,249.4351,1.113046,215.4076,2.498094,265.2407,5.622138,145.8993,9.750978,324.8174,19.656165,297.5336,30.053085,245.6407,32.342086,289.4403,0.00257,292.2983,15.650492
2008-12,239.9043,0.984149,99.4684,0.002426,250.8277,1.358751,284.7117,0.907141,237.2185,2.46108,271.2336,5.935022,147.5375,9.269869,324.8891,20.160934,298.0027,30.542889,246.6677,32.540004,287.8506,0.00257,293.4281,16.162838
2009-01,271.4872,0.983631,150.1222,0.002526,282.3615,0.721033,318.6075,0.680891,260.5187,2.394632,278.3182,6.084378,147.5821,8.787226,325.7375,20.657622,298.9164,30.903258,247.7814,32.477136,286.2078,0.00257,295.3187,16.53534
2009-02,302.951,0.987798,197.1567,0.002636,276.9099,1.006359,345.0036,0.455909,284.4178,2.311338,285.6138,6.032734,146.0212,8.464061,327.1875,20.995418,300.0613,31.019349,248.7037,32.163237,284.5651,0.00257,297.5531,16.667623
2009-03,331.0475,0.994554,204.9806,0.002636,317.1258,1.317594,349.8652,0.301978,306.2934,2.230117,291.828,5.820277,143.8616,8.401605,328.7559,21.092483,301.083,30.889653,249.2014,31.738281,283.0813,0.00257,299.505,16.564017
2009-04,1.6613,1.003364,249.2488,0.002699,17.3172,1.119125,335.3158,0.331391,330.5178,2.138879,297.6556,5.437435,141.7583,8.606394,330.4572,20.95021,301.9764,30.525292,249.2798,31.235192,281.4385,0.00257,301.2157,16.241499
2009-05,30.7967,1.010951,280.9201,0.002699,35.2535,0.562114,347.0678,0.531336,353.6316,2.049019,301.5507,4.980083,140.922,9.010848,331.7699,20.600221,302.4349,30.042419,248.9018,30.846528,279.8488,0.00257,302.1214,15.806635
2009-06,60.5261,1.0158,325.5926,0.002636,37.4185,0.860875,15.0376,0.778242,16.8422,1.948887,303.0243,4.508829,141.6555,9.518469,332.5278,20.108345,302.405,29.537557,248.1937,30.658045,278.206,0.00257,302.1061,15.353283
2009-07,89.1402,1.016427,0.2135,0.002569,90.8078,1.334995,47.2146,1.011558,38.3772,1.836089,301.6072,4.162502,143.7557,9.976099,332.548,19.622831,301.9278,29.16943,247.4373,30.733479,276.6163,0.00257,301.2199,15.035498
2009-08,118.7987,1.012734,50.9203,0.002471,144.5121,1.053478,82.7911,1.228187,59.4018,1.693118,297.9744,4.027845,146.9556,10.313797,331.8651,19.241948,301.1437,29.016332,246.8492,31.060163,274.9735,0.00257,299.738,14.936891
2009-09,148.7854,1.005572,104.0904,0.002436,158.5478,0.648474,119.8404,1.409116,78.8135,1.515538,294.4047,4.169593,150.7129,10.447128,330.7187,19.093099,300.3361,29.139556,246.6657,31.554506,273.3308,0.00257,298.2472,15.116502
2009-10,178.2704,0.997108,142.7413,0.002477,164.1897,1.203638,156.6858,1.544361,95.4236,1.309013,293.1772,4.521306,154.3898,10.35432,329.5774,19.217572,299.8067,29.493187,246.9586,32.070009,271.741,0.00257,297.3496,15.520493
2009-11,209.2577,0.989125,193.5436,0.002572,215.1902,1.438214,195.3799,1.641081,108.9214,1.069046,294.9685,4.991034,157.6963,10.04378,328.8184,19.591228,299.7243,30.001513,247.7049,32.504202,270.0982,0.00257,297.3426,16.069792
2009-12,239.6452,0.984276,228.3125,0.00265,259.4849,1.078816,233.0835,1.69455,115.5299,0.84042,299.2333,5.433122,159.8905,9.595313,328.7834,20.087911,300.1544,30.497294,248.7102,32.721894,268.5085,0.00257,298.2732,16.594801
2010-01,271.2254,0.9837,273.3952,0.002711,251.5551,0.783472,272.0902,1.71123,111.217,0.680717,305.4245,5.782799,160.6473,9.08902,329.5323,20.596097,301.0402,30.873585,249.8197,32.6805,266.8657,0.00257,299.9939,16.99876
2010-02,302.6902,0.987795,317.7063,0.002705,283.431,1.264698,310.9983,1.689904,99.7473,0.702763,312.6099,5.962976,159.714,8.68208,330.917,20.96113,302.1759,31.010954,250.7567,32.383601,265.223,0.00257,302.1203,17.171221
2010-03,330.7896,0.994517,326.6063,0.00269,331.6974,1.35032,345.9123,1.635815,96.4288,0.876609,319.3559,5.957815,157.7946,8.510238,332.4654,21.08986,303.207,30.900364,251.2811,31.966405,263.7392,0.00257,304.0378,17.102396
2010-04,1.4103,1.003304,13.0101,0.002603,18.2596,0.727506,24.1374,1.532411,102.7999,1.145254,326.5136,5.770552,155.4558,8.595229,334.1895,20.982229,304.1277,30.551922,251.3966,31.461276,262.0965,0.00257,305.7831,16.807649
2010-05,30.5514,1.01091,48.8676,0.00252,9.1433,0.660564,60.5394,1.385591,114.7863,1.416796,332.5418,5.436538,154.0234,8.921289,335.5654,20.657715,304.6243,30.075473,251.052,31.060576,260.5067,0.00257,306.7881,16.382125
2010-06,60.2848,1.015792,100.8812,0.002446,45.4317,1.192721,97.3161,1.189082,130.36,1.676323,337.1454,4.988264,154.0348,9.404657,336.4196,20.177295,304.6365,29.56605,250.3647,30.852678,258.8639,0.00257,306.9207,15.916283
2010-07,88.8992,1.016462,139.995,0.002434,106.7145,1.205111,131.6046,0.966873,147.3072,1.892275,339.2888,4.531594,155.529,9.891233,336.544,19.68492,304.1918,29.183473,249.6083,30.907806,257.2742,0.00257,306.1791,15.56578
2010-08,118.5555,1.012787,192.7006,0.002505,143.8139,0.766043,164.4362,0.72106,166.226,2.072244,338.5356,4.143046,158.2902,10.299687,335.9506,19.278873,303.4221,29.008791,248.9988,31.217881,255.6314,0.00257,304.7906,15.419131
2010-09,148.5381,1.005624,241.5433,0.002613,131.8517,0.829605,190.8577,0.480498,186.3607,2.206724,335.1731,3.958296,161.8276,10.527905,334.8443,19.092459,302.6044,29.109647,248.7787,31.704689,253.9887,0.00257,303.2913,15.549142
2010-10,178.0187,0.997156,274.7829,0.00267,176.9174,1.409845,198.1865,0.300617,206.9208,2.295681,331.3991,4.044009,165.509,10.532082,333.6779,19.178934,302.0447,29.44701,249.0313,32.22347,252.3989,0.00257,302.2863,15.917161
2010-11,209.0014,0.989142,318.6342,0.002705,225.5981,1.295401,183.8786,0.309123,229.2113,2.350327,329.499,4.377186,169.0526,10.307696,332.8364,19.523313,301.9199,29.948774,249.7411,32.671,250.7562,0.00257,302.1045,16.451136
2010-12,239.3864,0.984257,350.3353,0.002684,249.5972,0.712398,195.2136,0.493112,251.6846,2.374542,330.6907,4.829834,171.6998,9.910089,332.6953,20.009149,302.3103,30.449629,250.7239,32.907926,249.1664,0.00257,302.8534,16.984204
2011-01,270.966,0.983629,35.2455,0.002596,248.4278,1.119883,224.2488,0.726111,275.6356,2.37892,334.7271,5.305051,173.1065,9.405313,333.3416,20.526198,303.1669,30.841177,251.8275,32.887885,247.5237,0.00257,304.4147,17.415199
2011-02,302.4328,0.987679,83.3282,0.002478,294.8103,1.392071,258.8843,0.957195,300.0227,2.370776,340.7324,5.685601,172.8478,8.939602,334.6557,20.916693,304.2919,30.999601,252.7774,32.60837,245.8809,0.00257,306.4359,17.624708
2011-03,330.5375,0.994385,91.5684,0.002489,346.3327,1.102584,291.8754,1.152379,322.1152,2.357327,347.1195,5.893067,171.3267,8.671801,336.1784,21.076487,305.3305,30.908302,253.3269,32.199598,244.3971,0.00257,308.3155,17.589376
2011-04,1.1628,1.003165,144.0505,0.002412,351.4471,0.582317,329.127,1.346779,346.2992,2.336493,354.5837,5.94364,168.9765,8.634412,337.9192,21.004003,306.2771,30.576427,253.4783,31.693481,242.7544,0.00257,310.0855,17.322951
2011-05,30.3079,1.010798,183.1755,0.002421,5.3541,0.956214,5.4638,1.506286,9.1393,2.30666,1.6312,5.812197,167.0964,8.864386,339.3532,20.706542,306.811,30.107319,253.167,31.281736,241.1646,0.00257,311.1759,16.90919
2011-06,60.0422,1.01573,235.6026,0.002495,63.1553,1.318965,43.1664,1.632072,31.9432,2.257998,8.1438,5.512405,166.4269,9.298765,340.3005,20.240064,306.8654,29.594372,252.5017,31.055125,239.5219,0.00257,311.4413,16.434913
2011-07,88.655,1.016455,271.36,0.002581,114.9549,0.925522,79.8477,1.706995,53.1214,2.184206,13.0702,5.106694,167.2796,9.791875,340.5292,19.743509,306.4543,29.198125,251.7472,31.090105,237.9321,0.00257,310.8358,16.056171
2011-08,118.3063,1.012829,317.815,0.002677,121.0878,0.607383,118.0291,1.730729,74.008,2.07062,15.9638,4.638735,169.5296,10.25364,340.0302,19.314618,305.7009,29.002182,251.1184,31.383154,236.2894,0.00257,309.5437,15.865276
2011-09,148.2826,1.005687,2.3231,0.002714,136.703,1.235255,156.4577,1.701403,93.7745,1.911457,15.8989,4.224278,172.7607,10.566757,338.9722,19.09167,304.875,29.080403,250.863,31.861622,234.6466,0.00257,308.0517,15.947272
2011-10,177.7581,0.9972,34.8557,0.002696,189.2093,1.392827,193.7542,1.629243,111.6046,1.711081,13.0631,3.992923,176.3552,10.665956,337.7894,19.139532,304.2862,29.400815,251.076,32.382798,233.0568,0.00257,306.9607,16.278295
2011-11,208.7376,0.989168,80.9064,0.002619,231.3003,0.995302,232.287,1.517714,128.1246,1.460298,8.9881,4.023642,180.0341,10.534073,336.8709,19.452537,304.1191,29.8951,251.7492,32.842896,231.4141,0.00257,306.6249,16.793815
2011-12,239.1215,0.98426,117.0017,0.002548,219.9935,0.84197,269.4686,1.379703,141.0706,1.189748,6.5259,4.310521,183.0339,10.201607,336.6249,19.92484,304.469,30.400212,252.7084,33.098594,229.8243,0.00257,307.2071,17.331019
2012-01,270.7013,0.983627,169.174,0.002482,256.6872,1.354075,307.4993,1.208636,148.6199,0.91495,7.0596,4.769329,185.0097,9.720337,337.1657,20.448167,305.2949,30.806471,253.8048,33.09985,228.1816,0.00257,308.6184,17.785228
2012-02,302.1699,0.987675,222.3967,0.00249,308.5965,1.330485,344.4567,1.009308,145.8085,0.714435,10.575,5.258817,185.4216,9.22077,338.4039,20.862362,306.4075,30.98582,254.7661,32.838081,226.5388,0.00257,310.5378,18.029015
2012-03,331.2727,0.994631,246.8804,0.002514,342.087,0.680962,16.8619,0.79931,135.1756,0.6842,15.7834,5.646584,184.3458,8.865425,339.952,21.055503,307.4878,30.907472,255.3531,32.422419,225.0021,0.00257,312.4413,18.021935
2012-04,1.8842,1.003432,296.6577,0.002609,334.7269,0.808349,46.1556,0.560451,129.6601,0.830976,22.5511,5.919039,182.1674,8.719616,341.7016,21.010191,308.4493,30.585942,255.5235,31.916311,223.3593,0.00257,314.2145,17.777112
2012-05,31.0179,1.011011,331.0243,0.002669,17.4722,1.246932,59.9578,0.353511,134.8488,1.05624,29.6044,6.010125,180.0324,8.850639,343.1767,20.734481,309.0053,30.121767,255.2316,31.49878,221.7695,0.00257,315.3564,17.373144
2012-06,60.7463,1.015847,15.6211,0.002711,80.6789,1.098818,46.3171,0.302546,147.007,1.301312,36.8214,5.918465,178.8081,9.22025,344.1937,20.280247,309.0853,29.607159,254.5809,31.261839,220.1268,0.00257,315.7134,16.89377
2012-07,89.3596,1.016453,47.6185,0.002694,108.4993,0.63863,48.8059,0.470346,162.4549,1.519724,43.1956,5.664525,179.0615,9.699327,344.5026,19.78212,308.6949,29.202959,253.8298,31.285529,218.537,0.00257,315.2093,16.494808
2012-08,119.0189,1.012725,92.7163,0.002613,100.4226,0.87633,73.3064,0.708515,180.8209,1.714029,48.5124,5.268987,180.7887,10.193266,344.0785,19.337071,307.9518,28.994297,253.1919,31.569051,216.8943,0.00257,313.9974,16.270898
2012-09,149.008,1.005519,141.2459,0.002497,153.3276,1.393957,105.7033,0.945021,200.9922,1.873895,51.7483,4.804235,183.668,10.573471,343.0623,19.086775,307.1213,29.058863,252.9172,32.042992,215.2515,0.00257,312.5246,16.315846
2012-10,178.4976,0.997024,178.4735,0.002424,200.182,1.198036,140.3185,1.15354,221.9175,1.998477,52.14,4.384397,187.1076,10.755677,341.8719,19.104775,306.5152,29.368965,253.1068,32.56573,213.6618,0.00257,311.3823,16.616986
2012-11,209.4912,0.989034,231.8383,0.002396,214.53,0.680078,177.8767,1.339054,244.7462,2.101967,49.565,4.10877,190.8265,10.711162,340.8985,19.392591,306.3231,29.858553,253.7569,33.033081,212.019,0.00257,310.9392,17.115787
2012-12,239.8837,0.984223,269.9083,0.002428,222.0094,1.2208,215.0927,1.485104,267.7359,2.184602,45.5957,4.098852,194.0638,10.447741,340.5735,19.852828,306.6488,30.365884,254.6994,33.299407,210.4293,0.00257,311.3974,17.653201
2013-01,271.4651,0.983708,320.4218,0.002535,269.637,1.429194,253.8842,1.600041,292.0627,2.258569,42.6655,4.366031,196.4812,10.004343,341.0327,20.379062,307.4562,30.780545,255.7874,33.312671,208.7865,0.00257,312.6907,18.122207
2013-02,302.9263,0.987861,6.9186,0.002645,320.9317,0.980475,292.7175,1.678637,316.5513,2.325157,42.7146,4.816276,197.4729,9.494481,342.2101,20.809808,308.5606,30.972114,256.7507,33.061068,207.1438,0.00257,314.5235,18.389796
2013-03,331.0199,0.994619,14.6794,0.002651,311.8684,0.668382,327.691,1.717237,338.4659,2.379265,45.3487,5.265395,196.9635,9.093894,343.6743,21.022509,309.6083,30.912069,257.3341,32.666917,205.66,0.00257,316.3218,18.410092
2013-04,1.6334,1.003394,58.6539,0.002706,338.0159,1.097479,6.1905,1.719276,2.1993,2.428818,50.3724,5.703783,195.1293,8.841269,345.4299,21.012924,310.5934,30.608068,257.5385,32.161281,204.0172,0.00257,318.1087,18.193759
2013-05,30.7694,1.010963,90.6639,0.0027,35.1661,1.305325,43.1722,1.673814,24.4481,2.459621,56.5318,6.000069,192.8958,8.860208,346.9541,20.766744,311.1855,30.152628,257.2794,31.734212,202.4275,0.00257,319.3176,17.8047
2013-06,60.5002,1.015793,136.0878,0.00263,84.5423,0.774151,81.0991,1.573462,46.6124,2.464388,63.5273,6.13352,191.1848,9.142234,348.0578,20.330528,311.3077,29.636076,256.6519,31.479768,200.7847,0.00257,319.7856,17.322681
2013-07,89.115,1.016421,171.2624,0.002561,80.4883,0.608236,117.4851,1.427736,67.2648,2.433338,70.3481,6.082076,190.8121,9.584947,348.4701,19.83291,310.9523,29.219524,255.9053,31.483815,199.195,0.00257,319.4019,16.902396
2013-08,118.7734,1.012714,222.3462,0.002473,108.967,1.255688,154.5857,1.237504,87.8226,2.355323,76.891,5.850625,191.9388,10.093904,348.1468,19.369431,310.2284,28.990382,255.2514,31.750029,197.5522,0.00257,318.2859,16.640739
2013-09,148.7592,1.005532,275.895,0.002456,165.9565,1.303855,190.8368,1.020393,107.6086,2.223718,82.2734,5.470547,194.3759,10.53249,347.1925,19.08515,309.3928,29.032252,254.9446,32.214613,195.9094,0.00257,316.8388,16.641257
2013-10,178.2441,0.997053,314.6009,0.002506,202.3639,0.891429,224.4175,0.79575,125.9704,2.042407,85.6214,5.020887,197.5782,10.797515,346.0013,19.064202,308.7599,29.324536,255.0963,32.738348,194.3197,0.00257,315.6402,16.904877
2013-11,209.2315,0.989052,4.4418,0.002602,190.2346,0.930855,255.3714,0.559866,143.9189,1.801886,86.3428,4.570739,201.2626,10.847879,344.9631,19.317501,308.5265,29.805236,255.7102,33.21679,192.6769,0.00257,315.075,17.381034
2013-12,239.6201,0.984205,38.6529,0.002672,231.9768,1.417203,274.1206,0.353674,159.807,1.527267,84.1358,4.274429,204.6776,10.666931,344.5368,19.759595,308.8109,30.315408,256.6283,33.50082,191.0872,0.00257,315.3915,17.916616
2014-01,271.2,0.983638,83.5689,0.002717,281.9736,1.307089,264.742,0.269365,173.5901,1.219777,80.1176,4.228823,207.4942,10.279723,344.8868,20.287304,309.5858,30.743677,257.7071,33.534893,189.4444,0.00257,316.5521,18.402559
2014-02,302.6636,0.987744,128.2453,0.00269,303.4131,0.648009,263.3604,0.414027,182.3126,0.921789,76.9747,4.470901,209.0632,9.779291,345.9799,20.738178,310.6751,30.955713,258.6791,33.301298,187.8017,0.00257,318.2912,18.699549
2014-03,330.7635,0.994466,136.9645,0.002669,303.2602,0.945753,284.4698,0.62124,182.2687,0.709201,76.5176,4.860854,209.1223,9.339027,347.4035,20.979727,311.7267,30.915422,259.284,32.917039,186.3179,0.00257,320.0499,18.749733
2014-04,1.3826,1.003245,183.5599,0.00257,350.1385,1.304869,316.3408,0.86316,172.3605,0.61766,78.8412,5.356024,207.7559,8.99513,349.1592,21.00604,312.7343,30.629546,259.5213,32.412714,184.6751,0.00257,321.8464,18.562062
2014-05,30.5236,1.010842,219.6178,0.002485,50.009,1.035284,350.1783,1.088467,165.1,0.702311,83.2587,5.791476,205.6034,8.902963,350.727,20.790642,313.3616,30.18369,259.2949,31.976945,183.0854,0.00257,323.1153,18.189413
2014-06,60.257,1.015726,272.5539,0.002421,66.9424,0.558803,26.4259,1.298694,168.9852,0.885937,89.2383,6.118064,203.5512,9.083821,351.9137,20.37469,313.526,29.666202,258.6914,31.705645,181.4426,0.00257,323.686,17.707477
2014-07,88.8722,1.016406,311.719,0.002421,68.3566,0.913905,62.2192,1.46902,180.6441,1.083755,95.7297,6.271042,202.6048,9.469698,352.4284,19.880257,313.2067,29.238153,257.951,31.690276,179.8529,0.00257,323.4168,17.269083
2014-08,118.5282,1.012765,3.6793,0.002507,125.5591,1.354765,99.839,1.601174,197.3471,1.277883,102.5832,6.240656,203.1116,9.972511,352.2089,19.400979,312.5038,28.989008,257.2831,31.938897,178.2101,0.00257,322.3966,16.972671
2014-09,148.5096,1.005634,51.7381,0.00262,174.0489,1.071947,138.057,1.683351,216.9952,1.453405,109.0104,6.022051,205.05,10.452888,351.3241,19.084379,311.6652,29.008117,256.9457,32.393447,176.5674,0.00257,320.9828,16.93041
2014-10,177.9888,0.997171,84.6577,0.002675,180.998,0.663143,175.4564,1.715494,237.9365,1.607243,114.1961,5.659354,207.9469,10.790907,350.1411,19.024589,311.0071,29.282059,257.0606,32.917343,174.9776,0.00257,319.7399,17.156296
2014-11,208.9706,0.989166,128.3333,0.002702,195.9599,1.289349,214.3101,1.70429,260.9655,1.75537,117.6924,5.190404,211.5199,10.933276,349.0453,19.241845,310.7329,29.75304,257.6384,33.40606,173.3349,0.00257,319.0655,17.607903
2014-12,239.3552,0.984275,159.8905,0.002676,243.3063,1.436224,251.9611,1.65583,284.0895,1.893971,118.4874,4.742726,215.0325,10.839397,348.5207,19.663322,310.9758,30.265212,258.5316,33.707194,171.7451,0.00257,319.2503,18.1389
2015-01,270.9353,0.983658,204.9986,0.002586,289.8177,0.961014,290.7994,1.570489,308.3334,2.035845,116.3494,4.42007,218.1645,10.520728,348.76,20.189814,311.7171,30.706441,259.6003,33.761802,170.1023,0.00257,320.2847,18.638909
2015-02,302.4028,0.987726,253.922,0.002472,278.0678,0.814729,329.3474,1.449286,332.4558,2.175763,112.4129,4.359563,220.2438,10.048707,349.7644,20.658713,312.7901,30.938649,260.5797,33.546325,168.4596,0.00257,321.9334,18.963077
2015-03,330.5064,0.994424,262.7537,0.002489,309.4617,1.209469,3.6013,1.30671,353.828,2.296342,109.4354,4.553815,220.8589,9.588745,351.1423,20.928055,313.8442,30.918212,261.2047,33.172426,166.9758,0.00257,323.6522,19.042076
2015-04,1.1314,1.003224,315.5681,0.002427,7.0802,1.293458,40.4226,1.110886,16.8196,2.415842,108.5914,4.965424,220.0399,9.172124,352.8919,20.990262,314.8728,30.650955,261.474,32.670119,165.3331,0.00257,325.4552,18.883109
2015-05,30.2763,1.010853,354.4626,0.002447,48.5565,0.683172,74.1714,0.888022,38.3197,2.508262,110.5273,5.438909,218.1268,8.975499,354.4982,20.806737,315.5346,30.215456,261.28,32.226409,163.7433,0.00257,326.7787,18.528141
2015-06,60.012,1.015779,46.3255,0.002529,40.9676,0.669824,105.0665,0.638729,59.7827,2.569529,114.7663,5.89125,215.8959,9.047045,355.7637,20.413106,315.7414,29.69794,260.7013,31.93886,162.1006,0.00257,327.4453,18.048639
2015-07,88.6267,1.016494,82.0249,0.002612,78.9502,1.258066,124.931,0.411435,79.9055,2.586437,120.2915,6.216014,214.4583,9.358146,356.3794,19.924443,315.459,29.259199,259.9684,31.904309,160.5108,0.00257,327.2855,17.595005
2015-08,118.281,1.012867,128.0466,0.002695,138.7655,1.207293,118.7661,0.288476,100.1379,2.551837,126.795,6.384812,214.3487,9.833673,356.2664,19.432029,314.7789,28.990564,259.2883,32.135144,158.868,0.00257,326.3607,17.266613
2015-09,148.2598,1.005726,172.2749,0.002715,171.5844,0.774512,111.8538,0.400336,119.8951,2.458192,133.5108,6.359185,215.7435,10.337736,355.4578,19.084986,313.9394,28.98694,258.922,32.57906,157.2253,0.00257,324.9862,17.183237
2015-10,177.7365,0.997247,205.1119,0.002684,159.7092,0.953762,131.7572,0.611815,138.607,2.308772,139.6478,6.149309,218.2723,10.736806,354.2921,18.986714,313.2576,29.242067,259.0009,33.102298,155.6355,0.00257,323.7092,17.37133
2015-11,208.7169,0.989207,252.1772,0.002598,207.4732,1.440622,163.4273,0.844292,157.482,2.095659,144.9413,5.770136,221.662,10.965722,353.147,19.166647,312.9436,29.702513,259.5432,33.600413,153.9928,0.00257,322.9369,17.796724
2015-12,239.101,0.984292,288.9269,0.002525,254.1663,1.27384,198.1233,1.057704,175.1393,1.840247,148.2769,5.308152,225.1983,10.960795,352.5277,19.565108,313.1449,30.215787,260.411,33.917962,152.403,0.00257,322.9987,18.320589
2016-01,270.6818,0.983634,341.3385,0.002471,268.5436,0.666871,235.6663,1.255306,192.3738,1.539937,149.0704,4.837899,228.5658,10.720119,352.6556,20.087562,313.8517,30.669165,261.4685,33.992693,150.7603,0.00257,323.9127,18.831875
2016-02,302.1511,0.987662,34.4264,0.002498,277.8914,1.11956,273.8438,1.424482,207.7914,1.223579,146.9228,4.511754,231.0838,10.293014,353.5671,20.572107,314.9067,30.921063,262.4538,33.795374,149.1175,0.00257,325.4736,19.180991
2016-03,331.2542,0.994633,58.5949,0.00252,323.4967,1.358816,309.7109,1.554609,219.1266,0.937257,143.3074,4.442472,232.2403,9.815779,354.9473,20.87515,315.9988,30.916343,263.1145,33.417068,147.5807,0.00257,327.2134,19.287532
2016-04,1.8646,1.003429,107.6658,0.00262,21.2041,0.942031,348.0126,1.659628,224.7927,0.676987,140.0448,4.644904,231.9594,9.350377,356.6884,20.964598,317.0392,30.660539,263.3994,32.916449,145.938,0.00257,329.0126,19.149174
2016-05,30.9966,1.011009,141.2172,0.002676,22.0103,0.562633,24.9658,1.720728,220.0437,0.524153,139.2254,5.036417,230.3817,9.067925,358.3206,20.806199,317.7212,30.231813,263.2231,32.468985,144.3482,0.00257,330.3688,18.807417
2016-06,60.7226,1.015827,185.2729,0.002708,39.5109,1.015252,63.066,1.733401,210.411,0.522803,141.1409,5.517968,228.1362,9.036789,359.6442,20.431168,317.9535,29.714935,262.6599,32.172994,142.7055,0.00257,331.1004,18.330358
2016-07,89.3344,1.016421,217.3072,0.002682,98.8718,1.308066,99.9294,1.692251,210.5678,0.637728,145.1387,5.951021,226.3451,9.266201,0.3369,19.948728,317.694,29.270236,261.9339,32.128117,141.1157,0.00257,331.0197,17.866158
2016-08,118.9923,1.012671,262.833,0.002591,146.3336,0.927086,138.0179,1.597255,221.3386,0.801767,150.7526,6.282871,225.6945,9.698485,0.3076,19.44801,317.0285,28.99011,261.2496,32.349206,139.473,0.00257,330.1681,17.514503
2016-09,148.9808,1.005452,311.5726,0.002471,144.0932,0.661787,176.0002,1.458314,238.3899,0.977506,157.2014,6.443717,226.5613,10.207265,359.5622,19.078776,316.1894,28.972777,260.8687,32.787227,137.8302,0.00257,328.8298,17.40033
2016-10,178.4706,0.996957,348.8441,0.002406,169.8852,1.327349,212.5279,1.292446,258.1896,1.152303,163.6607,6.410405,228.7016,10.650104,358.4154,18.95116,315.4942,29.216395,260.9276,33.310057,136.2405,0.00257,327.5359,17.55921
2016-11,209.4632,0.988975,42.689,0.00239,220.3382,1.395632,249.8434,1.096801,280.5143,1.340172,169.9508,6.180755,231.8624,10.951428,357.2377,19.10156,315.1567,29.670178,261.4483,33.813241,134.5977,0.00257,326.6978,17.963135
2016-12,239.8552,0.984165,80.6909,0.002435,259.7598,0.903641,284.9858,0.889263,302.9715,1.531485,174.9937,5.800208,235.3578,11.027347,356.5484,19.480719,315.333,30.183729,262.2991,34.139675,133.0079,0.00257,326.6714,18.479341
2017-01,271.4361,0.983651,130.4442,0.002548,247.8051,0.934907,318.5518,0.662204,326.3613,1.737781,178.3078,5.313359,238.874,10.863931,356.5907,19.998052,316.0188,30.644005,263.3462,34.225361,131.3652,0.00257,327.4953,18.996525
2017-02,302.898,0.987805,176.4005,0.002656,288.3681,1.339648,343.9624,0.438883,349.4635,1.946697,178.9119,4.842567,241.7299,10.490118,357.4286,20.492841,317.0624,30.907498,264.3304,34.038091,129.7224,0.00257,328.987,19.362068
2017-03,330.9942,0.994546,184.2848,0.002668,339.1017,1.279568,346.4964,0.294303,9.8498,2.129356,176.9713,4.545074,243.3099,10.043922,358.7132,20.808066,318.1174,30.918857,264.9813,33.681141,128.2387,0.00257,330.6309,19.488011
2017-04,1.6086,1.003338,228.5637,0.00271,9.2377,0.610586,332.8136,0.34312,31.7807,2.314044,173.1874,4.461551,243.6284,9.545108,0.4372,20.932988,319.1766,30.682434,265.2962,33.183685,126.5959,0.00257,332.4335,19.378219
2017-05,30.7454,1.010924,260.9637,0.002695,5.3346,0.782516,346.5015,0.549191,52.3691,2.464425,170.0534,4.648511,242.5106,9.183172,2.0981,20.808088,319.8917,30.2653,265.1516,32.729517,125.0062,0.00257,333.8379,19.056017
2017-06,60.4755,1.015783,306.7976,0.002618,53.0299,1.290831,15.1256,0.796629,73.0678,2.579956,169.17,5.042179,240.4025,9.04268,3.4928,20.458885,320.1662,29.749916,264.6138,32.418318,123.3634,0.00257,334.6565,18.585095
2017-07,89.0893,1.016423,342.5976,0.002548,111.8734,1.090429,47.5437,1.028816,92.6591,2.64447,170.9612,5.501264,238.3509,9.172833,4.2834,19.986756,319.9451,29.295847,263.8973,32.354715,121.7736,0.00257,334.6781,18.110205
2017-08,118.747,1.012732,34.6562,0.002475,137.2637,0.660634,83.2393,1.243409,112.584,2.654984,175.0459,5.945024,237.1623,9.539674,4.3642,19.477782,319.3054,28.997037,263.2036,32.557724,120.1309,0.00257,333.9206,17.731057
2017-09,148.7331,1.00556,88.1865,0.002478,131.3557,1.023267,120.353,1.421647,132.3108,2.603326,180.6805,6.27284,237.437,10.034493,3.7069,19.081726,318.4689,28.956916,262.7965,32.984129,118.4881,0.00257,332.6295,17.578542
2017-10,178.2188,0.997082,126.2831,0.002535,182.8864,1.425972,157.2324,1.553839,151.3028,2.492263,186.9652,6.425746,239.1046,10.510274,2.5938,18.916649,317.7529,29.180854,262.8212,33.504953,116.8984,0.00257,331.3157,17.699707
2017-11,209.2077,0.989097,175.2965,0.002632,229.4619,1.180065,195.9429,1.647187,170.872,2.316691,193.7023,6.385254,241.9532,10.881343,1.3821,19.027689,317.3769,29.622636,263.3068,34.016095,115.2556,0.00257,330.3957,18.07484
2017-12,239.5966,0.98426,209.3112,0.002691,233.8762,0.686832,233.6523,1.697378,189.7408,2.095093,199.8481,6.154707,245.3409,11.043139,0.606,19.379638,317.5113,30.135765,264.1318,34.357813,113.6659,0.00257,330.2591,18.579852
2018-01,271.1769,0.983705,253.915,0.002717,251.7655,1.241236,272.6596,1.710728,209.0789,1.825561,205.0935,5.753703,248.9526,10.968595,0.5362,19.887889,318.1609,30.606951,265.1663,34.462983,112.0231,0.00257,330.9718,19.103887
2018-02,302.6407,0.987814,298.3926,0.002671,301.0463,1.392505,311.5637,1.68607,228.0674,1.532198,208.3903,5.26144,252.1125,10.664268,1.2741,20.394068,319.1843,30.889504,266.1545,34.293845,110.3804,0.00257,332.3807,19.490857
2018-03,330.7388,0.99453,306.8213,0.002648,349.0208,0.912992,346.4683,1.628915,244.6299,1.262947,209.0521,4.831094,254.1273,10.249136,2.4984,20.733416,320.238,30.920737,266.8222,33.948173,108.8966,0.00257,333.986,19.642708
2018-04,1.3589,1.003308,353.9882,0.002539,340.6694,0.6488,24.6727,1.52213,261.6911,0.977485,207.0512,4.492607,255.0348,9.737403,4.1995,20.893301,321.3146,30.704013,267.166,33.454466,107.2538,0.00257,335.7908,19.561404
2018-05,30.5004,1.010906,30.615,0.002458,8.9871,1.091095,61.0373,1.372261,275.6128,0.729978,203.4249,4.403614,254.4454,9.313219,5.8831,20.802556,322.0619,30.299132,267.0524,32.994312,105.6641,0.00257,337.2404,19.259709
2018-06,60.2345,1.015793,83.8469,0.002405,71.419,1.260453,97.7409,1.173139,284.3217,0.523465,200.1751,4.584442,252.6217,9.070925,7.3441,20.480908,322.3782,29.786121,266.5403,32.668568,104.0213,0.00257,338.1426,18.796778
2018-07,88.849,1.016476,122.4937,0.002418,114.9654,0.793488,131.8895,0.949162,282.9888,0.402674,199.2667,4.955361,250.4562,9.095491,8.2301,20.021551,322.1962,29.323527,265.8344,32.586571,102.4316,0.00257,338.2638,18.313511
2018-08,118.5045,1.012816,174.0704,0.002513,108.2051,0.666396,164.4006,0.702611,275.4725,0.400737,201.0872,5.423549,248.8111,9.379807,8.4221,19.507143,321.5838,29.006635,265.133,32.771405,100.7888,0.00257,337.6007,17.909178
2018-09,148.4857,1.005653,221.8141,0.002627,143.5215,1.341523,189.931,0.463518,276.8507,0.511179,205.238,5.864608,248.4944,9.840304,7.8588,19.086591,320.7522,28.943808,264.7011,33.185623,99.1461,0.00257,336.3611,17.719757
2018-10,177.9654,0.997168,254.3056,0.00268,194.2138,1.330694,194.8648,0.292563,288.2715,0.679264,210.7883,6.182223,249.6434,10.331896,6.7886,18.88497,320.0174,29.147564,264.6926,33.703603,97.5563,0.00257,335.0343,17.803187
2018-11,208.949,0.989129,297.641,0.0027,229.1949,0.833451,181.1445,0.320586,305.6197,0.891576,217.4227,6.339431,252.1148,10.760676,5.5526,18.955809,319.604,29.576414,265.1435,34.221776,95.9136,0.00257,334.0397,18.148087
2018-12,239.3362,0.98423,329.4191,0.002673,218.1791,1.013758,194.5701,0.511129,324.814,1.124529,224.0965,6.297999,255.3274,11.003378,4.6952,19.278301,319.6963,30.088114,265.9424,34.578074,94.3238,0.00257,333.7979,18.639692
2019-01,270.9185,0.983607,15.2677,0.00258,261.7748,1.40844,224.3147,0.744717,345.6004,1.384432,230.5992,6.057529,258.9646,11.01982,4.5136,19.774534,320.3087,30.569327,266.9633,34.702313,92.681,0.00257,334.4023,19.16818
2019-02,302.3869,0.987673,64.6727,0.002472,314.9606,1.220352,259.2067,0.974653,6.5879,1.651755,235.971,5.65409,262.3592,10.79438,5.1479,20.289456,321.3104,30.870423,267.9541,34.5513,91.0383,0.00257,335.7297,19.574698
2019-03,330.4914,0.994398,74.0349,0.00249,329.6611,0.615833,292.3041,1.16815,25.4018,1.887764,239.1738,5.211145,264.755,10.424395,6.307,20.651345,322.3614,30.921462,268.6374,34.217206,89.5545,0.00257,337.2963,19.751541
2019-04,1.1159,1.003184,126.9495,0.002443,333.8078,0.923885,329.6184,1.360182,45.9294,2.129742,240.1924,4.732138,266.2241,9.919585,7.9784,20.845501,323.4538,30.724783,269.009,33.727932,87.9118,0.00257,339.1018,19.698684
2019-05,30.2604,1.010813,166.0906,0.002473,23.0763,1.307489,5.9903,1.516941,65.4691,2.332736,238.4244,4.39546,266.2032,9.452089,9.6788,20.789451,324.2321,30.332878,268.9259,33.262581,86.322,0.00257,340.5944,19.41847
2019-06,59.9945,1.015739,217.5133,0.00256,83.2455,0.974051,43.7165,1.639427,85.3787,2.499608,234.7372,4.285592,264.7893,9.119984,11.2009,20.497078,324.5898,29.823231,268.4397,32.923003,84.6792,0.00257,341.5773,18.965422
2019-07,88.6072,1.016467,252.6267,0.002639,98.2112,0.581428,80.413,1.710815,104.4717,2.61148,231.4865,4.441586,262.665,9.037529,12.1794,20.05297,324.4477,29.353009,267.7455,32.822938,83.0895,0.00257,341.7966,18.476039
2019-08,118.2577,1.01285,298.0353,0.002707,100.6482,1.036764,118.6012,1.730744,124.145,2.669458,230.4019,4.81128,260.6736,9.225164,12.4835,19.536019,323.8644,29.018618,267.0379,32.98943,81.4467,0.00257,341.2287,18.048705
2019-09,148.2322,1.005712,342.5609,0.002708,157.9395,1.37969,157.0251,1.697704,143.889,2.664801,232.1977,5.276131,259.7887,9.631166,12.0199,19.09337,323.0399,28.933091,266.5827,33.39086,79.804,0.00257,340.0448,17.823658
2019-10,177.7058,0.997217,15.8979,0.002663,201.761,1.088913,194.3078,1.622204,163.1714,2.599568,236.2619,5.706465,260.3824,10.120012,11.0016,18.856258,322.288,29.116138,266.5419,33.905203,78.2142,0.00257,338.7113,17.869277
2019-11,208.6842,0.989157,63.5369,0.002568,200.1353,0.708526,232.8205,1.507547,183.3611,2.472121,242.1347,6.041333,262.4123,10.592348,9.751,18.886165,321.8381,29.531105,266.9582,34.42958,76.5715,0.00257,337.648,18.182506
2019-12,239.0692,0.984218,100.5475,0.002494,224.8585,1.31815,269.9756,1.36683,203.2036,2.297737,248.745,6.201187,265.3818,10.908736,8.8182,19.177004,321.8881,30.040368,267.7305,34.799829,74.9817,0.00257,337.3052,18.658547
2020-01,270.6521,0.983565,153.6311,0.002455,273.7359,1.407534,307.9573,1.193316,224.0376,2.076998,255.8601,6.167227,268.9742,11.015971,8.5257,19.658249,322.4623,30.530766,268.737,34.942828,73.339,0.00257,337.8032,19.1892
2020-02,302.124,0.987619,206.6628,0.002501,318.5506,0.814314,344.8102,0.991993,245.1917,1.831141,262.5927,5.934611,272.5354,10.876567,9.0527,20.179229,323.4406,30.849973,269.7294,34.81,71.6962,0.00257,339.0493,19.613538
2020-03,331.2291,0.994597,230.129,0.002523,305.4405,0.780179,16.9943,0.780819,265.2213,1.59377,267.9096,5.570344,275.3394,10.550268,10.1885,20.572911,324.5252,30.91917,270.4468,34.473665,70.1594,0.00257,340.6352,19.817873
2020-04,1.8408,1.003423,278.1478,0.002629,342.9133,1.205695,45.658,0.542351,286.7615,1.346589,271.8028,5.0902,277.2897,10.06816,11.8334,20.79294,325.6265,30.734823,270.8308,33.987165,68.5167,0.00257,342.4385,19.785093
2020-05,30.9736,1.011017,311.2041,0.002681,43.2772,1.217245,57.606,0.341266,307.4483,1.12353,273.1025,4.627418,277.805,9.578178,13.5435,20.764018,326.4231,30.351184,270.7635,33.519504,66.9269,0.00257,343.9605,19.520479
2020-06,60.7005,1.015858,355.1486,0.002703,80.3482,0.650932,43.0794,0.309648,328.0203,0.914358,271.5549,4.268027,276.8551,9.177148,15.1104,20.495395,326.8061,29.84403,270.2924,33.172904,65.2842,0.00257,345.0012,19.074909
2020-07,89.3128,1.016465,27.0597,0.002672,71.7912,0.716062,47.8816,0.48728,345.904,0.732861,268.0483,4.139328,274.9027,8.999415,16.1595,20.064637,326.6886,29.369516,269.6066,33.063398,63.6944,0.00257,345.2923,18.581345
2020-08,118.971,1.012744,72.5595,0.002573,116.7059,1.34029,73.2851,0.726997,359.6718,0.568543,264.53,4.27724,272.7113,9.089213,16.5512,19.547446,326.1235,29.024666,268.8978,33.220187,62.0517,0.00257,344.7957,18.137205
2020-09,148.9585,1.00555,121.8516,0.002455,170.5669,1.215415,106.0016,0.962727,3.7706,0.446058,263.2747,4.636828,271.3494,9.428448,16.1678,19.08917,325.3039,28.9254,268.4316,33.614838,60.4089,0.00257,343.6557,17.885607
2020-10,178.4459,0.997059,159.7033,0.0024,197.3914,0.752609,140.7538,1.169514,356.4524,0.421232,264.9162,5.086435,271.4142,9.89755,15.1947,18.825387,324.5423,29.095825,268.3737,34.127199,58.8192,0.00257,342.3208,17.90247
2020-11,209.4372,0.98906,213.4821,0.002399,191.347,1.112061,178.3807,1.352573,351.1044,0.538836,269.1565,5.538578,272.9878,10.395455,13.9386,18.823458,324.0709,29.502198,268.7704,34.654696,57.1764,0.00257,341.2108,18.190785
2020-12,239.8288,0.98422,250.9278,0.002455,237.2396,1.447234,215.6282,1.49581,356.8468,0.755084,274.98,5.874485,275.676,10.770741,12.9519,19.088633,324.0959,30.009612,269.526,35.032007,55.5866,0.00257,340.7959,18.653301
2021-01,271.4118,0.983674,300.2224,0.002571,287.1398,1.179823,254.4364,1.60759,9.9192,1.033196,282.0028,6.054501,279.1671,10.958484,12.5755,19.556369,324.6471,30.505033,270.521,35.184539,53.9439,0.00257,341.2169,19.18318
2021-02,302.8766,0.98781,346.169,0.002671,288.7622,0.671196,293.2804,1.682906,26.3485,1.334258,289.3394,6.035607,282.8216,10.90182,13.0188,20.079938,325.6109,30.834658,271.5098,35.061089,52.3011,0.00257,342.4032,19.618393
2021-03,330.9737,0.99457,354.3569,0.002686,305.2759,1.071516,328.2597,1.718451,42.4904,1.606316,295.6796,5.85052,285.7901,10.651009,14.0503,20.477274,326.6544,30.917174,272.2118,34.745301,50.8174,0.00257,343.9012,19.8356
2021-04,1.59,1.003372,38.508,0.002713,357.6402,1.337234,6.7597,1.716976,61.013,1.89035,301.7572,5.490925,288.2197,10.210337,15.6543,20.730114,327.7692,30.753366,272.6216,34.264068,49.1746,0.00257,345.7048,19.831203
2021-05,30.7268,1.010971,71.0855,0.002687,52.5088,0.870312,43.7342,1.667993,79.2454,2.134319,306.0197,5.044331,289.3156,9.714953,17.3706,20.736553,328.5952,30.383708,272.5835,33.792255,47.5849,0.00257,347.2684,19.589616
2021-06,60.4568,1.015823,117.7487,0.002603,53.8579,0.564627,81.643,1.56406,98.2735,2.343271,307.99,4.56686,288.9416,9.25644,18.9894,20.499855,329.0191,29.881243,272.1382,33.432834,45.9421,0.00257,348.388,19.156851
2021-07,89.0701,1.016458,154.419,0.002533,71.463,1.084529,117.9956,1.415206,116.8685,2.495923,307.0564,4.194533,287.3162,8.982965,20.1256,20.088416,328.9421,29.400377,271.4651,33.305892,44.3523,0.00257,348.776,18.660749
2021-08,118.7271,1.012754,206.9055,0.002475,132.3545,1.311183,155.0346,1.222335,136.3369,2.596953,303.6643,4.016517,285.0585,8.960725,20.6294,19.573636,328.4084,29.038953,270.7521,33.444426,42.7096,0.00257,348.3765,18.197147
2021-09,148.7114,1.005574,260.0576,0.002496,175.2974,0.941827,191.1745,1.003279,156.1608,2.637367,299.8866,4.113717,283.2561,9.210516,20.3539,19.097747,327.599,28.91718,270.2648,33.825723,41.0668,0.00257,347.2984,17.912159
2021-10,178.1944,0.997099,297.9154,0.002557,166.8787,0.732314,224.5401,0.777471,175.781,2.6187,298.1848,4.437221,282.738,9.63844,19.448,18.800874,326.8232,29.066224,270.1763,34.333394,39.4771,0.00257,345.9657,17.89122
2021-11,209.1796,0.989093,346.3319,0.002652,201.2299,1.382044,254.9383,0.541656,196.5905,2.543178,299.4837,4.899128,283.7562,10.146657,18.1953,18.757407,326.317,29.457319,270.5392,34.865771,37.8343,0.00257,344.7957,18.145574
2021-12,239.5661,0.984227,19.7064,0.0027,248.6007,1.387479,272.0198,0.339663,217.3006,2.42302,303.3969,5.351625,286.0655,10.575042,17.1454,18.987429,326.2996,29.960645,271.2681,35.255865,36.2446,0.00257,344.2851,18.588854
2022-01,271.1458,0.983624,63.7744,0.002709,286.0772,0.77711,260.786,0.273242,239.3096,2.262024,309.3671,5.725156,289.3713,10.846227,16.6615,19.434923,326.8111,30.463704,272.2476,35.42634,34.6018,0.00257,344.6022,19.116845
2022-02,302.6117,0.987693,108.5863,0.002647,276.3827,0.953962,262.0942,0.430414,261.9071,2.078492,316.4552,5.936931,293.0574,10.882744,16.9924,19.959381,327.7492,30.810432,273.236,35.320857,32.9591,0.00257,345.708,19.566661
2022-03,330.7152,0.994403,116.7973,0.002626,314.6333,1.292991,284.2718,0.639687,282.7455,1.906017,323.2054,5.962634,296.2378,10.70777,17.9444,20.374138,328.786,30.912456,273.9505,35.017304,31.4753,0.00257,347.167,19.806438
2022-04,1.3386,1.003187,164.5396,0.002511,14.6362,1.179591,316.5583,0.881135,306.1162,1.718828,330.4657,5.80765,299.0914,10.324467,19.5007,20.65868,329.9127,30.769484,274.385,34.541955,29.8325,0.00257,348.9698,19.830441
2022-05,30.4824,1.010812,201.1719,0.002434,39.722,0.582912,350.5644,1.104919,328.7487,1.547243,336.7011,5.498717,300.7468,9.843405,21.2168,20.70061,330.7668,30.414444,274.3755,34.066711,28.2428,0.00257,350.5741,19.612803
2022-06,60.2161,1.015728,254.5718,0.002391,37.3291,0.803096,26.8994,1.312906,351.7055,1.379469,341.6494,5.06523,300.9949,9.347852,22.8818,20.497173,331.231,29.917579,273.956,33.695172,26.6,0.00257,351.7719,19.194581
2022-07,88.8299,1.016433,293.3182,0.002416,87.258,1.327604,62.741,1.480528,12.9227,1.220674,344.2572,4.607059,299.8241,8.991556,24.1012,20.107278,331.1949,29.431257,273.2964,33.551232,25.0103,0.00257,352.2573,18.698021
2022-08,118.4833,1.012799,344.6188,0.002521,143.0356,1.099121,100.3911,1.609412,32.9587,1.052203,344.0392,4.19618,297.6713,8.856899,24.7165,19.597774,330.6938,29.053929,272.5803,33.671541,23.3675,0.00257,351.9571,18.216984
2022-09,148.4622,1.005665,31.567,0.002635,163.2037,0.671044,138.6254,1.688012,49.635,0.874561,341.0162,3.969533,295.5466,9.002904,24.5527,19.106973,329.8965,28.909818,272.0732,34.039115,21.7248,0.00257,350.9455,17.899824
2022-10,177.9394,0.997197,63.742,0.002687,162.1064,1.141144,176.029,1.716637,59.8935,0.702292,337.1318,4.009261,294.4663,9.369138,23.722,18.778649,329.1083,29.037129,271.9549,34.541497,20.135,0.00257,349.6201,17.841044
2022-11,208.9191,0.989188,107.3062,0.0027,212.9039,1.445508,214.8785,1.701927,59.5967,0.566877,334.7499,4.308132,294.8798,9.867349,22.4829,18.693603,328.5683,29.412154,272.2846,35.078073,18.4923,0.00257,348.3944,18.060094
2022-12,239.3017,0.98429,139.5023,0.002669,258.1671,1.140317,252.5207,1.650258,49.2354,0.565293,335.4161,4.748995,296.7351,10.334423,21.3776,18.886747,328.5087,29.910465,272.9866,35.480373,16.9025,0.00257,347.7897,18.482077
2023-01,270.8803,0.983655,185.7488,0.002574,254.6498,0.733153,291.3453,1.561754,43.9968,0.737162,339.0292,5.232193,299.7744,10.681433,20.7886,19.311147,328.9795,30.420321,273.9499,35.668442,15.2597,0.00257,348.0027,19.005968
2023-02,302.348,0.987695,235.697,0.002473,281.5015,1.229138,329.8693,1.437524,50.0326,1.011618,344.763,5.635231,303.4153,10.811303,21.0047,19.833543,329.8904,30.783616,274.937,35.580886,13.617,0.00257,349.0269,19.468677
2023-03,330.4537,0.994364,245.7667,0.002489,328.6034,1.361905,4.0835,1.292413,61.1329,1.289476,351.017,5.870338,306.7423,10.718879,21.8723,20.263583,330.9191,30.904995,275.6629,35.289849,12.1332,0.00257,350.4458,19.730165
2023-04,1.0825,1.003151,299.2617,0.00246,19.6956,0.788962,40.8189,1.094209,76.4683,1.594419,358.4378,5.954773,309.9574,10.407047,23.3743,20.578595,332.0559,30.783146,276.1212,34.820939,10.4905,0.00257,352.2469,19.782617
2023-05,30.2312,1.010793,338.1748,0.0025,11.6742,0.622193,74.3904,0.869793,92.8977,1.86578,5.5394,5.855014,312.1357,9.959256,25.0836,20.656013,332.937,30.443347,276.1395,34.342943,8.9007,0.00257,353.8914,19.589864
2023-06,59.9692,1.015754,28.4447,0.002593,42.7147,1.142116,104.8288,0.620308,110.8362,2.10732,12.214,5.582558,313.0245,9.448325,26.789,20.487004,333.4408,29.952916,275.7458,33.959929,7.258,0.00257,355.1675,19.187862
2023-07,88.5839,1.016507,63.1431,0.002664,104.0425,1.242697,123.3698,0.396469,128.8728,2.294791,17.4181,5.193805,312.4104,9.026139,28.0875,20.120735,333.4459,29.461983,275.1003,33.799429,5.6682,0.00257,355.7512,18.692862
2023-08,118.236,1.01291,108.4093,0.002716,144.7616,0.813172,115.0278,0.289225,148.1423,2.435472,20.7388,4.728497,310.5366,8.784612,28.813,19.619256,332.9785,29.069425,274.3822,33.901657,4.0254,0.00257,355.553,18.19637
2023-09,148.2117,1.005779,152.9444,0.002697,133.8265,0.763032,110.3911,0.415829,168.0799,2.520112,21.1961,4.296504,308.2437,8.816917,28.7639,19.11631,332.1951,28.903268,273.8565,34.255303,2.3827,0.00257,354.6124,17.848324
2023-10,177.6857,0.997293,186.298,0.002638,174.2989,1.392032,131.5488,0.630374,188.0679,2.549555,18.7572,4.028251,306.658,9.101833,28.0158,18.758403,331.396,29.008626,273.7095,34.751905,0.7929,0.00257,353.2994,17.751761
2023-11,208.6642,0.989243,234.6009,0.002536,223.6411,1.331407,163.6532,0.862606,209.4927,2.530008,14.6825,4.011154,306.4344,9.56794,26.8003,18.632114,330.8234,29.366936,274.0065,35.292038,359.1502,0.00257,352.0219,17.934289
2023-12,239.047,0.984318,272.2513,0.002465,253.8539,0.760442,198.5175,1.074531,230.9883,2.470206,11.8116,4.261032,307.7605,10.056473,25.6477,18.786937,330.7218,29.859363,274.6817,35.705938,357.5604,0.00257,351.3246,18.332946
2024-01,270.627,0.983651,325.7002,0.002441,247.3424,1.066467,236.1408,1.269907,253.9451,2.377156,11.7968,4.703058,310.4456,10.468545,24.9575,19.185505,331.1513,30.37511,275.6283,35.911123,355.9177,0.00257,351.4328,18.850463
2024-02,302.0962,0.987664,17.9824,0.002504,292.2875,1.382283,274.3597,1.436433,277.5336,2.265193,14.8587,5.196872,313.9568,10.688952,25.0571,19.702759,332.0337,30.754272,276.6131,35.841329,354.2749,0.00257,352.3739,19.324199
2024-03,331.2,0.994613,40.7683,0.002528,345.73,1.144888,310.2495,1.56379,299.9792,2.153874,19.7761,5.602492,317.4797,10.679535,25.874,20.159819,333.0906,30.895731,277.371,35.550075,352.7381,0.00257,353.8064,19.61312
2024-04,1.8131,1.003387,88.3633,0.002635,355.7158,0.576038,348.567,1.665537,324.0883,2.03512,26.3589,5.902858,320.9679,10.444116,27.33,20.4972,334.2325,30.786654,277.8384,35.084915,351.0954,0.00257,355.6082,19.685533
2024-05,30.9486,1.01096,121.0406,0.002684,5.5416,0.919617,25.53,1.723176,347.1965,1.921914,33.3361,6.024798,323.5856,10.042813,29.0303,20.601928,335.129,30.456431,277.8698,34.606164,349.5056,0.00257,357.2848,19.510943
2024-06,60.6782,1.015793,164.5674,0.002698,61.6866,1.322928,63.6351,1.73207,10.4714,1.80225,40.5694,5.964623,325.0606,9.537525,30.7637,20.460394,335.6564,29.970449,277.4899,34.217945,347.8629,0.00257,358.6217,19.12128
2024-07,89.292,1.016419,196.4351,0.002662,115.1881,0.961115,100.4952,1.687268,32.0643,1.675557,47.0559,5.736947,325.0252,9.072495,32.1218,20.113938,335.6864,29.47722,276.8534,34.049419,346.2731,0.00257,359.2813,18.627961
2024-08,118.9496,1.012705,242.5473,0.00256,125.4134,0.608409,138.5679,1.588742,53.0331,1.523521,52.6058,5.359975,323.5542,8.742483,32.9325,19.620614,335.24,29.075789,276.1366,34.14264,344.6304,0.00257,359.1617,18.120378
2024-09,148.9354,1.005509,292.5331,0.002445,135.8618,1.199469,176.5195,1.446679,72.1024,1.342456,56.2131,4.900113,321.2684,8.665941,32.9747,19.110127,334.4655,28.896407,275.6031,34.489206,342.9876,0.00257,358.2762,17.749237
2024-10,178.4216,0.997018,330.4256,0.002403,188.4968,1.404607,213.0014,1.278229,87.813,1.138978,57.0705,4.466952,319.3042,8.860318,32.2954,18.730533,333.6606,28.98841,275.442,34.982761,341.3979,0.00257,356.9739,17.623724
2024-11,209.4111,0.989017,23.9145,0.002413,231.7938,1.035871,250.2407,1.080379,99.1487,0.91308,54.9178,4.15703,318.4889,9.276136,31.1048,18.572513,333.0688,29.336346,275.7213,35.52446,339.7551,0.00257,355.6583,17.777423
2024-12,239.8014,0.984185,61.4421,0.002479,222.2023,0.800973,285.2401,0.871251,101.4713,0.720835,51.0199,4.102386,319.2669,9.766637,29.921,18.696665,332.942,29.824816,276.3805,35.943939,338.1653,0.00257,354.8918,18.156562
2025-01,271.3818,0.983651,110.481,0.002593,256.1184,1.334131,318.4509,0.643512,92.247,0.643233,47.7423,4.330106,321.5453,10.22616,29.1549,19.073231,333.3464,30.343614,277.3149,36.157511,336.5226,0.00257,354.9222,18.66685
2025-02,302.8437,0.987792,155.9172,0.002684,307.6177,1.348937,342.7817,0.422221,83.2764,0.76277,47.2774,4.76105,324.8582,10.524758,29.1635,19.584201,334.211,30.731948,278.2943,36.09663,334.8798,0.00257,355.8024,19.146521
2025-03,330.9404,0.994524,164.2805,0.0027,345.3761,0.734422,342.9286,0.288097,84.9343,0.986375,49.5037,5.210637,328.2651,10.600873,29.8704,20.035531,335.2232,30.883822,279.0323,35.824936,333.3961,0.00257,357.1505,19.442724
2025-04,1.556,1.003298,208.5371,0.00271,335.2872,0.760149,330.5329,0.355774,94.6994,1.276351,54.2032,5.664204,331.9721,10.457852,31.2598,20.400646,336.3725,30.796256,279.5215,35.367094,331.7533,0.00257,358.9496,19.543694
2025-05,30.695,1.010869,241.7186,0.002672,14.5902,1.209109,346.0141,0.567184,108.3311,1.553306,60.1681,5.98438,335.0046,10.12248,32.9411,20.540405,337.2937,30.4823,279.5797,34.886751,330.1636,0.00257,0.6669,19.395789
2025-06,60.4281,1.015725,289.2514,0.002581,78.2754,1.149952,15.2412,0.814923,124.7498,1.811177,67.0652,6.147086,337.0849,9.644333,34.7033,20.435085,337.8595,30.004288,279.2253,34.488292,328.5208,0.00257,2.0843,19.025611
2025-07,89.0446,1.016381,326.2987,0.002511,111.0686,0.675446,47.8867,1.045857,142.079,2.021352,73.879,6.124383,337.715,9.154353,36.1322,20.11586,337.9307,29.508036,278.6038,34.304106,326.931,0.00257,2.8465,18.53771
2025-08,118.7033,1.012725,19.2008,0.002469,101.0618,0.807279,83.6968,1.258342,161.1282,2.191887,80.5085,5.919237,336.818,8.744599,37.0494,19.635618,337.5197,29.092716,277.887,34.379619,325.2883,0.00257,2.8363,18.01845
2025-09,148.688,1.005591,72.4156,0.002511,150.489,1.388963,120.8725,1.433896,181.2194,2.313424,86.0885,5.557825,334.7367,8.551994,37.2103,19.118279,336.7621,28.891912,277.3372,34.711992,323.6455,0.00257,2.0318,17.618794
2025-10,178.1704,0.997136,109.662,0.002575,198.5343,1.239864,157.7827,1.563092,201.6265,2.386223,89.7515,5.114331,332.506,8.634793,36.6261,18.712988,335.9495,28.961711,277.1491,35.199015,322.0558,0.00257,0.7519,17.455561
2025-11,209.1549,0.989151,156.9305,0.002668,220.0193,0.704006,196.5055,1.653102,223.6889,2.42022,90.9089,4.653117,331.0809,8.97336,35.4776,18.514904,335.3272,29.291853,277.3969,35.743223,320.413,0.00257,359.3908,17.570327
2025-12,239.5406,0.984291,189.8063,0.002707,220.3731,1.169253,234.2174,1.699984,245.9185,2.420738,89.0973,4.326921,331.2059,9.444225,34.2628,18.598583,335.1588,29.772996,278.0295,36.173328,318.8233,0.00257,358.5321,17.922283
2026-01,271.1197,0.983708,233.8483,0.002701,267.2192,1.430324,273.2244,1.70994,269.6453,2.397543,85.1942,4.237737,332.945,9.938644,33.4034,18.944567,335.5209,30.296285,278.9467,36.403346,317.1805,0.00257,358.4538,18.422029
2026-02,302.5839,0.987798,278.783,0.002624,319.7606,1.055555,312.1252,1.681918,293.8861,2.360087,81.7676,4.440874,335.9409,10.31344,33.2933,19.444926,336.3548,30.699575,279.9226,36.36002,315.5378,0.00257,359.2462,18.909588
2026-03,330.6832,0.994502,286.6846,0.002608,315.7233,0.637901,347.0208,1.621715,315.9405,2.3202,80.8932,4.811174,339.2664,10.477342,33.9032,19.905025,337.3549,30.87028,280.6696,36.101298,314.054,0.00257,0.5498,19.225147
2026-04,1.3046,1.003277,334.5677,0.002489,336.2825,1.051501,25.2035,1.511595,340.1924,2.27189,82.7901,5.303466,343.1046,10.433501,35.2195,20.296152,338.5102,30.804365,281.1797,35.651159,312.4112,0.00257,2.3452,19.354705
2026-05,30.4476,1.010869,11.6257,0.00242,31.5435,1.320235,61.5291,1.358711,3.1824,2.218522,86.9059,5.750697,346.4774,10.177991,36.8749,20.470428,339.4548,30.507208,281.264,35.169815,310.8215,0.00257,4.1032,19.234483
2026-06,60.1838,1.015753,65.62,0.00239,84.6759,0.827853,98.1577,1.157012,26.1806,2.149435,92.6886,6.09911,349.1103,9.7478,38.6593,20.402028,340.0581,30.038009,280.9351,34.76178,309.1787,0.00257,5.6026,18.885626
2026-07,88.8009,1.01644,104.0459,0.002428,84.9511,0.585051,132.1619,0.931342,47.5276,2.059813,99.0837,6.278093,350.4105,9.256459,40.1537,20.111854,340.1705,29.539705,280.3292,34.562444,307.589,0.00257,6.4704,18.405422
2026-08,118.4587,1.0128,154.4639,0.002538,105.9682,1.204258,164.3335,0.684201,68.5049,1.933783,105.925,6.275657,350.1917,8.788569,41.1742,19.64745,339.7959,29.111397,279.6135,34.620478,305.9462,0.00257,6.5747,17.876805
2026-09,148.4407,1.005672,201.1103,0.002649,163.704,1.330686,188.8948,0.446923,88.197,1.766054,112.4307,6.082257,348.5164,8.489391,41.4549,19.126391,339.057,28.8897,279.0488,34.938483,304.3035,0.00257,5.8583,17.450234
2026-10,177.9189,0.997219,233.3912,0.002697,202.6596,0.948186,191.3566,0.28599,105.6789,1.561377,117.7923,5.737387,346.2138,8.45262,40.9718,18.697944,338.2388,28.937243,278.835,35.418472,302.7137,0.00257,4.6078,17.249495
2026-11,208.8993,0.989199,277.0451,0.0027,191.102,0.858179,178.6726,0.333077,121.3116,1.311593,121.5904,5.275273,344.2705,8.691995,39.8759,18.460996,337.5877,29.249016,279.052,35.964497,301.071,0.00257,3.2059,17.324038
2026-12,239.2829,0.984294,309.5024,0.002663,229.7647,1.396532,194.0216,0.529363,132.3884,1.051171,122.7784,4.818154,343.7134,9.118425,38.6402,18.503453,337.3784,29.721962,279.6582,36.404588,299.4812,0.00257,2.2553,17.646532
