Time,mercury_hdist,venus_hdist,mars_hdist,jupiter_hdist,saturn_hdist,uranus_hdist,neptune_hdist,pluto_hdist,chiron_hdist,sun_hdist,node_hdist
2004-12-26,0.371954,0.723182,1.575554,5.453616,9.057358,20.058001,30.066342,30.889199,13.206947,,
2005-01-25,0.465952,0.726858,1.538779,5.454986,9.06045,20.059487,30.065659,30.902025,13.261466,,
2005-02-24,0.345888,0.728231,1.500057,5.455924,9.063702,20.060946,30.064981,30.914884,13.315726,,
2005-03-25,0.379338,0.726446,1.462284,5.456429,9.067104,20.062376,30.064311,30.927756,13.369633,,
2005-04-24,0.465157,0.722662,1.42865,5.456504,9.070651,20.063777,30.063647,30.940626,13.423136,,
2005-05-23,0.342269,0.719306,1.402311,5.456156,9.07434,20.065147,30.06299,30.953493,13.476232,,
2005-06-22,0.381257,0.718539,1.385967,5.455389,9.078172,20.066489,30.062339,30.966369,13.528974,,
2005-07-21,0.465094,0.720844,1.381402,5.454206,9.082149,20.067804,30.061693,30.979274,13.58144,,
2005-08-19,0.34264,0.724726,1.389128,5.452608,9.086278,20.069096,30.06105,30.99223,13.633722,,
2005-09-18,0.380904,0.727714,1.408274,5.450593,9.090564,20.070365,30.060409,31.005258,13.685901,,
2005-10-17,0.465016,0.72793,1.436765,5.44816,9.095011,20.071613,30.059769,31.018373,13.738033,,
2005-11-16,0.340915,0.725216,1.471729,5.445305,9.09962,20.07284,30.059129,31.031584,13.790146,,
2005-12-15,0.38449,0.72127,1.509978,5.44203,9.104392,20.074046,30.05849,31.044891,13.842239,,
2006-01-14,0.463997,0.718659,1.548411,5.438334,9.109324,20.07523,30.057851,31.058289,13.894285,,
2006-02-13,0.334841,0.719145,1.584273,5.434224,9.114408,20.07639,30.057213,31.071762,13.946219,,
2006-03-14,0.392058,0.722401,1.615295,5.429714,9.119632,20.077524,30.056578,31.085281,13.997929,,
2006-04-13,0.462149,0.726246,1.639767,5.424821,9.124982,20.078628,30.055945,31.098814,14.04929,,
2006-05-13,0.329486,0.728193,1.656551,5.419564,9.130446,20.079701,30.055316,31.112338,14.10022,,
2006-06-11,0.396498,0.727037,1.66501,5.413956,9.13602,20.080744,30.054692,31.125852,14.150713,,
2006-07-11,0.461386,0.723529,1.664898,5.408003,9.141706,20.081756,30.05407,31.139369,14.200821,,
2006-08-09,0.328575,0.719885,1.65628,5.401706,9.147511,20.08274,30.053449,31.15291,14.250626,,
2006-09-07,0.396815,0.718443,1.639517,5.395067,9.15344,20.083698,30.05283,31.166493,14.300199,,
2006-10-07,0.46132,0.720145,1.615301,5.388087,9.159498,20.084629,30.052209,31.180134,14.349594,,
2006-11-05,0.328043,0.723889,1.584719,5.38077,9.165687,20.085535,30.051588,31.193844,14.398844,,
2006-12-05,0.398292,0.727273,1.549319,5.373121,9.172009,20.086415,30.050965,31.207629,14.447976,,
2007-01-03,0.460464,0.728145,1.511168,5.365144,9.178467,20.08727,30.050339,31.2215,14.497015,,
2007-02-02,0.324859,0.725931,1.47289,5.356846,9.185059,20.088099,30.04971,31.235458,14.545968,,
2007-03-03,0.403609,0.722017,1.437616,5.348244,9.19178,20.088901,30.049079,31.249493,14.594795,,
2007-04-02,0.458113,0.718949,1.408722,5.339365,9.198615,20.089675,30.048446,31.26358,14.643405,,
2007-05-02,0.320039,0.718764,1.389305,5.330241,9.205547,20.090418,30.047812,31.277689,14.691695,,
2007-06-01,0.409405,0.721567,1.381567,5.320901,9.212564,20.09113,30.047178,31.291801,14.739602,,
2007-06-30,0.456085,0.72549,1.386344,5.311364,9.219662,20.09181,30.046544,31.305911,14.787114,,
2007-07-30,0.317761,0.728019,1.40296,5.301641,9.226841,20.092459,30.045908,31.320028,14.834256,,
2007-08-28,0.411592,0.727588,1.429437,5.291741,9.234104,20.093077,30.045272,31.334162,14.881067,,
2007-09-26,0.455405,0.724474,1.462946,5.281674,9.241453,20.093665,30.044632,31.348323,14.927583,,
2007-10-26,0.317088,0.72062,1.500336,5.271448,9.248893,20.094223,30.04399,31.362524,14.973842,,
2007-11-24,0.412577,0.718496,1.53855,5.261073,9.256425,20.09475,30.043343,31.376775,15.019881,,
2007-12-24,0.454749,0.719496,1.574888,5.250556,9.264054,20.095248,30.042692,31.391088,15.065739,,
2008-01-22,0.315826,0.722973,1.607101,5.239909,9.271782,20.095716,30.042035,31.405473,15.111439,,
2008-02-21,0.415444,0.726668,1.633407,5.229148,9.279607,20.096153,30.041373,31.41993,15.156984,,
2008-03-21,0.452743,0.728218,1.65247,5.218298,9.287522,20.09656,30.040705,31.434452,15.202344,,
2008-04-20,0.313252,0.726635,1.663395,5.207387,9.295518,20.096934,30.040031,31.449026,15.247475,,
2008-05-20,0.420182,0.722912,1.6657,5.196444,9.303586,20.097276,30.039352,31.463639,15.29234,,
2008-06-18,0.449916,0.719448,1.659296,5.185496,9.311718,20.097585,30.038669,31.478282,15.336908,,
2008-07-18,0.311061,0.718521,1.644468,5.174568,9.319906,20.097861,30.03798,31.492947,15.381156,,
2008-08-16,0.424046,0.720736,1.621893,5.163687,9.328145,20.098103,30.037287,31.507626,15.425062,,
2008-09-15,0.447798,0.724613,1.592654,5.152876,9.33643,20.098311,30.03659,31.522315,15.468616,,
2008-10-14,0.310026,0.727651,1.558261,5.142152,9.344759,20.098486,30.035888,31.53702,15.511831,,
2008-11-13,0.425898,0.727947,1.520686,5.131527,9.353136,20.098627,30.03518,31.55175,15.554741,,
2008-12-12,0.446704,0.725319,1.482387,5.121013,9.361565,20.098734,30.034465,31.56652,15.597384,,
2009-01-11,0.309457,0.721404,1.446289,5.110624,9.37005,20.098807,30.033743,31.581338,15.639786,,
2009-02-09,0.427626,0.718712,1.415604,5.100381,9.378586,20.098846,30.033015,31.596206,15.681949,,
2009-03-11,0.445214,0.71902,1.393457,5.090307,9.387171,20.09885,30.032278,31.611121,15.723866,,
2009-04-09,0.30874,0.722137,1.382342,5.080423,9.395802,20.098819,30.031535,31.626084,15.765539,,
2009-05-09,0.430163,0.726024,1.383611,5.070744,9.404479,20.098752,30.030783,31.641102,15.806983,,
2009-06-07,0.442862,0.728178,1.397151,5.061288,9.413205,20.09865,30.030023,31.656181,15.848213,,
2009-07-07,0.307944,0.727231,1.421395,5.052078,9.421976,20.098512,30.029254,31.671319,15.889219,,
2009-08-06,0.433945,0.723772,1.45366,5.043141,9.430782,20.098338,30.028478,31.686504,15.929966,,
2009-09-04,0.439416,0.720008,1.490696,5.034508,9.43961,20.098127,30.027695,31.701718,15.970408,,
2009-10-04,0.307527,0.718404,1.529244,5.026203,9.448451,20.09788,30.026905,31.71695,16.010511,,
2009-11-02,0.437127,0.720018,1.566409,5.018245,9.457301,20.097597,30.026109,31.732196,16.050275,,
2009-12-02,0.436813,0.723774,1.599818,5.010648,9.46616,20.097278,30.025306,31.747465,16.089716,,
2009-12-31,0.307529,0.727226,1.62762,5.003425,9.475028,20.096922,30.024497,31.762759,16.128845,,
2010-01-30,0.439026,0.728195,1.648451,4.996593,9.483901,20.09653,30.023681,31.778078,16.16766,,
2010-02-28,0.435174,0.726088,1.661394,4.990168,9.492775,20.096101,30.022858,31.79342,16.206154,,
2010-03-30,0.307629,0.722225,1.665934,4.984162,9.501648,20.095636,30.022029,31.808788,16.244339,,
2010-04-28,0.440087,0.719054,1.6619,4.978583,9.510528,20.095133,30.021192,31.824198,16.282249,,
2010-05-27,0.433949,0.718639,1.649433,4.973438,9.519421,20.094593,30.020347,31.839666,16.31993,,
2010-06-26,0.307849,0.721272,1.629001,4.968736,9.528334,20.094014,30.019494,31.855208,16.357414,,
2010-07-26,0.442228,0.725232,1.601464,4.964492,9.537265,20.093397,30.018631,31.870827,16.394705,,
2010-08-24,0.430691,0.727954,1.56816,4.960719,9.546209,20.09274,30.01776,31.886516,16.431783,,
2010-09-23,0.308757,0.727702,1.530967,4.957433,9.555154,20.092045,30.016881,31.902262,16.468611,,
2010-10-23,0.445792,0.724643,1.492315,4.954645,9.564091,20.091311,30.015996,31.918051,16.505158,,
2010-11-21,0.426098,0.72074,1.45513,4.952364,9.57301,20.090541,30.015105,31.93387,16.541393,,
2010-12-21,0.310296,0.718527,1.422651,4.950595,9.581899,20.089733,30.014209,31.949705,16.577289,,
2011-01-19,0.448547,0.719451,1.398077,4.949343,9.59075,20.08889,30.01331,31.965545,16.612819,,
2011-02-18,0.423072,0.722883,1.384046,4.948607,9.599556,20.088012,30.012408,31.981383,16.647973,,
2011-03-19,0.311184,0.726579,1.382125,4.948385,9.608317,20.0871,30.011502,31.997224,16.682764,,
2011-04-18,0.449335,0.728204,1.392484,4.948674,9.617041,20.086151,30.010593,32.013083,16.717226,,
2011-05-17,0.422434,0.726756,1.413886,4.949474,9.625733,20.085166,30.009679,32.02898,16.751399,,
2011-06-15,0.311435,0.723136,1.443982,4.950782,9.634403,20.084144,30.00876,32.044933,16.785323,,
2011-07-15,0.449925,0.719624,1.479785,4.952601,9.643057,20.083083,30.007836,32.060958,16.819031,,
2011-08-13,0.420758,0.718499,1.518139,4.954928,9.651699,20.081983,30.006905,32.077067,16.852545,,
2011-09-12,0.312809,0.720525,1.556072,4.957765,9.66033,20.080843,30.005967,32.093267,16.885879,,
2011-10-12,0.452358,0.724383,1.590999,4.961108,9.668948,20.079663,30.005024,32.10956,16.919029,,
2011-11-10,0.415508,0.72755,1.620793,4.96495,9.677542,20.078444,30.004076,32.12593,16.951963,,
2011-12-10,0.31637,0.727981,1.643827,4.969275,9.686093,20.077188,30.003125,32.142347,16.984617,,
2012-01-09,0.455648,0.725406,1.658988,4.974064,9.694579,20.075898,30.002173,32.158774,17.016917,,
2012-02-07,0.409965,0.721487,1.665667,4.979292,9.702986,20.074578,30.001224,32.175186,17.04882,,
2012-03-08,0.319168,0.718759,1.663681,4.984943,9.711311,20.073227,30.000276,32.19158,17.080324,,
2012-04-06,0.456896,0.718986,1.653197,4.991003,9.719557,20.071846,29.99933,32.207968,17.111455,,
2012-05-06,0.408581,0.722002,1.6347,4.997461,9.72773,20.070434,29.998386,32.224366,17.142249,,
2012-06-04,0.319511,0.725856,1.609016,5.004307,9.735839,20.068989,29.997442,32.240791,17.172738,,
2012-07-03,0.456925,0.72812,1.577351,5.011533,9.743888,20.06751,29.996498,32.25726,17.202951,,
2012-08-02,0.408448,0.727376,1.541346,5.019132,9.751886,20.065996,29.995553,32.273793,17.232926,,
2012-08-31,0.320051,0.72406,1.503131,5.027099,9.759843,20.064445,29.994606,32.290413,17.262702,,
2012-09-30,0.45779,0.72025,1.46536,5.035429,9.767765,20.062855,29.993657,32.307144,17.292315,,
2012-10-29,0.40471,0.718432,1.431169,5.044112,9.775655,20.061225,29.992705,32.323992,17.321778,,
2012-11-28,0.324241,0.719842,1.403926,5.053124,9.783501,20.059556,29.991752,32.340942,17.351057,,
2012-12-28,0.460481,0.723546,1.386699,5.062423,9.791281,20.057853,29.9908,32.35795,17.380079,,
2013-01-27,0.397161,0.727091,1.38155,5.071963,9.798971,20.056121,29.989852,32.374972,17.408765,,
2013-02-25,0.329816,0.728197,1.389021,5.081707,9.806557,20.054363,29.988911,32.391977,17.437069,,
2013-03-27,0.462187,0.726192,1.408065,5.091626,9.814035,20.052581,29.987977,32.40896,17.464982,,
2013-04-25,0.393456,0.722357,1.436389,5.101703,9.821405,20.050775,29.987049,32.425924,17.492519,,
2013-05-25,0.331522,0.719142,1.470987,5.111922,9.828673,20.048944,29.986128,32.442881,17.5197,,
2013-06-23,0.462371,0.718618,1.508688,5.122271,9.835844,20.047086,29.985213,32.459848,17.546557,,
2013-07-22,0.393677,0.721111,1.54654,5.132743,9.842926,20.045201,29.984303,32.476847,17.573126,,
2013-08-21,0.331142,0.725007,1.582007,5.143335,9.849929,20.043284,29.983396,32.493906,17.59945,,
2013-09-19,0.462397,0.727833,1.613013,5.154045,9.856865,20.041334,29.982492,32.511054,17.625574,,
2013-10-18,0.392255,0.727806,1.63791,5.164868,9.86374,20.039346,29.98159,32.528316,17.651529,,
2013-11-17,0.334008,0.724905,1.65543,5.175787,9.870554,20.037321,29.980688,32.545698,17.677322,,
2013-12-17,0.463748,0.720958,1.664686,5.186772,9.877298,20.03526,29.97979,32.563184,17.702926,,
2014-01-16,0.385188,0.718569,1.665198,5.197781,9.883956,20.033167,29.978896,32.580742,17.728292,,
2014-02-14,0.341088,0.719352,1.656925,5.208769,9.890512,20.031047,29.97801,32.598332,17.753365,,
2014-03-16,0.465225,0.722755,1.640264,5.219695,9.896951,20.028905,29.977132,32.61592,17.778097,,
2014-04-15,0.378582,0.726504,1.616039,5.230525,9.903265,20.026744,29.976264,32.633482,17.80246,,
2014-05-14,0.345574,0.728206,1.58549,5.241236,9.90945,20.024565,29.975406,32.65101,17.826445,,
2014-06-13,0.465638,0.726823,1.550266,5.251817,9.915509,20.022368,29.974559,32.668512,17.850068,,
2014-07-12,0.377509,0.723232,1.512439,5.262264,9.92145,20.020151,29.973721,32.68601,17.87336,,
2014-08-10,0.345491,0.719688,1.47452,5.272578,9.927282,20.017911,29.97289,32.703535,17.896365,,
2014-09-09,0.465578,0.718469,1.439421,5.28276,9.933015,20.015642,29.972067,32.721117,17.919123,,
2014-10-08,0.377466,0.720383,1.410297,5.292806,9.938654,20.013343,29.971248,32.73878,17.941666,,
2014-11-06,0.346621,0.724195,1.390182,5.302708,9.944204,20.011012,29.970435,32.756539,17.964011,,
2014-12-06,0.465926,0.727446,1.381461,5.312448,9.949662,20.008648,29.969627,32.7744,17.98616,,
2015-01-05,0.372931,0.728057,1.385309,5.322008,9.955027,20.00625,29.968824,32.792358,18.008106,,
2015-02-03,0.352518,0.72562,1.401356,5.331361,9.96029,20.003823,29.968027,32.8104,18.02983,,
2015-03-05,0.466531,0.721678,1.427727,5.340478,9.965441,20.001368,29.967237,32.828496,18.051295,,
2015-04-04,0.365205,0.718808,1.461468,5.349322,9.970468,19.998892,29.966457,32.846605,18.072455,,
2015-05-04,0.359458,0.718913,1.499182,5.357864,9.97536,19.996401,29.965688,32.86469,18.093268,,
2015-06-02,0.466695,0.721895,1.537625,5.366087,9.980111,19.993898,29.96493,32.882735,18.113722,,
2015-07-02,0.361597,0.725776,1.574041,5.373987,9.984727,19.99138,29.964183,32.900748,18.133829,,
2015-07-31,0.361316,0.728089,1.606247,5.381566,9.989212,19.988845,29.963446,32.918755,18.15362,,
2015-08-29,0.466697,0.727419,1.632578,5.388826,9.993574,19.98629,29.962718,32.936782,18.173125,,
2015-09-28,0.361292,0.724182,1.651809,5.395765,9.997817,19.983711,29.961997,32.954852,18.19237,,
2015-10-27,0.361827,0.720387,1.663094,5.40238,10.001946,19.981107,29.961284,32.972981,18.21137,,
2015-11-25,0.466692,0.718468,1.665935,5.408662,10.00596,19.978475,29.960577,32.99118,18.230137,,
2015-12-25,0.359114,0.719704,1.660163,5.414603,10.009861,19.975815,29.959877,33.009457,18.24868,,
2016-01-24,0.3653,0.723298,1.645939,5.420193,10.013647,19.973125,29.959183,33.027822,18.267005,,
2016-02-22,0.466545,0.726904,1.6238,5.425422,10.017317,19.970405,29.958495,33.04627,18.285109,,
2016-03-23,0.353061,0.728192,1.594745,5.430271,10.020864,19.96766,29.957815,33.06478,18.302965,,
2016-04-22,0.372156,0.726346,1.560305,5.434723,10.024279,19.964894,29.957142,33.083313,18.320537,,
2016-05-21,0.466023,0.722549,1.522552,5.438767,10.027556,19.962113,29.956479,33.101837,18.337796,,
2016-06-20,0.34755,0.719253,1.484043,5.442397,10.030692,19.959319,29.955826,33.120339,18.354731,,
2016-07-19,0.376575,0.718606,1.447727,5.445613,10.033689,19.956512,29.955183,33.138821,18.371349,,
2016-08-18,0.465653,0.721022,1.416768,5.448414,10.03655,19.953689,29.954548,33.157296,18.387664,,
2016-09-16,0.345546,0.724911,1.394217,5.450803,10.039276,19.95085,29.953922,33.175777,18.40369,,
2016-10-16,0.378068,0.727778,1.382537,5.452778,10.04187,19.947992,29.953304,33.194277,18.419437,,
2016-11-14,0.465482,0.727829,1.383098,5.454338,10.044333,19.945113,29.952693,33.212811,18.434918,,
2016-12-14,0.344249,0.72503,1.395858,5.455482,10.046667,19.942211,29.952088,33.231391,18.450143,,
2017-01-12,0.379976,0.721128,1.419367,5.456207,10.048873,19.939284,29.951489,33.250032,18.465124,,
2017-02-11,0.465059,0.718631,1.451092,5.456509,10.050949,19.936331,29.950897,33.268739,18.479864,,
2017-03-12,0.340803,0.719199,1.487901,5.456385,10.052894,19.933353,29.95031,33.287509,18.494361,,
2017-04-11,0.384597,0.722479,1.526555,5.455833,10.054705,19.930351,29.949729,33.306329,18.508603,,
2017-05-10,0.464077,0.726314,1.564084,5.454854,10.056379,19.927328,29.949155,33.325184,18.52258,,
2017-06-09,0.335885,0.728218,1.597997,5.453448,10.057915,19.924286,29.948587,33.344061,18.536281,,
2017-07-09,0.389965,0.726986,1.626345,5.45162,10.059312,19.921227,29.948027,33.362949,18.549697,,
2017-08-07,0.462903,0.723403,1.647702,5.449374,10.060568,19.918152,29.947473,33.381839,18.562822,,
2017-09-06,0.332078,0.719763,1.661117,5.446717,10.061684,19.915063,29.946926,33.400721,18.57565,,
2017-10-05,0.39354,0.718432,1.666065,5.443655,10.06266,19.911961,29.946386,33.419593,18.588184,,
2017-11-04,0.462147,0.720275,1.662386,5.440193,10.063497,19.908844,29.945853,33.438464,18.60043,,
2017-12-03,0.330209,0.724081,1.650252,5.436333,10.064197,19.90571,29.945325,33.457349,18.612401,,
2018-01-02,0.395502,0.727398,1.630167,5.432079,10.06476,19.902556,29.944802,33.476262,18.624106,,
2018-01-31,0.461546,0.72813,1.603016,5.427434,10.065186,19.899381,29.944285,33.495208,18.635546,,
2018-03-02,0.328332,0.725816,1.570124,5.422404,10.065474,19.896186,29.943772,33.514186,18.64672,,
2018-03-31,0.398015,0.721905,1.533305,5.416995,10.065623,19.892971,29.943263,33.533193,18.657628,,
2018-04-30,0.460649,0.7189,1.494872,5.411213,10.065633,19.889735,29.942759,33.552238,18.668272,,
2018-05-29,0.325721,0.718773,1.457627,5.40506,10.065503,19.886476,29.942258,33.571329,18.678659,,
2018-06-28,0.401861,0.721617,1.424742,5.398544,10.065232,19.883192,29.941761,33.590472,18.688791,,
2018-07-27,0.459027,0.725565,1.399472,5.391673,10.064818,19.879886,29.941267,33.60966,18.698662,,
2018-08-26,0.321889,0.728061,1.384629,5.384466,10.064263,19.876561,29.940777,33.62887,18.708259,,
2018-09-25,0.406888,0.72752,1.381973,5.376942,10.063566,19.87322,29.94029,33.64808,18.71757,,
2018-10-24,0.457112,0.724298,1.391792,5.369118,10.06273,19.869866,29.939808,33.667281,18.726592,,
2018-11-23,0.319002,0.72046,1.412858,5.361006,10.061755,19.866498,29.939329,33.686472,18.735325,,
2018-12-22,0.410277,0.718485,1.442764,5.352618,10.06064,19.863116,29.938854,33.705661,18.743775,,
2019-01-21,0.455805,0.719657,1.478428,5.343966,10.059388,19.859718,29.938381,33.724847,18.751944,,
2019-02-19,0.317418,0.72319,1.516619,5.335067,10.057998,19.856307,29.937911,33.744028,18.759833,,
2019-03-21,0.412115,0.726795,1.554356,5.325934,10.056471,19.852881,29.937444,33.763202,18.767442,,
2019-04-19,0.455116,0.728197,1.589132,5.316576,10.054805,19.849438,29.936978,33.782383,18.774776,,
2019-05-18,0.316592,0.726522,1.618959,5.306997,10.052998,19.845975,29.936514,33.801592,18.781842,,
2019-06-17,0.413697,0.722802,1.642313,5.2972,10.051048,19.842487,29.936049,33.820853,18.788648,,
2019-07-16,0.453918,0.719403,1.658077,5.287193,10.048951,19.838971,29.935584,33.840177,18.795196,,
2019-08-15,0.314554,0.718558,1.66551,5.276992,10.046708,19.835429,29.935119,33.859563,18.801483,,
2019-09-14,0.417965,0.720843,1.664242,5.266622,10.044318,19.831862,29.934653,33.878995,18.807503,,
2019-10-13,0.451126,0.724744,1.654294,5.256111,10.041784,19.828273,29.934186,33.898455,18.81325,,
2019-11-12,0.311768,0.727716,1.636083,5.245485,10.039109,19.824667,29.93372,33.917925,18.818716,,
2019-12-12,0.422992,0.727866,1.610449,5.234776,10.036296,19.821046,29.933253,33.937385,18.823897,,
2020-01-10,0.448233,0.725107,1.578687,5.224012,10.033349,19.817413,29.932786,33.956818,18.828789,,
2020-02-09,0.310164,0.721196,1.542569,5.21322,10.030271,19.813772,29.932319,33.976209,18.833389,,
2020-03-09,0.425541,0.718654,1.504341,5.202421,10.027064,19.810121,29.931851,33.995559,18.837702,,
2020-04-08,0.447173,0.719131,1.466682,5.191625,10.023726,19.80646,29.931383,34.01488,18.841733,,
2020-05-07,0.309874,0.7223,1.432609,5.180841,10.020255,19.802783,29.930913,34.034195,18.845488,,
2020-06-05,0.425947,0.726118,1.405256,5.170073,10.016645,19.799085,29.93044,34.053529,18.848972,,
2020-07-05,0.446782,0.728178,1.387487,5.15933,10.012894,19.795363,29.929963,34.072904,18.852187,,
2020-08-03,0.309471,0.72718,1.38138,5.148623,10.008997,19.791612,29.929483,34.092336,18.855132,,
2020-09-02,0.427967,0.723714,1.387758,5.137966,10.004951,19.78783,29.928997,34.111838,18.857806,,
2020-10-01,0.444397,0.719971,1.405953,5.127378,10.000755,19.784016,29.928506,34.131413,18.860207,,
2020-10-31,0.308225,0.718416,1.433934,5.116887,9.99641,19.780171,29.92801,34.151055,18.862331,,
2020-11-30,0.433115,0.720108,1.468716,5.10653,9.991925,19.776301,29.927509,34.170732,18.864174,,
2020-12-30,0.439733,0.72391,1.50692,5.096353,9.987309,19.772414,29.927003,34.190401,18.865733,,
2021-01-28,0.307523,0.727308,1.54531,5.086398,9.982576,19.768519,29.926495,34.210019,18.867004,,
2021-02-27,0.437071,0.728148,1.58115,5.076691,9.977731,19.764618,29.925983,34.22957,18.867991,,
2021-03-28,0.437162,0.725934,1.612315,5.067246,9.972776,19.76071,29.925468,34.249061,18.868694,,
2021-04-27,0.307499,0.722062,1.637235,5.058072,9.967707,19.756792,29.924948,34.268512,18.869118,,
2021-05-26,0.437671,0.718988,1.654803,5.049175,9.96252,19.752859,29.924424,34.287944,18.869263,,
2021-06-24,0.437064,0.718699,1.664301,5.040565,9.957213,19.748907,29.923894,34.307378,18.869133,,
2021-07-24,0.307501,0.721385,1.665344,5.032249,9.951779,19.74493,29.923357,34.326836,18.868725,,
2021-08-22,0.437918,0.725307,1.657858,5.024236,9.946213,19.740925,29.922813,34.346343,18.868038,,
2021-09-20,0.436081,0.72796,1.642065,5.016534,9.940507,19.736883,29.922261,34.365927,18.867069,,
2021-10-20,0.307628,0.727658,1.618535,5.009158,9.934656,19.732802,29.921699,34.385608,18.86581,,
2021-11-19,0.441306,0.724563,1.588281,5.002129,9.928661,19.728682,29.921129,34.405381,18.864259,,
2021-12-19,0.431033,0.720644,1.552893,4.995483,9.922536,19.724529,29.92055,34.425209,18.862414,,
2022-01-17,0.308812,0.718497,1.514582,4.989255,9.9163,19.720357,29.919964,34.445035,18.860282,,
2022-02-16,0.446057,0.719561,1.476095,4.983471,9.909969,19.716173,29.919372,34.464813,18.857869,,
2022-03-18,0.42602,0.723088,1.440534,4.978146,9.903553,19.711984,29.918775,34.484523,18.855181,,
2022-04-16,0.310087,0.726745,1.411105,4.973288,9.897055,19.707787,29.918174,34.504168,18.852223,,
2022-05-16,0.447688,0.728215,1.390749,4.968899,9.890473,19.703582,29.917567,34.523758,18.848993,,
2022-06-14,0.425018,0.726609,1.381666,4.964983,9.883805,19.699364,29.916954,34.543312,18.845491,,
2022-07-13,0.310122,0.722937,1.384866,4.96154,9.877043,19.695128,29.916335,34.562852,18.841713,,
2022-08-12,0.447435,0.719498,1.399959,4.958572,9.870181,19.690868,29.915708,34.582407,18.837653,,
2022-09-10,0.425233,0.718505,1.425261,4.956082,9.863207,19.686577,29.915072,34.602013,18.833303,,
2022-10-09,0.310355,0.720631,1.458159,4.954077,9.856112,19.682247,29.914428,34.621701,18.828654,,
2022-11-08,0.448773,0.72451,1.495558,4.952565,9.848891,19.677873,29.913772,34.641488,18.8237,,
2022-12-08,0.421601,0.727624,1.534288,4.951557,9.841545,19.673457,29.913107,34.66137,18.818437,,
2023-01-06,0.312832,0.72796,1.571414,4.951062,9.834089,19.669006,29.912433,34.681317,18.812871,,
2023-02-05,0.452695,0.725294,1.604458,4.951086,9.82654,19.664528,29.911751,34.701285,18.80701,,
2023-03-07,0.414892,0.721345,1.631508,4.951626,9.818917,19.660032,29.911064,34.721233,18.800869,,
2023-04-06,0.316443,0.718689,1.651229,4.952678,9.811235,19.655528,29.910372,34.74113,18.794459,,
2023-05-05,0.455301,0.719065,1.662803,4.954233,9.803502,19.651017,29.909676,34.760958,18.78779,,
2023-06-04,0.411588,0.722196,1.665848,4.95628,9.795722,19.646501,29.908976,34.780719,18.780866,,
2023-07-03,0.317511,0.726031,1.660339,4.958811,9.787889,19.641976,29.908273,34.800431,18.773684,,
2023-08-01,0.455478,0.728152,1.646549,4.96182,9.779995,19.637433,29.907565,34.820127,18.766232,,
2023-08-31,0.411875,0.727257,1.625049,4.965305,9.772025,19.632866,29.906851,34.839841,18.758498,,
2023-09-29,0.317382,0.723892,1.59675,4.969263,9.763971,19.628267,29.90613,34.859605,18.750467,,
2023-10-28,0.455746,0.720152,1.562987,4.973693,9.755824,19.623631,29.905401,34.879442,18.742127,,
2023-11-27,0.410086,0.718451,1.525612,4.978591,9.747582,19.618956,29.904666,34.899361,18.733474,,
2023-12-27,0.319616,0.719932,1.487048,4.983949,9.739248,19.614241,29.903922,34.919362,18.724504,,
2024-01-25,0.457897,0.723635,1.450261,4.989758,9.730827,19.609489,29.903173,34.939436,18.715222,,
2024-02-24,0.403992,0.72713,1.418576,4.995999,9.722332,19.604704,29.902417,34.959561,18.705636,,
2024-03-25,0.324727,0.728155,1.395281,5.002647,9.713781,19.599897,29.901658,34.979698,18.695764,,
2024-04-23,0.460484,0.726065,1.383013,5.009671,9.705196,19.595078,29.900897,34.999803,18.685627,,
2024-05-23,0.398115,0.722211,1.383154,5.017042,9.696591,19.590255,29.900136,35.019846,18.675243,,
2024-06-22,0.328154,0.719082,1.395545,5.024736,9.687971,19.585428,29.899374,35.039826,18.664617,,
2024-07-21,0.46132,0.718699,1.418617,5.032742,9.679329,19.580594,29.898613,35.059762,18.653742,,
2024-08-19,0.396904,0.721293,1.44981,5.041051,9.670655,19.575745,29.89785,35.079686,18.642603,,
2024-09-18,0.328568,0.725177,1.486073,5.049656,9.661937,19.570874,29.897085,35.099626,18.631185,,
2024-10-17,0.461455,0.727882,1.524303,5.058548,9.653171,19.565977,29.896319,35.119602,18.619475,,
2024-11-15,0.396035,0.72771,1.561646,5.067714,9.644351,19.56105,29.895549,35.139628,18.607466,,
2024-12-15,0.329946,0.72475,1.595668,5.077141,9.635477,19.556092,29.894777,35.159714,18.595147,,
2025-01-13,0.462254,0.720855,1.624409,5.086815,9.626546,19.5511,29.894003,35.179869,18.582512,,
2025-02-12,0.392061,0.718555,1.646362,5.09672,9.61756,19.546074,29.893226,35.200099,18.569557,,
2025-03-14,0.334462,0.719397,1.660443,5.10683,9.608526,19.541015,29.892447,35.220391,18.556288,,
2025-04-13,0.463829,0.722833,1.665986,5.11711,9.599461,19.535934,29.891669,35.240713,18.542728,,
2025-05-12,0.385513,0.726585,1.66276,5.12752,9.590386,19.53084,29.890892,35.261027,18.528902,,
2025-06-11,0.339867,0.728231,1.650948,5.138025,9.581313,19.525738,29.890119,35.281307,18.514828,,
2025-07-10,0.464829,0.726747,1.631116,5.148602,9.572247,19.520632,29.889349,35.301551,18.50051,,
2025-08-09,0.381756,0.723076,1.604197,5.159234,9.563186,19.515519,29.888583,35.321766,18.485944,,
2025-09-07,0.342317,0.719555,1.571526,5.169908,9.554125,19.510395,29.88782,35.341967,18.471119,,
2025-10-07,0.46515,0.718467,1.53489,5.180611,9.545062,19.505259,29.88706,35.362169,18.456028,,
2025-11-05,0.38028,0.720521,1.496565,5.19133,9.535993,19.500106,29.886304,35.382385,18.440661,,
2025-12-04,0.343616,0.724371,1.459306,5.202052,9.526913,19.494933,29.88555,35.402628,18.425009,,
2026-01-03,0.465409,0.727548,1.426223,5.212766,9.51782,19.489737,29.884798,35.422914,18.409059,,
2026-02-01,0.377979,0.728046,1.400515,5.223457,9.508711,19.484516,29.884049,35.443255,18.392801,,
2026-03-03,0.34658,0.725541,1.38501,5.234109,9.499588,19.479269,29.883303,35.463651,18.376231,,
2026-04-02,0.465934,0.721597,1.381591,5.244697,9.490458,19.473998,29.882559,35.484096,18.359355,,
2026-05-01,0.373156,0.718765,1.390721,5.255197,9.48133,19.468708,29.88182,35.504575,18.342183,,
2026-05-31,0.351622,0.718924,1.411305,5.265583,9.472212,19.463402,29.881085,35.525076,18.324726,,
2026-06-29,0.466425,0.721966,1.440976,5.275833,9.463111,19.458083,29.880356,35.545588,18.306994,,
2026-07-29,0.367843,0.725875,1.476624,5.285924,9.454034,19.452754,29.879633,35.566101,18.288997,,
2026-08-28,0.356402,0.728132,1.514954,5.295836,9.444989,19.447418,29.878916,35.586603,18.270745,,
2026-09-26,0.466637,0.72733,1.552913,5.305548,9.435982,19.442079,29.878206,35.607086,18.252245,,
2026-10-26,0.364376,0.723988,1.587933,5.315046,9.427013,19.436736,29.877504,35.627552,18.233495,,
2026-11-24,0.359103,0.720227,1.617994,5.324322,9.418081,19.431386,29.876808,35.648014,18.214486,,
2026-12-24,0.466688,0.718466,1.641579,5.333369,9.40918,19.426025,29.876119,35.668487,18.195201,,
2027-01-22,0.362248,0.719858,1.657608,5.342177,9.40031,19.42065,29.875436,35.688983,18.175635,,
