tag,arch,magnitude,space,loss,harm2,roster,fmode,seed,skill,pct,auc
indep|mag|sqrt|l1|h1|rec8|none,indep,True,sqrt,l1,False,mars+jupiter+saturn+uranus+neptune+pluto+node+chiron,none,7,0.7209,71.3,0.9123
indep|mag|sqrt|l1|h2|rec8|none,indep,True,sqrt,l1,True,mars+jupiter+saturn+uranus+neptune+pluto+node+chiron,none,7,0.8114,77.7,0.9079
indep|mag|sqrt|l2|h1|rec8|none,indep,True,sqrt,l2,False,mars+jupiter+saturn+uranus+neptune+pluto+node+chiron,none,7,0.6418,71.3,0.8801
indep|mag|sqrt|l2|h2|rec8|none,indep,True,sqrt,l2,True,mars+jupiter+saturn+uranus+neptune+pluto+node+chiron,none,7,0.6608,66.9,0.8967
indep|mag|log1p|l1|h1|rec8|none,indep,True,log1p,l1,False,mars+jupiter+saturn+uranus+neptune+pluto+node+chiron,none,7,0.7624,74.5,0.9131
indep|mag|log1p|l1|h2|rec8|none,indep,True,log1p,l1,True,mars+jupiter+saturn+uranus+neptune+pluto+node+chiron,none,7,0.7609,74.1,0.9091
indep|mag|log1p|l2|h1|rec8|none,indep,True,log1p,l2,False,mars+jupiter+saturn+uranus+neptune+pluto+node+chiron,none,7,0.6770,72.9,0.8639
indep|mag|log1p|l2|h2|rec8|none,indep,True,log1p,l2,True,mars+jupiter+saturn+uranus+neptune+pluto+node+chiron,none,7,0.6210,66.1,0.8931
indep|cos|sqrt|l1|h1|rec8|none,indep,False,sqrt,l1,False,mars+jupiter+saturn+uranus+neptune+pluto+node+chiron,none,7,0.8987,86.1,0.9420
indep|cos|sqrt|l1|h2|rec8|none,indep,False,sqrt,l1,True,mars+jupiter+saturn+uranus+neptune+pluto+node+chiron,none,7,0.8375,74.9,0.9417
indep|cos|sqrt|l2|h1|rec8|none,indep,False,sqrt,l2,False,mars+jupiter+saturn+uranus+neptune+pluto+node+chiron,none,7,0.8442,83.3,0.9153
indep|cos|sqrt|l2|h2|rec8|none,indep,False,sqrt,l2,True,mars+jupiter+saturn+uranus+neptune+pluto+node+chiron,none,7,0.7783,71.7,0.9155
indep|cos|log1p|l1|h1|rec8|none,indep,False,log1p,l1,False,mars+jupiter+saturn+uranus+neptune+pluto+node+chiron,none,7,0.9070,83.7,0.9444
indep|cos|log1p|l1|h2|rec8|none,indep,False,log1p,l1,True,mars+jupiter+saturn+uranus+neptune+pluto+node+chiron,none,7,0.8140,73.7,0.9441
indep|cos|log1p|l2|h1|rec8|none,indep,False,log1p,l2,False,mars+jupiter+saturn+uranus+neptune+pluto+node+chiron,none,7,0.8257,80.1,0.9071
indep|cos|log1p|l2|h2|rec8|none,indep,False,log1p,l2,True,mars+jupiter+saturn+uranus+neptune+pluto+node+chiron,none,7,0.7894,70.5,0.9095
pie|mag|sqrt|l1|h1|rec8|none,pie,True,sqrt,l1,False,mars+jupiter+saturn+uranus+neptune+pluto+node+chiron,none,7,0.6766,73.7,0.7378
pie|mag|sqrt|l1|h2|rec8|none,pie,True,sqrt,l1,True,mars+jupiter+saturn+uranus+neptune+pluto+node+chiron,none,7,0.6080,77.3,0.7316
pie|mag|sqrt|l2|h1|rec8|none,pie,True,sqrt,l2,False,mars+jupiter+saturn+uranus+neptune+pluto+node+chiron,none,7,0.6431,71.3,0.7640
pie|mag|sqrt|l2|h2|rec8|none,pie,True,sqrt,l2,True,mars+jupiter+saturn+uranus+neptune+pluto+node+chiron,none,7,0.5136,68.9,0.6959
pie|mag|log1p|l1|h1|rec8|none,pie,True,log1p,l1,False,mars+jupiter+saturn+uranus+neptune+pluto+node+chiron,none,7,0.6665,73.7,0.7704
pie|mag|log1p|l1|h2|rec8|none,pie,True,log1p,l1,True,mars+jupiter+saturn+uranus+neptune+pluto+node+chiron,none,7,0.6143,75.3,0.7378
pie|mag|log1p|l2|h1|rec8|none,pie,True,log1p,l2,False,mars+jupiter+saturn+uranus+neptune+pluto+node+chiron,none,7,0.5501,69.3,0.7524
pie|mag|log1p|l2|h2|rec8|none,pie,True,log1p,l2,True,mars+jupiter+saturn+uranus+neptune+pluto+node+chiron,none,7,0.4155,64.9,0.6736
pie|cos|sqrt|l1|h1|rec8|none,pie,False,sqrt,l1,False,mars+jupiter+saturn+uranus+neptune+pluto+node+chiron,none,7,0.6796,74.9,0.7959
pie|cos|sqrt|l1|h2|rec8|none,pie,False,sqrt,l1,True,mars+jupiter+saturn+uranus+neptune+pluto+node+chiron,none,7,0.6812,76.5,0.7874
pie|cos|sqrt|l2|h1|rec8|none,pie,False,sqrt,l2,False,mars+jupiter+saturn+uranus+neptune+pluto+node+chiron,none,7,0.5121,71.3,0.2630
pie|cos|sqrt|l2|h2|rec8|none,pie,False,sqrt,l2,True,mars+jupiter+saturn+uranus+neptune+pluto+node+chiron,none,7,0.5849,72.1,0.6956
pie|cos|log1p|l1|h1|rec8|none,pie,False,log1p,l1,False,mars+jupiter+saturn+uranus+neptune+pluto+node+chiron,none,7,0.5694,70.9,-0.3509
pie|cos|log1p|l1|h2|rec8|none,pie,False,log1p,l1,True,mars+jupiter+saturn+uranus+neptune+pluto+node+chiron,none,7,0.5024,68.5,-1.5131
pie|cos|log1p|l2|h1|rec8|none,pie,False,log1p,l2,False,mars+jupiter+saturn+uranus+neptune+pluto+node+chiron,none,7,0.0529,51.4,-5.0553
pie|cos|log1p|l2|h2|rec8|none,pie,False,log1p,l2,True,mars+jupiter+saturn+uranus+neptune+pluto+node+chiron,none,7,0.2977,59.0,-3.3635
tides1|mag|sqrt|l1|h1|rec8|none,tides1,True,sqrt,l1,False,mars+jupiter+saturn+uranus+neptune+pluto+node+chiron,none,7,0.6574,71.7,0.7770
tides1|mag|sqrt|l1|h2|rec8|none,tides1,True,sqrt,l1,True,mars+jupiter+saturn+uranus+neptune+pluto+node+chiron,none,7,0.5895,72.5,0.6822
tides1|mag|sqrt|l2|h1|rec8|none,tides1,True,sqrt,l2,False,mars+jupiter+saturn+uranus+neptune+pluto+node+chiron,none,7,0.5701,66.9,0.7335
tides1|mag|sqrt|l2|h2|rec8|none,tides1,True,sqrt,l2,True,mars+jupiter+saturn+uranus+neptune+pluto+node+chiron,none,7,0.4611,69.3,0.6505
tides1|mag|log1p|l1|h1|rec8|none,tides1,True,log1p,l1,False,mars+jupiter+saturn+uranus+neptune+pluto+node+chiron,none,7,0.6178,71.7,0.7863
tides1|mag|log1p|l1|h2|rec8|none,tides1,True,log1p,l1,True,mars+jupiter+saturn+uranus+neptune+pluto+node+chiron,none,7,0.5500,71.3,0.7190
tides1|mag|log1p|l2|h1|rec8|none,tides1,True,log1p,l2,False,mars+jupiter+saturn+uranus+neptune+pluto+node+chiron,none,7,0.5595,69.7,0.7669
tides1|mag|log1p|l2|h2|rec8|none,tides1,True,log1p,l2,True,mars+jupiter+saturn+uranus+neptune+pluto+node+chiron,none,7,0.4883,70.9,0.6880
tides1|cos|sqrt|l1|h1|rec8|none,tides1,False,sqrt,l1,False,mars+jupiter+saturn+uranus+neptune+pluto+node+chiron,none,7,0.6961,73.3,0.7804
tides1|cos|sqrt|l1|h2|rec8|none,tides1,False,sqrt,l1,True,mars+jupiter+saturn+uranus+neptune+pluto+node+chiron,none,7,0.6146,71.3,0.7787
tides1|cos|sqrt|l2|h1|rec8|none,tides1,False,sqrt,l2,False,mars+jupiter+saturn+uranus+neptune+pluto+node+chiron,none,7,0.4402,69.7,0.3277
tides1|cos|sqrt|l2|h2|rec8|none,tides1,False,sqrt,l2,True,mars+jupiter+saturn+uranus+neptune+pluto+node+chiron,none,7,0.4111,63.7,0.1220
tides1|cos|log1p|l1|h1|rec8|none,tides1,False,log1p,l1,False,mars+jupiter+saturn+uranus+neptune+pluto+node+chiron,none,7,0.5851,70.9,0.6297
tides1|cos|log1p|l1|h2|rec8|none,tides1,False,log1p,l1,True,mars+jupiter+saturn+uranus+neptune+pluto+node+chiron,none,7,0.5444,70.1,0.7355
tides1|cos|log1p|l2|h1|rec8|none,tides1,False,log1p,l2,False,mars+jupiter+saturn+uranus+neptune+pluto+node+chiron,none,7,0.2309,59.4,-2.3930
tides1|cos|log1p|l2|h2|rec8|none,tides1,False,log1p,l2,True,mars+jupiter+saturn+uranus+neptune+pluto+node+chiron,none,7,0.5394,69.7,0.7755
tides2|mag|sqrt|l1|h1|rec8|none,tides2,True,sqrt,l1,False,mars+jupiter+saturn+uranus+neptune+pluto+node+chiron,none,7,0.6509,73.3,0.7896
tides2|mag|sqrt|l1|h2|rec8|none,tides2,True,sqrt,l1,True,mars+jupiter+saturn+uranus+neptune+pluto+node+chiron,none,7,0.6218,73.7,0.7071
tides2|mag|sqrt|l2|h1|rec8|none,tides2,True,sqrt,l2,False,mars+jupiter+saturn+uranus+neptune+pluto+node+chiron,none,7,0.5145,72.1,0.7637
tides2|mag|sqrt|l2|h2|rec8|none,tides2,True,sqrt,l2,True,mars+jupiter+saturn+uranus+neptune+pluto+node+chiron,none,7,0.4756,68.5,0.6399
tides2|mag|log1p|l1|h1|rec8|none,tides2,True,log1p,l1,False,mars+jupiter+saturn+uranus+neptune+pluto+node+chiron,none,7,0.6314,73.7,0.7808
tides2|mag|log1p|l1|h2|rec8|none,tides2,True,log1p,l1,True,mars+jupiter+saturn+uranus+neptune+pluto+node+chiron,none,7,0.5690,72.5,0.5533
tides2|mag|log1p|l2|h1|rec8|none,tides2,True,log1p,l2,False,mars+jupiter+saturn+uranus+neptune+pluto+node+chiron,none,7,0.4684,69.7,0.7395
tides2|mag|log1p|l2|h2|rec8|none,tides2,True,log1p,l2,True,mars+jupiter+saturn+uranus+neptune+pluto+node+chiron,none,7,0.4805,67.7,0.6954
tides2|cos|sqrt|l1|h1|rec8|none,tides2,False,sqrt,l1,False,mars+jupiter+saturn+uranus+neptune+pluto+node+chiron,none,7,0.6116,72.9,0.7677
tides2|cos|sqrt|l1|h2|rec8|none,tides2,False,sqrt,l1,True,mars+jupiter+saturn+uranus+neptune+pluto+node+chiron,none,7,0.5730,69.7,0.7639
tides2|cos|sqrt|l2|h1|rec8|none,tides2,False,sqrt,l2,False,mars+jupiter+saturn+uranus+neptune+pluto+node+chiron,none,7,0.2936,64.5,-3.1116
tides2|cos|sqrt|l2|h2|rec8|none,tides2,False,sqrt,l2,True,mars+jupiter+saturn+uranus+neptune+pluto+node+chiron,none,7,0.5181,70.9,0.7484
tides2|cos|log1p|l1|h1|rec8|none,tides2,False,log1p,l1,False,mars+jupiter+saturn+uranus+neptune+pluto+node+chiron,none,7,0.4909,68.9,-0.3105
tides2|cos|log1p|l1|h2|rec8|none,tides2,False,log1p,l1,True,mars+jupiter+saturn+uranus+neptune+pluto+node+chiron,none,7,0.6142,70.5,0.7829
tides2|cos|log1p|l2|h1|rec8|none,tides2,False,log1p,l2,False,mars+jupiter+saturn+uranus+neptune+pluto+node+chiron,none,7,0.3753,64.1,-0.0875
tides2|cos|log1p|l2|h2|rec8|none,tides2,False,log1p,l2,True,mars+jupiter+saturn+uranus+neptune+pluto+node+chiron,none,7,0.3486,62.9,0.1952
indep|cos|log1p|l1|h1|jupiter+saturn+uranus+neptune+pluto+node+chiron|none,indep,False,log1p,l1,False,jupiter+saturn+uranus+neptune+pluto+node+chiron,none,7,0.8908,86.1,0.9456
indep|cos|log1p|l1|h1|sun+mars+jupiter+saturn+uranus+neptune+pluto+node+chiron|none,indep,False,log1p,l1,False,sun+mars+jupiter+saturn+uranus+neptune+pluto+node+chiron,none,7,0.9025,83.3,0.9429
indep|cos|log1p|l1|h1|mercury+mars+jupiter+saturn+uranus+neptune+pluto+node+chiron|none,indep,False,log1p,l1,False,mercury+mars+jupiter+saturn+uranus+neptune+pluto+node+chiron,none,7,0.8932,82.9,0.9430
indep|cos|log1p|l1|h1|venus+mars+jupiter+saturn+uranus+neptune+pluto+node+chiron|none,indep,False,log1p,l1,False,venus+mars+jupiter+saturn+uranus+neptune+pluto+node+chiron,none,7,0.9068,82.9,0.9441
indep|cos|log1p|l1|h1|sun+mercury+venus+mars+jupiter+saturn+uranus+neptune+pluto+node+chiron|none,indep,False,log1p,l1,False,sun+mercury+venus+mars+jupiter+saturn+uranus+neptune+pluto+node+chiron,none,7,0.8931,81.3,0.9453
indep|cos|log1p|l1|h2|jupiter+saturn+uranus+neptune+pluto+node+chiron|none,indep,False,log1p,l1,True,jupiter+saturn+uranus+neptune+pluto+node+chiron,none,7,0.8240,75.7,0.9436
indep|cos|log1p|l1|h2|sun+mars+jupiter+saturn+uranus+neptune+pluto+node+chiron|none,indep,False,log1p,l1,True,sun+mars+jupiter+saturn+uranus+neptune+pluto+node+chiron,none,7,0.8238,75.3,0.9444
indep|cos|log1p|l1|h2|mercury+mars+jupiter+saturn+uranus+neptune+pluto+node+chiron|none,indep,False,log1p,l1,True,mercury+mars+jupiter+saturn+uranus+neptune+pluto+node+chiron,none,7,0.7978,72.9,0.9434
indep|cos|log1p|l1|h2|venus+mars+jupiter+saturn+uranus+neptune+pluto+node+chiron|none,indep,False,log1p,l1,True,venus+mars+jupiter+saturn+uranus+neptune+pluto+node+chiron,none,7,0.8227,74.1,0.9387
indep|cos|log1p|l1|h2|sun+mercury+venus+mars+jupiter+saturn+uranus+neptune+pluto+node+chiron|none,indep,False,log1p,l1,True,sun+mercury+venus+mars+jupiter+saturn+uranus+neptune+pluto+node+chiron,none,7,0.8051,73.7,0.9406
indep|cos|sqrt|l1|h1|jupiter+saturn+uranus+neptune+pluto+node+chiron|none,indep,False,sqrt,l1,False,jupiter+saturn+uranus+neptune+pluto+node+chiron,none,7,0.8980,86.9,0.9454
indep|cos|sqrt|l1|h1|sun+mars+jupiter+saturn+uranus+neptune+pluto+node+chiron|none,indep,False,sqrt,l1,False,sun+mars+jupiter+saturn+uranus+neptune+pluto+node+chiron,none,7,0.9031,85.7,0.9416
indep|cos|sqrt|l1|h1|mercury+mars+jupiter+saturn+uranus+neptune+pluto+node+chiron|none,indep,False,sqrt,l1,False,mercury+mars+jupiter+saturn+uranus+neptune+pluto+node+chiron,none,7,0.8948,85.7,0.9418
indep|cos|sqrt|l1|h1|venus+mars+jupiter+saturn+uranus+neptune+pluto+node+chiron|none,indep,False,sqrt,l1,False,venus+mars+jupiter+saturn+uranus+neptune+pluto+node+chiron,none,7,0.8976,86.1,0.9403
indep|cos|sqrt|l1|h1|sun+mercury+venus+mars+jupiter+saturn+uranus+neptune+pluto+node+chiron|none,indep,False,sqrt,l1,False,sun+mercury+venus+mars+jupiter+saturn+uranus+neptune+pluto+node+chiron,none,7,0.8983,86.5,0.9456
indep|cos|log1p|l1|h1|jupiter+saturn+uranus+neptune+pluto+node+chiron|1/r,indep,False,log1p,l1,False,jupiter+saturn+uranus+neptune+pluto+node+chiron,1/r,7,0.8951,84.1,0.9428
indep|cos|log1p|l1|h1|jupiter+saturn+uranus+neptune+pluto+node+chiron|1/r2,indep,False,log1p,l1,False,jupiter+saturn+uranus+neptune+pluto+node+chiron,1/r2,7,0.8645,83.7,0.9297
indep|cos|log1p|l1|h1|jupiter+saturn+uranus+neptune+pluto+node+chiron|1/r3,indep,False,log1p,l1,False,jupiter+saturn+uranus+neptune+pluto+node+chiron,1/r3,7,0.8643,83.7,0.9224
indep|cos|sqrt|l1|h1|sun+mercury+venus+mars+jupiter+saturn+uranus+neptune+pluto+node+chiron|1/r,indep,False,sqrt,l1,False,sun+mercury+venus+mars+jupiter+saturn+uranus+neptune+pluto+node+chiron,1/r,7,0.8882,84.1,0.9354
indep|cos|sqrt|l1|h1|sun+mercury+venus+mars+jupiter+saturn+uranus+neptune+pluto+node+chiron|1/r2,indep,False,sqrt,l1,False,sun+mercury+venus+mars+jupiter+saturn+uranus+neptune+pluto+node+chiron,1/r2,7,0.8597,83.3,0.9235
indep|cos|sqrt|l1|h1|sun+mercury+venus+mars+jupiter+saturn+uranus+neptune+pluto+node+chiron|1/r3,indep,False,sqrt,l1,False,sun+mercury+venus+mars+jupiter+saturn+uranus+neptune+pluto+node+chiron,1/r3,7,0.8587,82.1,0.9112
indep|cos|sqrt|l1|h1|jupiter+saturn+uranus+neptune+pluto+node+chiron|1/r,indep,False,sqrt,l1,False,jupiter+saturn+uranus+neptune+pluto+node+chiron,1/r,7,0.8943,86.5,0.9427
indep|cos|sqrt|l1|h1|jupiter+saturn+uranus+neptune+pluto+node+chiron|1/r2,indep,False,sqrt,l1,False,jupiter+saturn+uranus+neptune+pluto+node+chiron,1/r2,7,0.8864,86.1,0.9271
indep|cos|sqrt|l1|h1|jupiter+saturn+uranus+neptune+pluto+node+chiron|1/r3,indep,False,sqrt,l1,False,jupiter+saturn+uranus+neptune+pluto+node+chiron,1/r3,7,0.8813,84.9,0.9199
indep|cos|log1p|l1|h1|jupiter+saturn+uranus+neptune+pluto+node+chiron|none,indep,False,log1p,l1,False,jupiter+saturn+uranus+neptune+pluto+node+chiron,none,1,0.8910,86.1,0.9457
indep|cos|log1p|l1|h1|jupiter+saturn+uranus+neptune+pluto+node+chiron|none,indep,False,log1p,l1,False,jupiter+saturn+uranus+neptune+pluto+node+chiron,none,2,0.8966,84.9,0.9462
indep|cos|log1p|l1|h1|jupiter+saturn+uranus+neptune+pluto+node+chiron|none,indep,False,log1p,l1,False,jupiter+saturn+uranus+neptune+pluto+node+chiron,none,3,0.8932,84.5,0.9451
indep|cos|log1p|l1|h1|jupiter+saturn+uranus+neptune+pluto+node+chiron|none,indep,False,log1p,l1,False,jupiter+saturn+uranus+neptune+pluto+node+chiron,none,5,0.8885,85.7,0.9456
indep|cos|log1p|l1|h1|jupiter+saturn+uranus+neptune+pluto+node+chiron|none,indep,False,log1p,l1,False,jupiter+saturn+uranus+neptune+pluto+node+chiron,none,11,0.8940,84.9,0.9459
indep|cos|sqrt|l1|h1|sun+mercury+venus+mars+jupiter+saturn+uranus+neptune+pluto+node+chiron|none,indep,False,sqrt,l1,False,sun+mercury+venus+mars+jupiter+saturn+uranus+neptune+pluto+node+chiron,none,1,0.9023,85.7,0.9455
indep|cos|sqrt|l1|h1|sun+mercury+venus+mars+jupiter+saturn+uranus+neptune+pluto+node+chiron|none,indep,False,sqrt,l1,False,sun+mercury+venus+mars+jupiter+saturn+uranus+neptune+pluto+node+chiron,none,2,0.9035,85.3,0.9456
indep|cos|sqrt|l1|h1|sun+mercury+venus+mars+jupiter+saturn+uranus+neptune+pluto+node+chiron|none,indep,False,sqrt,l1,False,sun+mercury+venus+mars+jupiter+saturn+uranus+neptune+pluto+node+chiron,none,3,0.8985,85.7,0.9424
indep|cos|sqrt|l1|h1|sun+mercury+venus+mars+jupiter+saturn+uranus+neptune+pluto+node+chiron|none,indep,False,sqrt,l1,False,sun+mercury+venus+mars+jupiter+saturn+uranus+neptune+pluto+node+chiron,none,5,0.8982,85.7,0.9451
indep|cos|sqrt|l1|h1|sun+mercury+venus+mars+jupiter+saturn+uranus+neptune+pluto+node+chiron|none,indep,False,sqrt,l1,False,sun+mercury+venus+mars+jupiter+saturn+uranus+neptune+pluto+node+chiron,none,11,0.9055,85.3,0.9453
indep|cos|sqrt|l1|h1|jupiter+saturn+uranus+neptune+pluto+node+chiron|none,indep,False,sqrt,l1,False,jupiter+saturn+uranus+neptune+pluto+node+chiron,none,1,0.9027,86.1,0.9448
indep|cos|sqrt|l1|h1|jupiter+saturn+uranus+neptune+pluto+node+chiron|none,indep,False,sqrt,l1,False,jupiter+saturn+uranus+neptune+pluto+node+chiron,none,2,0.8959,86.5,0.9451
indep|cos|sqrt|l1|h1|jupiter+saturn+uranus+neptune+pluto+node+chiron|none,indep,False,sqrt,l1,False,jupiter+saturn+uranus+neptune+pluto+node+chiron,none,3,0.9032,86.9,0.9444
indep|cos|sqrt|l1|h1|jupiter+saturn+uranus+neptune+pluto+node+chiron|none,indep,False,sqrt,l1,False,jupiter+saturn+uranus+neptune+pluto+node+chiron,none,5,0.9014,86.9,0.9443
indep|cos|sqrt|l1|h1|jupiter+saturn+uranus+neptune+pluto+node+chiron|none,indep,False,sqrt,l1,False,jupiter+saturn+uranus+neptune+pluto+node+chiron,none,11,0.8956,86.1,0.9458
indep|cos|log1p|l1|h1|sun+mercury+venus+mars+jupiter+saturn+uranus+neptune+pluto+node+chiron|none,indep,False,log1p,l1,False,sun+mercury+venus+mars+jupiter+saturn+uranus+neptune+pluto+node+chiron,none,1,0.8983,82.1,0.9454
indep|cos|log1p|l1|h1|sun+mercury+venus+mars+jupiter+saturn+uranus+neptune+pluto+node+chiron|none,indep,False,log1p,l1,False,sun+mercury+venus+mars+jupiter+saturn+uranus+neptune+pluto+node+chiron,none,2,0.9002,82.5,0.9455
indep|cos|log1p|l1|h1|sun+mercury+venus+mars+jupiter+saturn+uranus+neptune+pluto+node+chiron|none,indep,False,log1p,l1,False,sun+mercury+venus+mars+jupiter+saturn+uranus+neptune+pluto+node+chiron,none,3,0.8970,82.1,0.9453
indep|cos|log1p|l1|h1|sun+mercury+venus+mars+jupiter+saturn+uranus+neptune+pluto+node+chiron|none,indep,False,log1p,l1,False,sun+mercury+venus+mars+jupiter+saturn+uranus+neptune+pluto+node+chiron,none,5,0.8930,82.1,0.9456
indep|cos|log1p|l1|h1|sun+mercury+venus+mars+jupiter+saturn+uranus+neptune+pluto+node+chiron|none,indep,False,log1p,l1,False,sun+mercury+venus+mars+jupiter+saturn+uranus+neptune+pluto+node+chiron,none,11,0.8940,81.7,0.9455
indep|cos|log1p|l1|h2|sun+mars+jupiter+saturn+uranus+neptune+pluto+node+chiron|none,indep,False,log1p,l1,True,sun+mars+jupiter+saturn+uranus+neptune+pluto+node+chiron,none,1,0.7957,75.3,0.9463
indep|cos|log1p|l1|h2|sun+mars+jupiter+saturn+uranus+neptune+pluto+node+chiron|none,indep,False,log1p,l1,True,sun+mars+jupiter+saturn+uranus+neptune+pluto+node+chiron,none,2,0.7999,75.3,0.9463
indep|cos|log1p|l1|h2|sun+mars+jupiter+saturn+uranus+neptune+pluto+node+chiron|none,indep,False,log1p,l1,True,sun+mars+jupiter+saturn+uranus+neptune+pluto+node+chiron,none,3,0.8049,74.9,0.9463
indep|cos|log1p|l1|h2|sun+mars+jupiter+saturn+uranus+neptune+pluto+node+chiron|none,indep,False,log1p,l1,True,sun+mars+jupiter+saturn+uranus+neptune+pluto+node+chiron,none,5,0.7991,73.7,0.9456
indep|cos|log1p|l1|h2|sun+mars+jupiter+saturn+uranus+neptune+pluto+node+chiron|none,indep,False,log1p,l1,True,sun+mars+jupiter+saturn+uranus+neptune+pluto+node+chiron,none,11,0.8119,75.7,0.9453
indep|cos|log1p|l1|h1|rec8|none,indep,False,log1p,l1,False,mars+jupiter+saturn+uranus+neptune+pluto+node+chiron,none,1,0.8988,83.3,0.9439
indep|cos|log1p|l1|h1|rec8|none,indep,False,log1p,l1,False,mars+jupiter+saturn+uranus+neptune+pluto+node+chiron,none,2,0.8980,83.7,0.9442
indep|cos|log1p|l1|h1|rec8|none,indep,False,log1p,l1,False,mars+jupiter+saturn+uranus+neptune+pluto+node+chiron,none,3,0.9104,84.1,0.9438
indep|cos|log1p|l1|h1|rec8|none,indep,False,log1p,l1,False,mars+jupiter+saturn+uranus+neptune+pluto+node+chiron,none,5,0.9007,83.3,0.9438
indep|cos|log1p|l1|h1|rec8|none,indep,False,log1p,l1,False,mars+jupiter+saturn+uranus+neptune+pluto+node+chiron,none,11,0.9023,84.1,0.9441
