Time,sun,mercury,venus,mars,jupiter,saturn,uranus,neptune,pluto,chiron,node
2004-01-01,260.2911761623269,248.2585059391392,293.72047357385617,349.3598147248745,148.78368846544797,79.60054387756084,309.97699643524845,291.59339607087907,240.40457617501414,268.40995635690393,29.184050561998866
2004-02-01,291.84784389815786,271.5787884526194,331.35439190007025,8.670085863801221,147.51561875287194,77.28347132698724,311.5044696110856,292.7221564636759,241.40045996725203,271.2995440459738,26.43810584242035
2004-03-01,321.13174437256765,318.88675912221623,5.123861023652342,27.185065229628073,144.2051778602075,76.20900855312641,313.15591189455364,293.79134833077677,241.98486722930235,273.6665031587506,23.367818854547558
2004-04-01,351.9826510169858,10.145023550551041,37.86290805382431,47.04462716269529,140.48681626490935,76.7397902591882,314.8223800484783,294.7130935570992,242.11619077477636,275.4085220245904,21.48247117942625
2004-05-01,21.330218296391084,1.0385070652916413,61.360052560637115,66.16385575452463,138.82025265423246,78.78484962084137,316.0378264663789,295.20860020235136,241.76397193718628,276.0179053831637,21.14765781106246
2004-06-01,51.2052232441031,32.56621974890316,61.87995745973709,85.78418327268292,139.90374092899108,82.03437589403049,316.6456870919759,295.21741292327357,241.052741335063,275.44977881772786,20.914238924001328
2004-07-01,79.85815775592894,94.09904158080651,49.55296466891349,104.68865229351248,143.31038988849468,85.78102541642834,316.50673136131604,294.76992752725295,240.27059713990926,273.9930831883151,19.34748088133482
2004-08-01,109.44317732099813,135.72891473180366,64.90938671159931,124.23430455617515,148.5384627681431,89.76472722535961,315.69562524323624,294.00068566905856,239.64436651345537,272.16631250179216,16.183163271671738
2004-09-01,139.2580832930098,125.6929634190632,94.12731503356495,143.9094644098711,154.7986443443388,93.34815415652763,314.50630609575086,293.1864327716532,239.42405264996106,270.7774535900314,13.265527547571804
2004-10-01,168.5225677086603,165.15052953604652,127.309026601168,163.18484148658402,161.25116162549864,95.92904192185351,313.4206969676328,292.62921942085325,239.69309246004084,270.39617579360817,12.083572773887273
2004-11-01,199.28322203236,215.36703876057385,164.0802365892686,183.44375819993732,167.73352028013161,97.17749281818043,312.7946494505932,292.50263097468786,240.43494156234712,271.18725901708507,11.986938243946893
2004-12-01,229.51545508651708,246.537356796384,200.9372147245943,203.4474177092222,173.1930597739192,96.7229353213294,312.91456049285364,292.8873113333716,241.46071922216134,272.95769598102135,11.279595371185295
2005-01-01,261.0504034554751,238.8399637225934,239.60050887723395,224.56870656853312,177.20954538297815,94.76582561686877,313.8061312516956,293.73780321298005,242.6167743159458,275.46607643189856,8.75363079552083
2005-02-01,292.6023825567908,283.5383765867216,278.4272112530312,246.15585578524474,178.73511381082596,92.2744939916574,315.28712779691455,294.86000712827615,243.61890381078575,278.20012116849523,5.527644530025143
2005-03-01,320.87213708681867,333.633045859216,313.4574544935228,266.03017979438823,177.5724141586231,90.65605235008827,316.86954336588207,295.8989515395461,244.20568397166727,280.45641404671767,3.319383298112047
2005-04-01,351.72561727035827,346.56146744482834,352.07072192742316,288.37009830913183,174.11780745139814,90.36450732199465,318.56615881532673,296.84668832975626,244.37818306028043,282.3036227063291,2.6833831023809824
2005-05-01,21.07668486508023,354.61294776538426,29.184926127348255,310.14303624660255,170.56101783906627,91.71104619621158,319.8511225316172,297.37962163889284,244.06380793821123,283.1246839568961,2.524692000227203
2005-06-01,50.95566625734137,48.621493802543824,67.2540378654489,332.4156423376719,168.82118943766167,94.45769761180873,320.55941125747717,297.43073707194884,243.37719180773686,282.8310157657625,1.618512678548436
2005-07-01,79.61062402015858,104.46510880682946,103.81931461672751,353.08703784162435,169.79997467453077,97.95544217308768,320.5235880977516,297.0167554235125,242.59671746880247,281.59658897324107,359.29195015245017
2005-08-01,109.19589803466278,116.85406678339281,141.2231938778079,12.331329924405026,173.24724932295743,101.92785232629954,319.7945142874977,296.2637856929982,241.94846565111266,279.84597504208125,356.139640993714
2005-09-01,139.00881805878214,124.08563459014249,177.99526080655968,27.161520086543053,178.46622904673094,105.75194583129124,318.63259496467805,295.4415147054792,241.68898637640362,278.329916575937,353.93907723625597
2005-10-01,168.26946332394465,178.4176895212219,212.54338594127148,33.2342211916113,184.53989047411451,108.80821286466077,317.5098526338267,294.8558223888927,241.91445999750144,277.6743985732516,353.495079956408
2005-11-01,199.02669295441953,222.27527908618924,246.00850731514666,26.942785602646246,191.25001865794192,110.76920271270106,316.7935284372713,294.6878985432165,242.61657206764136,278.11766839856944,353.43417927534404
2005-12-01,229.2559975279561,215.22097369352892,272.4660756365015,18.610368829616622,197.57169136312046,111.09383226205729,316.80605808970154,295.0328186145783,243.6172676987416,279.56890357731623,351.95418621507764
2006-01-01,260.79027018294926,246.26229355556208,279.97593787935875,21.058064789824357,203.2410168807774,109.7489630082016,317.5983938103604,295.85314973338126,244.76639750822594,281.81891330978095,348.5463032129905
2006-02-01,292.34380430436113,296.3615688627209,265.95172591704176,32.12878366931204,207.23117413321404,107.34882184648458,319.0147830515432,296.9630366189209,245.78209486509485,284.3962091219044,345.4873585341983
2006-03-01,320.6160372782972,336.6354447039991,276.90650870653405,45.737927711245824,208.70163138088577,105.31074444576348,320.57797542713416,298.00828154065056,246.3962118416602,286.61030078990007,344.28889146691284
2006-04-01,351.47577286643315,325.14448257211234,305.1177632330591,62.685220805453184,207.54517869801512,104.2460595489995,322.29879232884235,298.98073140208595,246.60852159438787,288.5240232633321,344.1932062054871
2006-05-01,20.83318251100463,2.850992817481227,337.6731484462546,80.02571835492358,204.24496024151478,104.83314957682406,323.64829482818806,299.55032508325735,246.3317638359954,289.51077171564,343.6023530912734
2006-06-01,50.717822562006326,66.21056818986885,13.321115221273605,98.47941157805748,200.58873264704673,106.96710904681201,324.4538401180864,299.64371801893566,245.67085832387184,289.4512729987369,341.42779712523895
2006-07-01,79.37542644881724,100.79892402332752,48.74880253519034,116.70730152279842,198.86497628781166,110.09662363163982,324.52164294446766,299.2642352410865,244.89413951533737,288.42850295273325,338.49567481427715
2006-08-01,108.95952554139383,91.5294973568538,86.03788070166996,135.91227643449523,199.83446164984377,113.93017173248785,323.8797746485877,298.5294448515316,244.22633146523526,286.78494689817387,336.22623967834386
2006-09-01,138.76743311187548,139.05671270917216,123.97208908869912,155.55208318249763,203.32364719771212,117.86259546912484,322.75421090634245,297.7013619488078,243.92958483161016,285.2037504769541,335.3175711247184
2006-10-01,168.0213089767947,188.87831617429015,161.19719455900358,175.0561249456922,208.44313198177278,121.26498021113241,321.60327375844423,297.08878377144725,244.11227621203855,284.3391036074304,335.1372015264847
2006-11-01,198.77081633048098,213.92329395599296,199.9811701801257,195.8100394611243,214.83588383047226,123.82583554918544,320.8026490221705,296.88014061706417,244.77431108086807,284.48847620617096,334.39272275019266
2006-12-01,228.99514495734607,210.30751918888905,237.63010686571502,216.53482548654858,221.46846942626584,124.89624284044953,320.7089110939985,297.1848150426362,245.74869542874126,285.65415262970185,332.0388623164867
2007-01-01,260.5272483030007,257.147876807189,276.5275287731105,238.63446320540126,228.14053967448953,124.28134458473137,321.39916842378403,297.97367533556434,246.8889921641284,287.6623810451335,328.6019915777
2007-02-01,292.0822626821954,308.50855103469354,315.2608871496675,261.39746135056,233.92178757122423,122.23418652451292,322.7457044870504,299.0695733002292,247.91616079283253,290.0831791866354,326.29871948372585
2007-03-01,320.35955398364007,307.7745137909524,349.858127912197,282.4436772140416,237.71516953039853,120.0097456220997,324.2842736462387,300.11966541568773,248.55591451251885,292.24244645361836,325.98341293114674
2007-04-01,351.2229745249654,325.6662860199685,27.33196764975493,306.10702089774765,239.58658185054333,118.29856367014169,326.02309399637045,301.11544950459654,248.80683585568744,294.1956289029949,325.95109375257505
2007-05-01,20.584022076885333,18.623780314300795,62.20717855807629,329.10405012320155,238.62692449404358,118.11573341225483,327.4321011814009,301.72102965532264,248.56763921622291,295.31338215320255,324.6191796912381
2007-06-01,50.47067256658297,73.74426677240476,95.60828588751073,352.5865789045473,235.31571337323248,119.55221450584483,328.3318894453844,301.85698004477524,247.93367273664788,295.4543795408104,321.4548551782544
2007-07-01,79.12904525720036,74.96979672105093,122.13953781087774,14.597088574361212,231.7222917177109,122.20581517513065,328.50382533511066,301.5132075841356,247.16267979712958,294.6284748721307,318.4920838711209
2007-08-01,108.711034444703,93.77278313483932,132.34199059699134,36.05198512143615,229.81259013061253,125.78124404627845,327.9541868054102,300.7985647524898,246.47743963117097,293.107773910391,317.04756845914847
2007-09-01,138.51466679039285,153.3120880102128,117.4543353795123,55.43298968476057,230.7402174405847,129.6976579726212,326.87352797031485,299.96663721233494,246.14492792234978,291.5047864154357,316.9043111418238
2007-10-01,167.7638474528671,193.50646029300748,124.90683030494682,70.95909514817515,234.13497010824685,133.3206023004093,325.7030308680455,299.32845122948777,246.2854474329997,290.48209729740415,316.5069959815164
2007-11-01,198.50937216376406,183.209747277413,152.0941971323206,81.00566238427282,239.5370618033045,136.35677208554327,324.82390129483565,299.07938110032086,246.90712001512475,290.3832974523701,314.6908820892755
2007-12-01,228.73183486541404,219.8073247782187,185.10969688087883,80.42449729705976,245.89747309491705,138.09416355954997,324.62516590865624,299.34325653402647,247.85422791657632,291.29433501501063,311.6392104562256
2008-01-01,260.26509848360723,268.9159841222192,221.9454497682119,69.5267144804517,252.958277338632,138.24291799588008,325.21082145976067,300.09946983658796,248.9841731625478,293.07838606029827,308.8852438765289
2008-02-01,291.82376797134873,302.4598907984366,259.86539256504733,63.91985969239641,259.8465325568121,136.74382464080108,326.4827379116321,301.17994510805045,250.02097351036304,295.34693093994025,307.68073158168676
2008-03-01,321.1077039099794,294.05077103119936,295.664567437369,68.92926165090029,265.5114285212405,134.49677802545523,328.04821242367194,302.26990679252,250.70177249138044,297.51557917812835,307.4669933111119
2008-04-01,351.9584553218418,337.5982261125907,333.97988900096084,80.76617756739348,270.00757709437244,132.35915815589732,329.79649958075123,303.2790656107475,250.97354590945346,299.4713797813208,306.66064927781446
2008-05-01,21.305647023446134,37.47913125451884,10.974571210393602,95.41280600420859,272.09073987300883,131.50595146857302,331.2473751086261,303.9059408130321,250.75663239360463,300.6663141823684,304.32148633017636
2008-06-01,51.18170842846142,60.151264517063076,49.09772965406914,112.30032231602445,271.3736446499589,132.2498302263421,332.2171052085911,304.06766090770634,250.14043089733858,300.946374748785,301.12495944119377
2008-07-01,79.83534055459737,58.28007389035951,85.95801062512416,129.71273498609506,268.2906656460361,134.37857166596362,332.4689666409687,303.7459659875409,249.37538712902,300.27233505502204,298.9583020540996
2008-08-01,109.42080318718,112.39353033741713,124.06513077099268,148.55875123270883,264.4890747902431,137.61508835283087,331.9929268839207,303.0441771692833,248.68204536498328,298.8643938983974,298.34363364157196
2008-09-01,139.23442487668103,164.3446408536455,162.13348579601828,168.20723758506585,262.42318324635363,141.4111083604176,330.9518854025486,302.2105734920997,248.32934918828545,297.27395888470585,298.2957180609379
2008-10-01,168.49587802625192,179.54955946976864,198.81617731620202,188.00277286761067,263.205743313025,145.1301186276083,329.77202479538215,301.5574632795058,248.44435407061863,296.1557115470124,297.09042360625216
2008-11-01,199.2543946959714,184.76059620944554,236.42097744827197,209.3023848234789,266.7318014721067,148.4915426223815,328.8370775893001,301.2844631390225,249.0400877324195,295.880566659742,293.95402305764344
2008-12-01,229.4858338686951,232.7170369889133,272.22103746219324,230.7436502557664,272.08866739305034,150.75212488360708,328.5595268238943,301.52399406445517,249.96778237340268,296.59590295306225,290.80425965768484
2009-01-01,261.02278740774716,279.9260600126182,307.6087268585186,253.70980002460144,278.8516996792976,151.5794063176533,329.0641628235633,302.26049541709386,251.08731453896914,298.196352172148,289.2788508738066
2009-02-01,292.5781201444481,271.56049618829945,338.42069111929015,277.36697325790635,286.1359299614331,150.69155216795224,330.27598675170395,303.33118430843115,252.1252434057907,300.32895083542473,289.07490280664877
2009-03-01,320.8501035763443,298.7130419071917,354.7271966494407,299.13830988489804,292.5987774721359,148.7724143847448,331.75789747840196,304.3860232583501,252.79955365606853,302.3578928649194,288.6575109471248
2009-04-01,351.70576165828413,353.13381913625216,344.19397689027335,323.4002518912986,299.00459296706697,146.3979143654671,333.51382450826947,305.41633581888095,253.10731175319947,304.3235787741892,286.7322455504052
2009-05-01,21.05787456034798,40.10996446266371,342.33919215631875,346.7077540116416,303.7934458263547,144.92842737511938,335.0151863258969,306.07783309096567,252.92688009770072,305.6049711094891,283.87261813724444
2009-06-01,50.93781484213956,32.75289383221278,5.1971757055998475,10.265091543210168,306.52064707492985,144.92452302554295,336.07277021458134,306.2818951623264,252.338480462297,306.03515864982177,281.3794061859193
2009-07-01,79.59394492772472,65.2870818196822,35.63124886599478,32.25749121675703,306.4047357689443,146.42698516317495,336.4278685246428,305.99717935740995,251.58174408338436,305.52559677585606,280.200522319182
2009-08-01,109.17970373988639,127.357870978169,70.30938228120458,53.88037523056295,303.5685567005021,149.2110375379522,336.05065170895864,305.3181246846192,250.8744664024295,304.2452906873258,280.0317721625532
2009-09-01,138.99165739011525,164.53266244409573,106.75634817423146,74.07788165238576,299.6352148559469,152.77957712626286,335.0682774398331,304.4837685631238,250.4891310901797,302.6806953582992,279.59121365086685
2009-10-01,168.24994689128812,151.737240820514,143.1939268939859,91.7978201312942,297.19458612811496,156.50024449059913,333.8844655218606,303.8074151049532,250.56374627131524,301.4730870929063,277.55550350528887
2009-11-01,199.00233638643428,196.5782681540905,181.6524952266498,107.2282882844423,297.5866406820916,160.10016312761775,332.8830543305374,303.49499875368133,251.11933998592062,301.01941922489027,274.09457279634063
2009-12-01,229.22756444455825,243.51517792273143,219.2730014690472,117.30446575200608,300.7819602220264,162.82117429980465,332.5044080252351,303.6930609911737,252.01843081998578,301.5320078812179,271.58447775224363
2010-01-01,260.75873994464126,268.26707555538525,258.27726080312243,118.53683748192753,306.2582789370503,164.31596950435923,332.90094735789614,304.394890633673,253.12497842026875,302.94189293151334,270.879930221223
2010-02-01,292.3117791454358,268.11089111611824,297.248060964567,108.52589543818257,313.0896265104419,164.13122470258696,334.0297299763864,305.4473996505407,254.16922304862194,304.93609465220334,270.78540927669144
2010-03-01,320.58679960246405,309.69110540341916,332.2917997530693,100.62720718082784,319.7845370158685,162.63715866871925,335.47233687483015,306.5031782339085,254.86448539478081,306.89975452657217,269.69025703215664
2010-04-01,351.4471665875681,8.13332127109486,10.74083243772622,102.71329982489621,327.15850218482507,160.26479813482024,337.2297369545653,307.5531590250791,255.2068817801422,308.8656359285776,266.6441200791739
2010-05-01,20.80514887415191,16.246749877226424,47.43414508300052,112.50033889604292,333.6775485807228,158.33720772926242,338.77631585503525,308.2483989262001,255.06248591320733,310.21790910823177,263.5867669137126
2010-06-01,50.68931753104728,26.8372090548621,84.63484921325865,126.83151361204747,339.1188420757821,157.62763514596614,339.9179999945672,308.4947469990382,254.50255704817843,310.7795979181468,262.0084372151413
2010-07-01,79.34700824824479,82.99032916363609,119.61234966329611,143.01127773042228,342.41618317996677,158.4641086844584,340.3754669041919,308.2478280253535,253.75565017274758,310.4207944348603,261.73318116326215
2010-08-01,108.9314967809877,135.62544976153538,153.87435864484033,161.3222405735344,343.05905904655873,160.71706251626028,340.10031414921593,307.59313622839477,253.03634940862395,309.2667610122429,261.3849184914673
2010-09-01,138.74037781539036,142.62970571630606,183.99439002976968,180.92249050923425,340.7184520954008,163.9651537031367,339.18388290565974,306.75986497405694,252.61998400680653,307.7428288387982,259.7954432282942
2010-10-01,167.99468145296527,156.02207455205874,202.1628565699731,200.99613151550147,336.8554994093339,167.58979756807886,338.0047844952174,306.0616244763673,252.6551022927446,306.4704463001563,257.0002912768703
2010-11-01,198.74341790296452,208.36486455134977,193.21186843997256,222.81676227375726,333.78829703598245,171.31960751551347,336.9438168713907,305.7102509105703,253.17066336067722,305.8647732346137,254.17652859635112
2010-12-01,228.96571351309913,250.30101567527421,190.41095022204453,244.89481203793488,333.5607842023613,174.3932145247422,336.4666500086804,305.86643925098474,254.04056985465022,306.1953256822024,252.72855364394113
2011-01-01,260.4967434108286,239.7619026881397,213.8297128864792,268.54278699900027,336.40278733421275,176.46624712183961,336.75357434524255,306.532560134218,255.13299669190656,307.4287884315979,252.55419010740056
2011-02-01,292.05242338652,276.04523840053423,246.67592781822708,292.77693046643225,341.6345572885122,176.9740204923833,337.7950915150876,307.56551490751633,256.1819758684144,309.2912832691496,252.0843162576598
2011-03-01,320.32997496637745,323.9566784544475,279.06118118362474,314.87907485190203,347.6493783149235,176.0105737386443,339.1932365506011,308.6207503170009,256.8965731665762,311.18928125455255,250.0838857295938
2011-04-01,351.1967275483371,3.978033600514391,316.0473369991328,339.2330908899227,354.9997588249393,173.85532053806796,340.9461952304134,309.68895080551164,257.27210193968045,313.1485536303913,246.56623740731214
2011-05-01,20.56003217876459,355.24362050824965,352.28535491871315,2.364209687552055,2.1983633464696677,171.66062296071547,342.5325450283543,310.4168330052952,257.1630013202818,314.55940498144133,243.99892802583747
2011-06-01,50.448435117183266,37.12890821520832,29.91966600268129,25.55468824156235,9.139138591605562,170.33663453216707,343.7539620175591,310.7049786580363,256.631852264448,315.2368763511756,243.19295927746208
2011-07-01,79.10674454074399,98.53427397158104,66.49998543678471,47.15269980208073,14.784393891992522,170.5008554228195,344.31207699444303,310.49630849179925,255.89615308151278,315.01623154958986,243.23957965614682
2011-08-01,108.68913069791915,130.85962410829825,104.55009520343863,68.50681668976289,18.786256649309014,172.16359754982878,344.1411516475735,309.86734320096167,255.16684687734462,313.9851308718293,242.28414299312112
2011-09-01,138.4933291828014,120.57212834860647,142.88067218555554,88.79857499910146,20.122546269286463,175.0101868697401,343.2972740997703,309.0370679241527,254.7214103773459,312.5122404611823,239.6296772161972
2011-10-01,167.74232682667076,169.8326541425443,180.14514782098973,107.26827966318896,18.46281832653223,178.45093687931845,342.13166190355906,308.3185939740701,254.7182718437242,311.19479828661997,236.5791787588403
2011-11-01,198.4872095140826,218.12420369361277,218.69246852102563,124.76274369185705,14.593881364962682,182.2117723539251,341.01893189872425,307.9291751599402,255.1942054360558,310.45972740259003,234.62937620528692
2011-12-01,228.70766436272908,235.41539311234075,255.94190915475144,139.32115202339602,11.154790862959642,185.5363937833553,340.4467002806079,308.04332217935104,256.03442136578013,310.62629934867664,234.07886627849908
2012-01-01,260.2380302003837,240.27534868427446,294.20629250515987,150.0033574694357,10.210100519391483,188.0907314821179,340.6230396957559,308.67268676229827,257.1114524653511,311.6957971005066,233.7404121494929
2012-02-01,291.79404969511774,287.63599208964706,331.7670571463318,152.40196366024506,12.469014034452433,189.24389905665612,341.5729613811994,309.6844302089917,258.163415885573,313.43250290673524,232.20308329650393
2012-03-01,321.0775905621209,338.43527311803393,5.394003365753422,144.34805717217074,16.88890775357828,188.82369016962156,342.97515190838254,310.775090916008,258.91619670607895,315.3312250666883,229.25379245101087
2012-04-01,351.9296394093808,334.01460464104883,37.77067801589325,134.46584805170073,23.18998249262566,187.0230062740542,344.7202924721198,311.8532140033969,259.30802224288254,317.26970200301525,226.41984359750225
2012-05-01,21.279534369693252,357.37929726764173,60.2402527640156,135.1673306341575,30.088913995872396,184.76242046597594,346.33318910238484,312.6000731788536,259.2185866683558,318.71028563816634,225.05377502580245
2012-06-01,51.157472212392705,57.33780972531385,58.311944114756756,144.7061794317052,37.40671557006411,182.99015736475903,347.6128221521428,312.91325004310664,258.70536247794547,319.46367198457034,224.84080169685015
2012-07-01,79.81232697680083,105.55096042424647,47.53281948871617,158.70654459994591,44.131212549448115,182.5586168318377,348.2472569506875,312.7280110819187,257.9785786859752,319.34252315284266,224.4918973668096
2012-08-01,109.39751014335764,103.40714939192044,64.54092227400486,176.07704728246773,50.117040285064,183.6409190612956,348.15796821231237,312.11524628723953,257.2461007867671,318.4081054680733,222.6226747472713
2012-09-01,139.21056730359703,130.52631933288822,94.29473584086824,195.48525907723229,54.39911159591666,186.05330119699954,347.37401192412284,311.2874400762926,256.78548576442915,316.9857208485741,219.27996341764526
2012-10-01,168.4723050283418,183.78849931710758,127.68266256348062,215.79611783623915,56.1263797286036,189.25222139198507,346.22411007646764,310.55720351206986,256.7603803923721,315.64870502187125,216.67112670427622
2012-11-01,199.23046409185633,222.20000433310787,164.55346833188386,238.10122963952568,54.853429535536705,192.9599943838046,345.0765832945858,310.1451296410735,257.21196538251024,314.82760893950393,215.78848946433803
2012-12-01,229.4615427443403,209.5880987667654,201.45738561103795,260.7169833925745,51.27070939120454,196.430415288664,344.43401568822145,310.2340783042525,258.0322637325359,314.8750625078169,215.794986651202
2013-01-01,260.9962028787888,251.16857587835332,240.14467898009565,284.82945628310574,47.483091739007875,199.33962211409067,344.5255141409188,310.8411530988805,259.0964135674383,315.8184229067085,214.69954807799434
2013-02-01,292.5481013978997,302.5559885980577,278.9841546846275,309.29789528899494,46.089736375108835,201.0238236590643,345.4029796655029,311.8396046359546,260.14559535613944,317.4521420083739,211.86555192430458
2013-03-01,320.81798665730827,326.7847322732564,314.0207155550902,331.3497472133832,47.55929964740081,201.18069886830617,346.7100709384672,312.89067485831947,260.884419871646,319.2249122339757,208.88466679300328
2013-04-01,351.6714870440515,323.89756217383183,352.6355757615415,355.36351194069164,51.685251674785135,199.87994063822532,348.43973689233354,313.98443390431663,261.30703672777867,321.15001442777606,207.06499258224383
2013-05-01,21.023522469159555,9.457965888094343,29.74628526781463,17.958896172589323,57.34445952923956,197.72737533347032,350.0825010488467,314.7622087624828,261.25182769917944,322.6340535246835,206.63367973034136
2013-06-01,50.90441902471114,71.6634872264282,67.8049032275321,40.50614787486024,64.12706940823975,195.62219944530023,351.433976356692,315.1166935954752,260.76803255964586,323.4820989833767,206.40412302141283
2013-07-01,79.56162454368638,91.95675868433523,104.34813947148824,61.52057188994493,70.99093170456841,194.60575619326102,352.1656661956906,314.97069972777575,260.0546399623258,323.4800421637178,205.2242507414735
2013-08-01,109.1482039318926,89.77167384786827,141.70752052977022,82.43288723142646,77.83683994831345,195.04669071811966,352.183841570763,314.3861119633876,259.31534142781,322.6602192544923,202.6562922641058
2013-09-01,138.96061790955812,146.11587631927358,178.3987937129518,102.56844841047224,83.8336336322564,196.93691430356782,351.48336159624023,313.56442167135503,258.82876227056414,321.2990393835796,199.58507747301647
2013-10-01,168.21905457124166,192.30407831828654,212.80210300727984,121.30555180141009,88.13883710039173,199.80867401801757,350.36217720532784,312.8165959717852,258.76758316089297,319.9422636763984,197.83604523129233
2013-11-01,198.9730588678958,199.77030713137935,245.93869158112557,139.7662126721392,90.20335233050201,203.38464106928555,349.17720636659044,312.3678782609356,259.1804897407152,319.023906348742,197.51489414863897
2013-12-01,229.19988645319592,214.263759589039,271.50541287015227,156.42367693179926,89.28812264049172,206.93554720015055,348.4468057789454,312.4146260084879,259.9707623591407,318.9353566691869,197.25144209892107
2014-01-01,260.73332174837407,262.6344248169569,276.435423732036,171.60961525892915,85.79412713062422,210.1469465847483,348.42700578438007,312.98347942007973,261.01812437307524,319.735905850238,195.20542030341628
2014-02-01,292.2876588694613,310.5804088590032,263.30709502498814,183.037075547044,81.91958986869761,212.33757666755739,349.2062456440955,313.95853744900666,262.06809065238616,321.25628974951366,191.60673333196272
2014-03-01,320.56095317673004,297.9488931642922,276.21914554430674,187.27441830421833,80.22425474284174,213.06002394151926,350.45488336302014,315.00520453440356,262.8223784644959,322.96735786187327,189.115817428534
2014-04-01,351.421717780486,329.68210892087507,305.1607518251141,181.42817231057498,81.2574554151727,212.3323862357119,352.1634034323474,316.1132062513357,263.2744267301832,324.87667966009406,188.1169395010339
2014-05-01,20.779842515973453,27.064642244627958,337.9764238674955,171.02824320619814,84.78288655526869,210.45046024383709,353.8302987333956,316.92077754522086,263.2526804743899,326.3982978378773,188.11096985262012
2014-06-01,50.66558969023823,71.52907407888262,13.74824600946118,169.7135511067899,90.2073423283956,208.18764559082894,355.24866417209034,317.3159511759561,262.7984744095354,327.3324576637742,187.21587796357056
2014-07-01,79.32473352982228,64.11915711784133,49.241246421859,178.29307605438183,96.45067516539115,206.6808709165995,356.07483831773766,317.2095394624744,262.0997163879459,327.4416959828176,184.79996130069242
2014-08-01,108.91062002547145,100.87230213629653,86.57246910816023,193.1588207639748,103.30517536814557,206.49102163436402,356.20119956581607,316.6545298695795,261.35562899609397,326.73293794493276,181.6915015186022
2014-09-01,138.71946328860724,158.61601162116818,124.53237967459206,211.6278934535849,110.00024596451351,207.81599518538124,355.5896599041129,315.84113312769523,260.8451896104807,325.4372575235145,179.6854111246977
2014-10-01,167.97259083867397,191.48267664862266,161.7680834454585,231.76791773109815,115.74751449653944,210.2970004653952,354.5059283297022,315.0777826054261,260.74939714080847,324.07147878925235,179.03614377018337
2014-11-01,198.71985797957154,180.1758974973284,200.5509690950918,254.22588925600948,120.20331899026,213.66630029267392,353.29268523136375,314.5938143572551,261.1242714431546,323.0695755138231,178.8753977675207
2014-12-01,228.94132361834468,225.09188794362765,238.1926465041991,277.0287028497843,122.27206504888217,217.2196583301861,352.4798311329106,314.598590074462,261.8842681930342,322.85660095434207,177.84783670865448
2015-01-01,260.4714856902877,274.18048920532135,277.0800066105383,301.1739319916767,121.45330887542043,220.6482089312178,352.34935821174827,315.12843325960773,262.9138344339687,323.5226389023045,175.1222404676136
2015-02-01,292.0264181111403,287.68049259055044,315.79720736387935,325.40494438904244,118.06087109417787,223.2665734804929,353.0268992555926,316.0786004023003,263.96312551685264,324.93403042563006,171.6734925473236
2015-03-01,320.3047618660417,294.02575669177344,350.36597035121287,347.0063692476428,114.52784273733596,224.51402741051203,354.2121606088519,317.1193914317453,264.7315384410463,326.5844553367251,170.09087596016093
2015-04-01,351.1698760967222,342.421559002442,27.778368048273354,10.332426712106846,112.40105116287219,224.3923031718977,355.8929754785356,318.23999653070746,265.2117468858547,328.47592380843395,169.73463310317933
2015-05-01,20.53197851407145,40.315934952542236,62.53376512038789,32.17939115736795,113.11387481724545,222.9096356688554,357.5782977794908,319.0762469498944,265.22292369962906,330.0304918767389,169.5484346307072
2015-06-01,50.419144405888815,47.69491627663706,95.6579691498748,53.980213476164366,116.42162006539631,220.6655951900594,359.0585589419358,319.511772748278,264.7987619222938,331.04427099997696,167.87667264867724
2015-07-01,79.077984072306,58.19472265882007,121.46642635316277,74.38732952753682,121.38260769695567,218.7903883893445,359.97657671235095,319.44561119333116,264.1159397079207,331.2589009840648,164.84505016984684
2015-08-01,108.66091147770896,118.05910349693698,129.49723262839086,94.86356585201713,127.5965036889153,218.0070499329175,0.21205511032114444,318.92189478352526,263.36891068912473,330.6587009002326,161.94797881865887
2015-09-01,138.46576825443861,165.3550484127147,114.58309924098467,114.8252174016098,134.2879981814384,218.73830870291218,359.694923323313,318.1190036399764,262.83630846416474,329.43204451681186,160.81521296095727
2015-10-01,167.7156593332976,165.84978117304775,124.18653114005568,133.72291454019054,140.66509755298517,220.77187358198535,358.65723006422,317.3420118905789,262.7070240093181,328.06592163793033,160.71247556827052
2015-11-01,198.460352511237,188.4025332631245,152.1453240362279,152.82097293897976,146.53061091719547,223.86505644972613,357.4247688335095,316.82385418385405,263.04429247361986,326.9914961371656,160.03065279853126
2015-12-01,228.6806617902206,236.40439872374756,185.4298221625912,170.78877556446514,150.79070331395778,227.34884156245639,356.5349880476577,316.78672788911814,263.7738271197853,326.6636061527371,157.79473656109278
2016-01-01,260.211051028127,279.34896521678746,222.38399123490214,188.55331965675933,152.88499311645754,230.9162471865378,356.29468795720635,317.2767729841828,264.7848273253005,327.2020832924266,154.59950335708973
2016-02-01,291.7678055980636,267.0882011138595,260.36017245465547,204.93021560598228,152.02104673065506,233.8853663629703,356.8674563856893,318.2007666281237,265.8323253538856,328.5084479535613,152.3120744054207
2016-03-01,321.05184470366817,303.3567246123742,296.18926385391194,217.96286079391245,148.9246466505878,235.64650996004627,358.0325670684339,319.2722105046085,266.6365348654284,330.1597295989892,151.56488071198027
2016-04-01,351.90383207502373,0.9339188710028383,334.52526871479245,227.15278235351875,145.09167421865558,236.0801628921633,359.6884883745447,320.3996450713317,267.12949325613687,332.02996922470817,151.3338387320737
2016-05-01,21.252551455211677,32.98115928357055,11.5327976514944,227.39254026927898,143.06975956790785,235.04450442555947,1.3844045512578247,321.2526126977669,267.1579392909168,333.60106436868443,150.22650925624015
2016-06-01,51.12938268677,27.689762055792684,49.66253101024942,218.0298264613492,143.75298846033002,232.96283954882085,2.9094341547240865,321.7123715600574,266.75136958081515,334.66706044516116,147.71332481341884
2016-07-01,79.7830993661386,72.95027402542723,86.52232352779542,212.7868137152056,146.85461668383365,230.87513993018212,3.896702703198123,321.6708472052142,266.07960280024895,334.95590964668094,144.74569518560065
2016-08-01,109.36849477074335,132.35505590976558,124.61983938564629,219.24973224784134,151.8744583583746,229.6052335239154,4.2167187199061384,321.1666533625724,265.3335171729856,334.43628293386155,142.7602544703722
2016-09-01,139.182718240443,158.5982374669566,162.66705559150685,233.92969472374384,158.02471455160995,229.78283022295363,3.775210250802753,320.37079224977623,264.79053091175484,333.26553479732587,142.42021012674553
2016-10-01,168.44534642344524,151.0398161726243,199.31605343512626,252.45265630447216,164.45473829271145,231.36316438196155,2.777856555486814,319.5862191502432,264.64328385845505,331.9068126134513,142.3469046417962
2016-11-01,199.2048923534324,202.23990805152957,236.8654281252181,274.0668623394551,171.0006919715441,234.1457650164846,1.5361902392740199,319.04803401398476,264.95883477207224,330.7865278741533,140.62391710693964
2016-12-01,229.43620575772675,247.78440549443332,272.569051841949,296.2325591311625,176.61573341326056,237.50536813765922,0.5912845638123464,318.98609668319824,265.6691820185955,330.3784340916017,137.31974160858624
2017-01-01,260.971807062913,252.41246784953606,307.7399741665724,319.60868938701213,180.90488128188284,241.1338474308807,0.2681550770061197,319.4523751954039,266.6662974539968,330.82366758676403,134.2227116594929
2017-02-01,292.52531155352364,271.2382325872193,337.96645442684485,342.88744254468565,182.80978929974538,244.35701645594395,0.7594354247393225,320.3603548528496,267.7084719899741,332.0497990001544,133.1507444020375
2017-03-01,320.7960047398328,316.0325711695577,352.6847232024683,3.521499697809542,182.0071971283738,246.460306279672,1.821681162107933,321.38894947480634,268.4930412546701,333.59186776654195,133.07519050210468
2017-04-01,351.6520204186143,10.47568716871577,340.46796120328037,25.761412263512526,178.7757855465293,247.48038249461015,3.439377600904344,322.52649220159657,269.01196377804513,335.44361435791285,132.38334018315305
2017-05-01,21.005471472662844,4.158300128029414,341.1158063588312,46.63568799044252,175.1099809345934,246.98718763704414,5.143494704225415,323.406351564964,269.0718855251305,337.0428238482981,130.2327992359728
2017-06-01,50.88685559377041,30.30883335954977,5.07512390125074,67.5858869376103,173.01631327827374,245.2185415215651,6.721430661184717,323.9055947555474,268.6951238086043,338.18013225158563,127.29056023925477
2017-07-01,79.54337549460729,91.04558120171424,35.87256034080388,87.3630149716178,173.62101139517372,243.045579275815,7.794990181366176,323.9048780096436,268.0405700469528,338.56577117588785,125.00122393158405
2017-08-01,109.12872562326109,136.14835149417442,70.71406005862727,107.4181856881406,176.7654763881863,241.33555775462207,8.224025895444754,323.43411374381884,267.29405669365303,338.1497088990463,124.02139040142337
2017-09-01,138.9401514497463,129.209428799066,107.24524766787643,127.21999708716882,181.78942145094769,240.92058987423977,7.884782564534103,322.6520943733183,266.731844170384,337.0514211540981,123.87986976217042
2017-10-01,168.19871294258937,162.3688206375705,143.72810608385683,146.2481859018918,187.76832834278707,241.96915857549672,6.948087082334929,321.85721346748835,266.5534464204774,335.70411265366687,123.11887487278318
2017-11-01,198.95259566849418,213.34999060922055,182.21057971537098,165.84047742080654,194.4686148909807,244.35358233033352,5.704419970892955,321.287224154757,266.8327397972518,334.52774789964093,120.64259119100728
2017-12-01,229.17951132450872,248.73345047137977,219.84062957760653,184.74659006276022,200.86654966235608,247.51453916916896,4.6944579554884704,321.1839770484645,267.5126719816683,334.0194667066488,117.29380883432246
2018-01-01,260.71155235238405,238.1341329998204,258.8475865717778,204.17321910737638,206.7135822159032,251.14293956301324,4.264981623855735,321.60942617534084,268.4901167267543,334.3483643462844,115.01324173369171
2018-02-01,292.26399459675946,281.17930865426086,297.81662217310543,223.35017556791814,210.99617125684074,254.57675225695587,4.646923159743821,322.489046774636,269.52855356852615,335.47623492673745,114.62359695413555
2018-03-01,320.5378173217016,330.88868656778567,332.8540363371107,240.2404021791658,212.82203343292306,257.04306688238484,5.632869711278488,323.50802152208155,270.3239171931081,336.9615623037317,114.538495492939
2018-04-01,351.39708309426106,351.84020337789985,11.287926681708814,258.0106362074417,212.07627323502368,258.6139729450465,7.205995746709629,324.6542019277884,270.8675888272242,338.79383188936777,112.9509935628388
2018-05-01,20.754954759723365,353.95171794274745,47.953221832921656,273.36148352814814,208.9994423734802,258.6932759592255,8.912221015112705,325.55978384228223,270.95830458753414,340.4189355613303,109.87730043926808
2018-06-01,50.63965469097634,45.01497514377024,85.09955526518168,285.1886935250237,205.23238382404853,257.35564051180256,10.537670955630217,326.09804264992107,270.6114596822976,341.62442781676174,106.88677089787492
2018-07-01,79.29773376989665,103.0540725311325,119.97583157867213,288.7718394756446,203.16048227316074,255.25328968510192,11.694087774678978,326.13856579366984,269.97497742781803,342.1039960228043,105.6589983596529
2018-08-01,108.88158200245579,121.49352189742747,154.02005603284414,282.39723653129744,203.73628190975074,253.22181753943124,12.231794432776224,325.70268168770906,269.2294505177745,341.7905623132082,105.56441248324683
2018-09-01,138.68885661018223,122.00712449084332,183.59591925413275,278.45870050565907,206.92020898826837,252.24775406789666,11.998862241999749,324.9365639395652,268.64945196708345,340.7673389089513,105.05594515373302
2018-10-01,167.9417065916973,175.9506467261345,200.17631586254532,285.8277328417002,211.8524927457721,252.73505915447078,11.130793276154526,324.1333191749938,268.4409496353017,339.43723083133506,103.22606366712918
2018-11-01,198.6901333564139,221.2801892635666,189.3090139338873,301.13447087424834,218.15425478588602,254.66155662567584,9.894910791033832,323.53274371471537,268.6844506400436,338.2118748624335,100.30894579494709
2018-12-01,228.9140259832969,219.64948006694735,189.04505753099713,319.4777046802891,224.78875125436963,257.5579567274815,8.827074820756998,323.3883955587713,269.33388318140584,337.6091656526415,97.71546418727418
2019-01-01,260.4475488888201,244.267488297884,213.6675084017429,339.95190489967314,231.55549264226516,261.11707150532334,8.293739977645501,323.77235708273616,270.291134013087,337.82557335645413,96.53690918560456
2019-02-01,292.00517308182884,293.70787147113987,246.908549342046,0.9127764569398128,237.53545974033,264.69199257984366,8.564300811799956,324.6224787846226,271.32493785850255,338.857284218566,96.47375641631916
2019-03-01,320.2834201363877,337.91944232155305,279.44432162725366,19.820364494483567,241.60896730613717,267.4620055314863,9.469567505765488,325.63049995256125,272.1299708680642,340.2863931196316,95.71187116776625
2019-04-01,351.1494604138874,326.47133198416753,316.51420838818234,40.49986208123049,243.89559118885512,269.53748605356014,10.99219905228317,326.78390584672314,272.6971923089264,342.098729008904,93.31374822598119
2019-05-01,20.51182470853865,0.4156941669350021,352.79676140621666,60.186435762778046,243.36212550058588,270.1942761166628,12.694563129898327,327.7140141460322,272.8178058541492,343.7480826761298,90.10149274915534
2019-06-01,50.39967380262457,63.23765918440074,30.45944738844248,80.2151731124023,240.31014950385514,269.3755450759972,14.361985148354698,328.2905531949755,272.50058689723267,345.01921991068485,87.8136485033338
2019-07-01,79.05786157088028,102.53262764361938,67.0583643604387,99.37440075796542,236.61985166228632,267.49275430033964,15.59732059577182,328.37239685677883,271.8827362847339,345.5903198996203,87.29755525882408
2019-08-01,108.6398336508379,93.62651811010919,105.11975510608927,119.05837936206106,234.33536994854305,265.2811809216719,16.242419914630275,327.97242274135243,271.1394405243313,345.3786215345729,87.24686053944332
2019-09-01,138.44279642808905,135.93931402177427,143.45092434655493,138.75575745747346,234.84373924435698,263.8104720806078,16.118781572146418,327.22405157952676,270.5431986964483,344.4327360931573,85.9436192224164
2019-10-01,167.6899152101833,187.02052236173674,180.70535463251244,157.94608887680573,237.92244622163358,263.72299918307715,15.326690357826337,326.4144522641307,270.30586018130833,343.12511168066675,83.09399358916272
2019-11-01,198.43336762803222,217.257820379848,219.23501934945617,178.00657792019572,243.11926730373128,265.13666436784655,14.108593516896969,325.7848531753425,270.51433720780295,341.8574050628282,79.97811480284201
2019-12-01,228.6540071752405,209.031673375199,256.4619960506049,197.7058863625621,249.38812305096351,267.7021062257623,12.991000179725365,325.5999101908691,271.1332841085567,341.1655202194607,78.35947168510724
2020-01-01,260.1868970888338,254.83905132225823,294.6899483113124,218.38851595139596,256.4532061384093,271.12112269953894,12.357462775675033,325.9418784752198,272.06968523810446,341.2727070909813,78.05045666234918
2020-02-01,291.74668356424655,306.4737455343784,332.1774173999228,239.40189828162013,263.4440767307516,274.7675236387867,12.51512408205854,326.7611677287198,273.09767236674617,342.20950848660556,77.46740763192373
2020-03-01,321.0330040307009,311.9933294716521,5.655320888884353,259.32874549891994,269.30233856216034,277.8785059416887,13.374817870832,327.79445753421226,273.93613620677905,343.6375433445302,75.45971820769086
2020-04-01,351.8865529378989,325.5993323765237,37.64200093662727,280.8310438247853,274.1231205946057,280.3698956519719,14.854955630273047,328.95130274992994,274.51265635448874,345.43252472771286,72.39615828725756
2020-05-01,21.236099242374934,17.260901343838512,58.988915032187485,301.6420230930134,276.6345508446897,281.54481269025143,16.5506741759965,329.8955086800922,274.647748300197,347.0969564009166,69.93176011613822
2020-06-01,51.11297210949336,74.36307965963844,54.65837572156073,322.69212270037417,276.39975497821075,281.2556672096158,18.247250702151106,330.4948819667532,274.3467578122568,348.4139966560212,68.8691248705499
2020-07-01,79.76678552614429,79.17609929878601,45.709937138157,341.7208567763937,273.6184919206159,279.69328660403295,19.541635121182892,330.6019853986897,273.74071013935236,349.05128080586655,68.77701158376755
2020-08-01,109.35113937328518,93.08222001586489,64.2355993323126,358.0953754005349,269.74298389550916,277.45429139681625,20.269574478796685,330.2244534129767,273.0011133382627,348.9149419696968,68.27410622562431
2020-09-01,139.16298274741774,152.49141120239776,94.48431469993493,7.288777304208904,267.2774496089232,275.60833274159177,20.232740974183496,329.4877325321316,272.39823729865776,348.0284758281573,65.99456077608966
2020-10-01,168.42281148586977,194.10182599306904,128.06703863332126,4.567973164910922,267.61019828231736,274.9989150278202,19.503973594608468,328.67509653327824,272.1463284161783,346.74117067985827,62.66672576589361
2020-11-01,199.17854257430724,186.0358704673809,165.0332277014681,355.93830855417235,270.769201163058,275.90074787374704,18.305855270017588,328.0286538139511,272.33546051101195,345.4464575784025,60.08828265885767
2020-12-01,229.40794499866522,219.14503107883948,201.98157878504654,356.8122521309386,275.90015876801965,278.1059641302843,17.155176716895102,327.8196461073156,272.9360592260338,344.69197854210915,59.54636147534677
2021-01-01,260.94281770344116,268.18304408907346,240.6909581666924,7.227721222976252,282.5506899417264,281.3352946541538,16.44720866433677,328.1363497790191,273.85786193352436,344.7203089801605,59.509803762700955
2021-02-01,292.49733510977126,305.82545876011545,279.54304141255716,22.46857500295669,289.82953939508985,284.9869999205435,16.51751083400949,328.93664202382774,274.8784933553268,345.5872829150133,58.008226230752435
2021-03-01,320.7709875551815,294.1176655953935,314.58748873851107,38.1208742038184,296.3752839134978,288.1717998618692,17.26992167600035,329.92406447031595,275.69270510974115,346.91804639427284,55.3065821618254
2021-04-01,351.62781640151957,334.9973564961762,353.20590926682274,56.39339702360423,302.9767192253395,291.0624582349288,18.68826400936439,331.08538631843766,276.2906555891912,348.6927787832007,52.201841742794265
2021-05-01,20.981388687043356,34.7548266262492,30.313163327798396,74.51068717710908,308.07427476526914,292.77667309029573,20.368791668612538,332.0520411349201,276.454126520905,350.3803100111471,50.694352133326454
2021-06-01,50.861814414714,64.12145317291387,68.35898731805179,93.45767095862065,311.2511644048377,293.09860385801517,22.097116905534005,332.6885756544998,276.1822235527457,351.76116195772875,50.397144609499776
2021-07-01,79.517559032745,58.67781867280923,104.87708045032397,111.9642509087092,311.6422680368374,291.9963410506587,23.463152234136444,332.837252968828,275.59544660915265,352.4884931901386,50.02342227671644
2021-08-01,109.10228292339814,109.00243740448393,142.1889067251819,131.3052360185374,309.2026073376489,289.8861101488144,24.295886743449,332.49744717168835,274.8597732526981,352.45451993424786,48.53717397618433
2021-09-01,138.91295605658183,162.8353683762688,178.79545173886203,150.95547666875413,305.2650664332554,287.7489009916289,24.373139607965093,331.78143711214557,274.242758699343,351.6499718670603,45.77529504097451
2021-10-01,168.1696214793887,184.01771760245856,213.04565617047197,170.36424801247978,302.43799986862854,286.5993154696869,23.732827823894063,330.9654916037528,273.9638262433148,350.3931649860734,43.007484866925054
2021-11-01,198.92123831853056,182.7725189694042,245.82822816792773,190.91954849817301,302.3110381643747,286.9036740821903,22.570318922860242,330.2922200635194,274.11904947062953,349.06522773040774,41.53030787753658
2021-12-01,229.14575240726197,230.43216716741784,270.4160178557548,211.36290425402223,305.09077159036036,288.64856586684726,21.3851049334102,330.0432017933857,274.68935592368257,348.22817136598957,41.3690008525176
2022-01-01,260.67783585807007,278.5292182856186,272.6871746341573,233.09373085902837,310.28289434336494,291.5960582608958,20.584354785558688,330.31689425625126,275.58959774147405,348.15074505643446,40.82989254278793
2022-02-01,292.233202678638,274.48886659969367,260.9099091754858,255.4335746739362,316.9645302487048,295.1820166084733,20.539799159459697,331.0842695016608,276.6029674948116,348.92405183173156,38.3233436730798
2022-03-01,320.5095363357387,296.9572092943686,275.6264472239145,276.08315351807215,323.62141250690826,298.49253802040204,21.19978241889783,332.0568950955066,277.42387533003165,350.1988309361611,35.29462365723341
2022-04-01,351.37471857391375,349.8422686214842,305.23785639207415,299.3391138454526,331.0516081549174,301.7201401863281,22.550366429422965,333.2211841598958,278.04201399328497,351.95273876395476,32.691706033559974
2022-05-01,20.736417866297636,40.972281642046575,338.29835481837847,322.0099294156638,337.7268149895344,303.9337752517246,24.209731044784743,334.20892714900106,278.23282134856464,353.6625346892844,32.09948710669876
2022-06-01,50.623818816219064,35.84323102033071,14.18839511240553,345.22892049557254,343.4508084766546,304.87662719909594,25.963391300814315,334.8815598145275,277.98942033380564,355.1062876299623,32.102726798601736
2022-07-01,79.28233407022897,62.58163005934108,49.74307854646942,6.990269867128696,347.15472487547527,304.3243240655688,27.39621090033295,335.07148255428,277.4221608886353,355.92318331292864,31.03608424245264
2022-08-01,108.86620067855443,124.81534496059795,87.11257352765065,28.02154129038832,348.3258636681471,302.50609502317553,28.330988532659134,334.77002929920474,276.6914524753158,355.9923994772112,28.222487692630796
2022-09-01,138.67271340683624,165.26235475498464,125.0949071439476,46.45669208090236,346.4529606013771,300.23071338171553,28.523561007710157,334.0763623742565,276.06179054181416,355.2729598221402,25.207738220458644
2022-10-01,167.92377367568903,153.89479628698163,162.33987539660265,59.8797478214845,342.696187510232,298.60542464087956,27.97771799689696,333.2591004087721,275.7571420881536,354.051698058323,23.47689846131851
2022-11-01,198.66924253274465,194.11740960634967,201.12208374334807,65.21390764725426,339.28171521378994,298.2906669172378,26.860755130210457,332.5607090999574,275.879318439721,352.6958800986032,23.043579885021458
2022-12-01,228.88885894724828,241.43923221637843,238.75683198748058,58.31216647167392,338.5231023152722,299.50870028519995,25.65047055492132,332.2723577915083,276.41948906331066,351.77947315747804,22.789810362546685
2023-01-01,260.41748164181394,273.04739293763134,277.6329786042727,48.61176173036415,340.8777195811331,302.09291245624735,24.76254956570185,332.5026537307403,277.29766451064245,351.59717312400244,21.381488050988747
2023-02-01,291.9719710547053,267.1232032678831,316.3320350147334,50.00812018018074,345.7712805071128,305.53325522893584,24.602999158272592,333.23578994206287,278.30272577294335,352.2759436322025,18.27255540437479
2023-03-01,320.2513689430294,307.1671604648946,350.8710692532323,58.93086858985764,351.60263208907753,308.9020241928515,25.166670872424305,334.19208000675957,279.12923129089864,353.49353289388756,15.428967024776766
2023-04-01,351.11988171764375,5.8255530536720554,28.221185931591734,73.07110027088392,358.8617084151435,312.3979672438801,26.442980576629974,335.35741011389507,279.76625871723616,355.22514766795973,13.862732071119705
2023-05-01,20.486029122486727,21.25648133222022,62.853282137362235,88.89152384913909,6.069921150542784,315.06021440764573,28.074080225196617,336.3646580024804,279.9835282291615,356.9562108408808,13.649744578721172
2023-06-01,50.37656287265204,25.996585018544604,95.68433476377493,106.43854588291327,13.121514443594737,316.61207784946004,29.84655901911568,337.07235469752777,279.76840578498064,358.46232725777753,13.240864515228187
2023-07-01,79.03654063747429,79.38920124237768,120.70846376181044,124.18101885852533,18.985622391641595,316.6716998196971,31.341055136697623,337.30340293164306,279.2211564587017,359.36923004209115,11.341885803489257
2023-08-01,108.61825809157324,134.49478522843103,126.45881182903054,143.16077491485262,23.349786949505194,315.29637758783144,32.37509970859262,337.04124087998315,278.49653373242285,359.5437434225544,8.060959748053184
2023-09-01,138.42024441379013,147.82776151659368,111.94743404056979,162.789393379996,25.179855901848693,313.05972427407926,32.68420572053371,336.37169970316603,277.85551630982604,358.91363924517884,5.380830144252008
2023-10-01,167.66711774232743,153.57906235264636,123.56481490539153,182.4510093149152,24.004469235164148,311.06216059517334,32.23860058134078,335.5550248619317,277.5261891485114,357.7332920673415,4.510719060271489
2023-11-01,198.40928303667562,206.10246692211743,152.227309040757,203.51664061295202,20.35257401851029,310.1321547991284,31.176908097018806,334.83294515402645,277.615905817092,356.35449536627027,4.437366900468055
2023-12-01,228.62802879635873,249.485485449804,185.7621092296973,224.66323531175817,16.667187644421876,310.7620890605718,29.951040058156778,334.5057220026747,278.12605814665665,355.3610606194815,3.4590093534884625
2024-01-01,260.157165341352,241.82069087362657,222.82911895106176,247.28784757037417,15.193056696322682,312.8966344159199,28.981746817016752,334.69209578903553,278.98181192891417,355.0736093367668,0.642566412410465
2024-02-01,291.7130711999718,273.992383502882,260.8601088054287,270.6123111524401,16.939676618568328,316.1047459735637,28.707418167039183,335.3897891445114,279.97782975920904,355.6562010549255,357.46488600773733
2024-03-01,320.9973868066928,322.878163323119,296.71809094241235,292.91052987138545,21.005914784600424,319.5804180906128,29.19967337300484,336.36503548621613,280.8352960046657,356.8647922518534,355.628047601059
2024-04-01,351.85091625801147,6.812926316412004,335.0731705812652,317.005040271309,27.065749655844993,323.2605751002404,30.414860280851347,337.53002765502714,281.47857173473136,358.5816398751365,355.22619611287246
2024-05-01,21.202683820888748,357.0057681217358,12.092738332146906,340.26076319617056,33.843353830713305,326.2852637306232,32.02022543666587,338.5482251961503,281.70750201397277,0.33076477022411893,354.9476311209514
2024-06-01,51.08304682802013,36.0881337250506,50.22989943044322,3.858371079010272,41.134521633435504,328.37280858186125,33.8038728314956,339.27669416058427,281.50671484880326,1.8861041292685803,353.6522625374044
2024-07-01,79.73937072156127,97.79258038807306,87.0906380257758,25.922540017292647,47.92610289523752,329.02674537523944,35.34394837563072,339.5326310746899,280.97100527765576,2.862921686232933,351.06086162846265
2024-08-01,109.32530022343877,133.12636195410835,125.1783630798256,47.560352050203925,54.089302808025,328.17227677054484,36.45424589487919,339.29456332588046,280.25153061129623,3.1187058075502896,348.0858309935466
2024-09-01,139.13767554998702,121.90894828172713,163.20160989593802,67.57437200520307,58.67985924667372,326.13691175379023,36.85494278415593,338.640018387537,279.6065775543212,2.557366319352126,346.39287350772565
2024-10-01,168.3969677842583,168.8834377904527,199.81261641053035,84.70901679208046,60.83391769712391,323.9228365262372,36.490526298260356,337.8241242370729,279.26564930453816,1.408892248126345,346.2480196133558
2024-11-01,199.15292961663076,217.7702950560497,237.30158660569427,98.65699100975817,60.042402336944185,322.4622995584726,35.477243818889086,337.08813296324166,279.33857626664326,0.013473917488706964,345.98695808365534
2024-12-01,229.381891646915,239.71593482002166,272.90237777376973,105.56823804378311,56.7164930207116,322.5100286182078,34.24511061415955,336.73777670963614,279.8318212880086,358.9626154303594,344.00917451096547
2025-01-01,260.9165474376286,240.10950270227175,307.84141204663007,101.3457461581428,52.75573013718962,324.15519878115975,33.21685031120164,336.8978050492213,280.6732063378571,358.596961224212,340.37090950261927
2025-02-01,292.4700528442842,286.80470871781546,337.4304871288899,89.90812348251998,50.88449691217334,327.069333560154,32.85452664064876,337.573894314981,281.66072550997706,359.10887556253687,337.74852451361846
2025-03-01,320.74088609989144,336.68760748069104,350.4206077097181,86.78397708377888,51.904500163603196,330.3406351589009,33.239284429492365,338.5010258974752,282.4904524864216,0.22550010854090852,336.99107342999974
2025-04-01,351.59788073558826,338.05311934271566,336.88918119569115,93.35451949030764,55.645299134930305,334.1391813842024,34.36920169109819,339.66440740429874,283.1508469000315,1.9186465736463052,336.94973353589296
2025-05-01,20.95317202219293,355.78671913780653,340.0278634382588,105.411383209895,61.058609015992545,337.487545690338,35.934285653476415,340.69970968806064,283.4047076926046,3.6891389127981595,336.0275322440185
2025-06-01,50.83759129251803,53.721142404073646,4.995152981661768,120.91191090208564,67.69845572937633,340.1058936028338,37.72480813564383,341.46141650927694,283.23132642840903,5.30842734806611,333.55442271211166
2025-07-01,79.4971984214896,105.24254996960471,36.13180246611136,137.6436519243732,74.51555048028291,341.40559894759525,39.31681101265368,341.7578055552201,282.7158805224523,6.3784453085673425,330.64741484076393
2025-08-01,109.08482368872197,108.21575030801885,71.12930393836737,156.1928522685679,81.40362900847566,341.20714563187624,40.51996861387657,341.5598073996734,282.0038772927249,6.745198185276779,328.6550400576892
2025-09-01,138.89634463243306,127.5735272629326,107.74195329308077,175.82077973283728,87.54466090652154,339.571497794713,41.037096355978676,340.9316915020321,281.3497411095934,6.281800622479797,327.97696582853877
2025-10-01,168.15254805184242,181.5603496266888,144.26755673498852,195.786990635766,92.10586606598115,337.30210476932814,40.78117818339121,340.11945705182984,280.9863259640827,5.184282296776869,327.7581102600234
2025-11-01,198.90254739346346,222.43459951927844,182.7700605787301,217.4062036402944,94.56243514141602,335.35450173212854,39.83965932166107,339.36265421174693,281.0285413488186,3.7744851915584867,326.6304440617667
2025-12-01,229.1257633729611,210.55342783336863,220.40572717332088,239.2449807497158,94.08201887182987,334.7470356831461,38.61008487553023,338.9748672756046,281.4925353593769,2.6498852019130426,323.8420868316649
2026-01-01,260.65571419857923,248.9927626123547,259.4133340400952,262.64911840355614,90.86997456086597,335.7743165095703,37.51332405361559,339.0907446151327,282.3113095124179,2.177185481879093,320.457727468039
2026-02-01,292.20802300185034,299.93365357776514,298.38091343282076,286.6951710385198,86.88114164049365,338.26609006577615,37.03873094631445,339.72969789569544,283.28876056545846,2.5884361807964633,318.6664202864814
2026-03-01,320.48270893137595,331.31608487196803,333.4126216373259,308.71267585504273,84.81445649973496,341.35868818181893,37.31817347906141,340.63685890589136,284.12178929062947,3.6426104027269752,318.5568083273667
2026-04-01,351.34334508132076,323.70070926852475,11.830941740780137,333.0830028403319,85.38784508422384,345.1839546132656,38.356665220750095,341.79686988525003,284.79829741384816,5.309883345756831,318.31572282803097
2026-05-01,20.70259226200583,6.48251121782137,48.46677217092833,356.3294981003131,88.55754495584371,348.7757069943676,39.87440558131393,342.84776780700474,285.07639336276543,7.101011640417449,316.4923862609083
2026-06-01,50.58906967086749,69.57666474016514,85.55721088918352,19.701822852623295,93.73376708697435,351.8582374915123,41.66455296410618,343.64164995908277,284.93027425042527,8.784970060125596,313.066169462573
