Time,sun_dist,moon_dist,mercury_dist,venus_dist,mars_dist,jupiter_dist,saturn_dist,uranus_dist,neptune_dist,pluto_dist,node_dist,lilith_dist,chiron_dist
2004-01-01,0.983306550341156,0.0026836353730626,0.7040872496681277,1.3062248991667695,1.1112089122968205,4.973208123806958,8.050147452991196,20.65365652611271,30.90634283846159,31.65337973739431,0.0025695552897999,0.0027106251317225,13.500082089391269
2004-02-01,0.9852235165117,0.0027055065120438,1.2318117310347596,1.122349953096361,1.3929039440026478,4.584554831024228,8.201223337488095,20.96205165851545,31.059199346899632,31.36830453618988,0.0025695552897999,0.0027106251317225,13.508193467705867
2004-03-01,0.990863760612076,0.0026921894751351,1.3785164209653586,0.9248558831612312,1.6587037394235224,4.42744881894749,8.563553908212352,21.02357461117523,30.95419431615547,30.94020975052697,0.0025695552897999,0.0027106251317225,13.29860949902253
2004-04-01,0.99929529264933,0.0026154101242334,0.8272034766953485,0.6913919377206562,1.9299498957399304,4.541073040199169,9.06524017244834,20.8358104449652,30.608453358365203,30.433564721936488,0.0025695552897999,0.0027106251317225,12.907719071187039
2004-05-01,1.0076076417960969,0.0025379115600139,0.6332143094209945,0.4623414290008651,2.1662959084559557,4.881349243316298,9.533766956609073,20.45300649465235,30.131734334738876,30.028586677642835,0.0025695552897999,0.0027106251317225,12.469504023759105
2004-06-01,1.0140594660081943,0.0024285947821814,1.1217520129750445,0.2971340979335533,2.3715711033890097,5.3520723504686645,9.892029945093531,19.94907648749399,29.620571152106617,29.8145008513872,0.0025695552897999,0.0027106251317225,12.086057770048345
2004-07-01,1.016660312485626,0.0023953121436396,1.2466680551125198,0.3600232935570722,2.523567069326349,5.807283642525441,10.052081595083251,19.478598816856156,29.235955190919572,29.862178752838258,0.0025695552897999,0.0027106251317225,11.89824357586655
2004-08-01,1.0149149763339682,0.0024255419202234,0.7964318285807176,0.5770041495567793,2.625417562164719,6.185375350401319,9.996391061090554,19.138774778628523,29.05867568838616,30.162851994663903,0.0025695552897999,0.0027106251317225,11.967106937078684
2004-09-01,1.0091241461570115,0.0025310935096866,0.7223343303770445,0.8179337894129841,2.6664186053297,6.407340768152264,9.725757472118692,19.045574975997003,29.15574365388184,30.639276694711103,0.0025695552897999,0.0027106251317225,12.300215212439381
2004-10-01,1.001078913590571,0.0026153174490024,1.371420373698698,1.038811487175244,2.6461432880047604,6.439527350335093,9.306046987522103,19.2215919782019,29.488669089579076,31.14937560810706,0.0025695552897999,0.0027106251317225,12.7982408107619
2004-11-01,0.9924329697870874,0.0026956831545147,1.3292046893827083,1.2415007626253665,2.564471867281136,6.274830763081509,8.79980246739883,19.630913452219552,29.987074831523305,31.592336050133063,0.0025695552897999,0.0027106251317225,13.36885495995706
2004-12-01,0.9860143493720084,0.0027125530106727,0.7955216219110165,1.406431994680475,2.4318208347651344,5.943296426053659,8.362113681606184,20.13762480555955,30.488225230067354,31.830490907742764,0.0025695552897999,0.0027106251317225,13.847557679803336
2005-01-01,0.9832998586409684,0.002671057335407,1.0590532154136407,1.5415036623286744,2.249408915014276,5.478984408393995,8.10163535508263,20.631169204171293,30.884384508267615,31.816004371805224,0.0025695552897999,0.0027106251317225,14.158203894690192
2005-02-01,0.9853631799602632,0.0025792311061079,1.3971982033399286,1.640278314670509,2.0353043112843925,4.988980048768199,8.127865542374682,20.96190862075277,31.04970241182861,31.54246449799997,0.0025695552897999,0.0027106251317225,14.221138775851491
2005-03-01,0.990827073623702,0.0025661696094843,1.2111489618161249,1.6980951412762195,1.8285193589498252,4.6343557700390905,8.391892088342757,21.049949097628815,30.96375498179084,31.13633239622595,0.0025695552897999,0.0027106251317225,14.06353443088724
2005-04-01,0.9992522069883554,0.0024874806024293,0.5917524786040788,1.7243882159276422,1.5992393498031907,4.458615634255707,8.8556713783696,20.89629071468048,30.6348730876422,30.628770039732352,0.0025695552897999,0.0027106251317225,13.704468461996479
2005-05-01,1.0075634574695922,0.0024715843048414,0.9101932022654184,1.7058606650185637,1.3876417347510577,4.560794331352903,9.347923000180442,20.53693054864183,30.16576534476964,30.211990135443383,0.0025695552897999,0.0027106251317225,13.267678838197282
2005-06-01,1.014047874970098,0.0025238803022154,1.3187715756822724,1.634714390004153,1.1851444052148634,4.901220020745717,9.778419374845916,20.04115426272482,29.651287493705773,29.9778410743336,0.0025695552897999,0.0027106251317225,12.85247656176282
2005-07-01,1.016689479171133,0.0025921160425799,0.970222452092568,1.5145216553903835,1.0042481359703743,5.348446898787626,10.036137922818403,19.560204198703524,29.25322294460578,30.004040294789274,0.0025695552897999,0.0027106251317225,12.607172762113644
2005-08-01,1.0149965768213274,0.0026810486475345,0.5951448467654554,1.3444787337863342,0.8285871668956387,5.813824088303546,10.090538128069763,19.19224610000112,29.054967470286517,30.286740464669297,0.0025695552897999,0.0027106251317225,12.604406942935588
2005-09-01,1.0092412905172303,0.0027151853051827,1.1269855418911656,1.1406310625436014,0.6625686511570329,6.18803319801944,9.919578658730993,19.06048531884352,29.12973291460202,30.75454453625314,0.0025695552897999,0.0027106251317225,12.874980018444107
2005-10-01,1.001208708125711,0.0026913223154561,1.3956221108580045,0.9232661048863594,0.525304230438667,6.401023945277348,9.567310914226606,19.19988048665954,29.44591230935281,31.26737770496348,0.0025695552897999,0.0027106251317225,13.338354209064258
2005-11-01,0.9925531726238288,0.002604397850651,1.067464431168313,0.6882521059379999,0.464356781173812,6.429444998450062,9.081439590815036,19.58319093117267,29.93685083293856,31.72381331419881,0.0025695552897999,0.0027106251317225,13.907344817162352
2005-12-01,0.9861104157542128,0.0025174168660538,0.7470907445958841,0.4646553487502378,0.5532867058697454,6.26218889792049,8.602320173994322,20.0828811133842,30.44207273115357,31.982006232258964,0.0025695552897999,0.0027106251317225,14.41438629809963
2006-01-01,0.9833537391526632,0.002423041686038,1.331168702530027,0.2879391714900564,0.7751985372103551,5.910699812681578,8.238306889636327,20.588884262932947,30.852707307908137,31.99028974378206,0.0025695552897999,0.0027106251317225,14.774839127444345
2006-02-01,0.9853614241543862,0.0024090714139643,1.3793731458927925,0.3145196032865689,1.0622829371418827,5.4384309268602555,8.129671184003259,20.94758212550879,31.038790814916336,31.73581500917596,0.0025695552897999,0.0027106251317225,14.894716298562388
2006-03-01,0.9908004997648662,0.002394494548443,0.8029209861322663,0.4928768534805686,1.3408593574273642,4.99115024888686,8.285932583916013,21.067679879164384,30.97240503437889,31.339551031850416,0.0025695552897999,0.0027106251317225,14.783099961759897
2006-04-01,0.999184951216477,0.0024775448223054,0.763153117903902,0.7316871513601043,1.645111054040241,4.592121604024425,8.681828192597095,20.948693540121884,30.660825231833133,30.831977463750174,0.0025695552897999,0.0027106251317225,14.457695932854044
2006-05-01,1.007489010660414,0.0025593379292516,1.1912948828578056,0.9640226564654748,1.9173694933858192,4.416475222756024,9.170209848787662,20.614373327762543,30.20006080531122,30.404318829213885,0.0025695552897999,0.0027106251317225,14.028167599265899
2006-06-01,1.0139860354185466,0.0026630194763324,1.1853801726775943,1.1883929226743215,2.1617500329464123,4.511450790867788,9.651510098902088,20.129193907913372,29.683172426825937,30.150827067438502,0.0025695552897999,0.0027106251317225,13.590357415208556
2006-07-01,1.0166754733560657,0.0027009775613762,0.6735525252331831,1.3782777084083286,2.352953531114783,4.830201666997464,9.99469941432528,19.640415113377863,29.27243817827275,30.155737304270357,0.0025695552897999,0.0027106251317225,13.297020782628914
2006-08-01,1.0150292377605925,0.002687844773118,0.7490328833341089,1.535318862486429,2.4970480106261084,5.2842109241138,10.15576781101981,19.24658433111531,29.05365926812605,30.42005992500912,0.0025695552897999,0.0027106251317225,13.229521712753149
2006-09-01,1.0093080311732807,0.0026064232157495,1.365468334944192,1.6446358796731295,2.582869568151272,5.745656948596459,10.090621673232622,19.077195205354325,29.10599273525848,30.87831139012766,0.0025695552897999,0.0027106251317225,13.438784568581582
2006-10-01,1.0012894279310822,0.0025378984123685,1.241310311555023,1.7024384095053342,2.609390075974219,6.107385690047839,9.82100960116476,19.179188542511657,29.404758252406335,31.3927578485472,0.0025695552897999,0.0027106251317225,13.863183351379922
2006-11-01,0.9926033267085788,0.0024539564432298,0.7350130237104564,1.7151997822744491,2.580456633134674,6.32641667060582,9.380237067321614,19.534227974336837,29.88718974300784,31.86157056659609,0.0025695552897999,0.0027106251317225,14.422428087380032
2006-12-01,0.9861097743492244,0.0024498778889718,1.1290321669467749,1.6873232253509447,2.503544162415763,6.351180982229716,8.889020419435933,20.02409366753052,30.39547147845584,32.13908539644256,0.0025695552897999,0.0027106251317225,14.948940203054528
2007-01-01,0.9832859770936924,0.0025031004531634,1.4403474814600072,1.6217851169098358,2.3833759986166796,6.174499628269732,8.448326433195959,20.53988083484091,30.81979112255436,32.1698992467665,0.0025695552897999,0.0027106251317225,15.351076228709582
2007-02-01,0.985247362550982,0.0026035803021918,1.1298363181301538,1.520694015482,2.2351990115778486,5.817895102317275,8.215027374101648,20.924767207246443,31.02632811293325,31.93481504464181,0.0025695552897999,0.0027106251317225,15.522274182484319
2007-03-01,0.9906678634011148,0.0026350232291948,0.6419469079112826,1.3973873307421656,2.0894407741043315,5.392744787916254,8.253218214940308,21.07634406424846,30.979623425629025,31.549050949324396,0.0025695552897999,0.0027106251317225,15.454355243236089
2007-04-01,0.9990522244175812,0.0027041943213477,1.0522559742607622,1.2227781862912794,1.926484491449594,4.897400234533819,8.554989944522593,20.99260545462848,30.68594758302103,31.042492603559733,0.0025695552897999,0.0027106251317225,15.16361558704759
2007-05-01,1.007372791610012,0.0027146662231883,1.3288993307161725,1.0166527006566384,1.7741502726378182,4.5058637166100945,9.010829942802218,20.684962877751783,30.234390902461264,30.60490885858776,0.0025695552897999,0.0027106251317225,14.74572689133555
2007-06-01,1.013903980642625,0.0026665676293465,0.850345878202265,0.7747948355108943,1.6232956670065288,4.310683889962511,9.51807805783257,20.212881991188215,29.716061162424857,30.332706885857707,0.0025695552897999,0.0027106251317225,14.292593712459446
2007-07-01,1.0166343643497318,0.0025928924344482,0.5679311805550739,0.5338442766503914,1.4787859539180448,4.384618667005649,9.93041958454354,19.7189100185582,29.293372934793815,30.316401771865568,0.0025695552897999,0.0027106251317225,13.959166038176926
2007-08-01,1.0150430463879292,0.0024892007033035,1.1373235988479231,0.330236327902341,1.32228209492847,4.698431203758259,10.190157729303817,19.301411632104426,29.05434313743233,30.561829443273805,0.0025695552897999,0.0027106251317225,13.833304593772192
2007-09-01,1.0093668751389078,0.002438234388945,1.3238501065735904,0.3140066390795687,1.149937535744098,5.14661513022452,10.232076817111256,19.09529750514345,29.083952260617416,31.009617664076288,0.0025695552897999,0.0027106251317225,13.983320024370771
2007-10-01,1.0013563500891411,0.002446666281876,0.9650492310515468,0.4875645061618788,0.9655589424685276,5.594110635094143,10.055338526723984,19.159184403808258,29.364602459331543,31.52468362884614,0.0025695552897999,0.0027106251317225,14.366110148391577
2007-11-01,0.9926661479441208,0.0025356332115552,0.7857039760699557,0.7174139018625493,0.7696462619665505,5.972597982956545,9.679506177268737,19.48382667836083,29.837580554299056,32.00497921162921,0.0025695552897999,0.0027106251317225,14.909462778981993
2007-12-01,0.9861398043609528,0.00260505273167,1.3849337498789005,0.9390697287057156,0.6209365231286501,6.190553381266914,9.202761832775854,19.961193033151773,30.348040491483328,32.30121337441729,0.0025695552897999,0.0027106251317225,15.448201937061475
2008-01-01,0.9832893723783052,0.0026870256757463,1.3725161416601568,1.1503443926400636,0.6072498915631814,6.222505237105507,8.714429121687106,20.48418574566695,30.785386502482343,32.354337876407484,0.0025695552897999,0.0027106251317225,15.88507020129504
2008-02-01,0.985233296205052,0.0027010037559615,0.7238633265598948,1.3356636377241755,0.778203749207097,6.050370193815501,8.375375670573082,20.8934493746946,31.012064145407287,32.13884064538975,0.0025695552897999,0.0027106251317225,16.10245274365381
2008-03-01,0.9908793031038912,0.002686895426044,0.9106918136734932,1.482315950617702,1.0340651566226642,5.727932881178188,8.296525878678104,21.078382421473197,30.980010318786626,31.74865633332046,0.0025695552897999,0.0027106251317225,16.071047198161224
2008-04-01,0.9993317845608984,0.0026044179270321,1.2874806856593886,1.607587409384822,1.3382427257680607,5.267413523357902,8.493605796184765,21.021754304057293,30.697290046070258,31.24314231849835,0.0025695552897999,0.0027106251317225,15.808510958655994
2008-05-01,1.0076438176439368,0.002528696866468,1.1314536819090968,1.692302390316043,1.625423177891985,4.791363373716217,8.894799769290959,20.73548284630458,30.251693805589664,30.800159264160456,0.0025695552897999,0.0027106251317225,15.402033413759963
2008-06-01,1.0141046294137572,0.0024275560691461,0.5719963403072396,1.7335865985749408,1.8930050440896216,4.38089034452709,9.402149984779175,20.27498205382642,29.732961179501658,30.517228836995287,0.0025695552897999,0.0027106251317225,14.939987090430765
2008-07-01,1.0167184739118895,0.0024076743353201,0.8232462636462512,1.7217119351495946,2.1115748106620256,4.174286651288131,9.861112400952866,19.778693710865667,29.303392428307927,30.48853509772691,0.0025695552897999,0.0027106251317225,14.57793193469677
2008-08-01,1.015001240785565,0.0024512808324353,1.346868521715155,1.6545882548092157,2.288489666506781,4.228223675543409,10.201650476756248,19.344423604882305,29.05225532623967,30.722877561755624,0.0025695552897999,0.0027106251317225,14.407726138015482
2008-09-01,1.009229905235551,0.0025594271578853,1.1031298216341443,1.538179401768221,2.412256639023961,4.529707832941169,10.339986662396798,19.110772267445647,29.068094798306593,31.16460816457552,0.0025695552897999,0.0027106251317225,14.510274456674981
2008-10-01,1.0011879479232333,0.0026407878160323,0.6734256841480295,1.388835079468416,2.4813133256047233,4.95963287985474,10.254281101181922,19.14509095707731,29.337632136010605,31.680184727589072,0.0025695552897999,0.0027106251317225,14.857205788353971
2008-11-01,0.9925152345216368,0.0027075789397444,1.2123301665033028,1.2063283264104998,2.5033439280337753,5.4263617009273855,9.95188364023374,19.445185808473664,29.80462349455179,32.16736696430412,0.0025695552897999,0.0027106251317225,15.383490265315556
2008-12-01,0.986062051446771,0.0027128831783432,1.4480588079319627,1.008733780377076,2.4830472004800788,5.801908525358306,9.508827004353716,19.911199389578755,30.31598419749722,32.47464774765863,0.0025695552897999,0.0027106251317225,15.927272608455867
2009-01-01,0.9833050605635766,0.0026588732814377,1.0775157881460375,0.7879309256213942,2.42856505737582,6.038894356590377,9.00185985304822,20.437764291308135,30.760666395421826,32.54086474423859,0.0025695552897999,0.0027106251317225,16.3874563463924
2009-02-01,0.9853399904371812,0.0025651756499529,0.7622838530450792,0.5591390333937886,2.3516801524475266,6.082113709840665,8.586729343320181,20.864086887026357,30.99902951623312,32.336957573929,0.0025695552897999,0.0027106251317225,16.638408217764457
2009-03-01,0.9908279768682432,0.0025423466019447,1.1886406218519447,0.369818421341254,2.272516002182322,5.948582679222392,8.403710075291906,21.06916218942703,30.983810176476968,31.969036558846913,0.0025695552897999,0.0027106251317225,16.64312600623738
2009-04-01,0.9992467425931854,0.0024756612815149,1.3370988358415146,0.2844561758568752,2.181604235564225,5.632407837504764,8.477413531958057,21.04825265000998,30.719680271046684,31.465929158497012,0.0025695552897999,0.0027106251317225,16.414902098288568
2009-05-01,1.0075531957306751,0.0024701676269864,0.7536243103288701,0.4246102752308764,2.092856786570331,5.206864126014584,8.796954888439112,20.791015614538946,30.284436655740475,31.014532307245833,0.0025695552897999,0.0027106251317225,16.024945638344132
2009-06-01,1.0140131025707015,0.0025381354787782,0.6276383215529533,0.6617384603552635,1.997144177862892,4.722161104406451,9.27818855604684,20.34756633867205,29.76565554960745,30.714165999424925,0.0025695552897999,0.0027106251317225,15.557262678677004
2009-07-01,1.0166479800088566,0.0026063705391358,1.177892255405268,0.900810105959458,1.8931261551806824,4.309174130902229,9.765847979705653,19.85063843994253,29.325342899404045,30.66480515283261,0.0025695552897999,0.0027106251317225,15.16691943283178
2009-08-01,1.0149512889923211,0.0026883617762632,1.2340258796858672,1.1307059534196764,1.7638558267182094,4.057252356385452,10.178036829601448,19.39693378245593,29.05467543633921,30.87994293015484,0.0025695552897999,0.0027106251317225,14.94933843726998
2009-09-01,1.0092103634556893,0.002708276851427,0.8139354635054838,1.329368368421422,1.6031531157126069,4.069935622044324,10.412956604716769,19.128875118807937,29.047683718254618,31.310083483529123,0.0025695552897999,0.0027106251317225,14.998315755180512
2009-10-01,1.001202906203518,0.0026743474133198,0.8227883925068167,1.4840284888987765,1.4128103417883755,4.331267950069295,10.426507165706177,19.12453973889545,29.298181938492515,31.824721086340208,0.0025695552897999,0.0027106251317225,15.302156363191726
2009-11-01,0.9925525038434097,0.0025767340737298,1.4182034335503544,1.601186149922674,1.183355132651771,4.766026803128452,10.213301120357915,19.390912949716665,29.754186003370062,32.321697988932435,0.0025695552897999,0.0027106251317225,15.804898904260046
2009-12-01,0.9860939760153024,0.0024904691600729,1.3255946496383528,1.6733958180378394,0.9473520774343158,5.227379038567484,9.82457586518561,19.839655701820433,30.266107403017873,32.646423952499184,0.0025695552897999,0.0027106251317225,16.35039953010894
2010-01-01,0.9833028279133508,0.0024022121327053,0.7027524223019515,1.708094765046617,0.7388319357907989,5.637405804587918,9.322612393845477,20.368446682996677,30.72245132658935,32.734317259695274,0.0025695552897999,0.0027106251317225,16.83431279878461
2010-02-01,0.985287735093087,0.0024009870267012,1.082152114251442,1.7046223541462595,0.6659749443689154,5.902184563176858,8.850741541993198,20.815438486254795,30.980272161072627,32.550234298511285,0.0025695552897999,0.0027106251317225,17.122731199785992
2010-03-01,0.9907107035254122,0.0023996726857338,1.3577957203942113,1.6681342949202824,0.7732994478780302,5.980625600053992,8.571258884162042,21.049630839473615,30.98484805877494,32.19422235027293,0.0025695552897999,0.0027106251317225,17.164107292140052
2010-04-01,0.9991066826123676,0.0024905110695386,1.085193427576159,1.586727629851278,1.014967475876306,5.880511706324681,8.51945306493354,21.064586412598004,30.73982236058826,31.694465656232016,0.0025695552897999,0.0027106251317225,16.969960502584172
2010-05-01,1.0074245065884746,0.0025762324752032,0.5615505647528731,1.4622215333288024,1.2866428878198282,5.613975200715469,8.73903250188814,20.83763144460023,30.31571922949218,31.23559897592328,0.0025695552897999,0.0027106251317225,16.598462309895833
2010-06-01,1.013938989083501,0.0026740819787773,0.9238522601950304,1.2860171106883245,1.5588029527218674,5.206502369758197,9.168259238069604,20.41343631457684,29.797821362154966,30.918527715829015,0.0025695552897999,0.0027106251317225,16.129091266775607
2010-07-01,1.0166299268396206,0.0027066408688019,1.3261240755280763,1.0771985242119582,1.7927117011188076,4.749307498104091,9.66111082694048,19.918442118107016,29.34754399298154,30.848786424611163,0.0025695552897999,0.0027106251317225,15.715374465560727
2010-08-01,1.0149959334478165,0.0026843453311811,0.9746381469105252,0.8368353994207042,1.993669230752376,4.306597451613304,10.126636703285625,19.44775715844701,29.057767197454144,31.044470507013703,0.0025695552897999,0.0027106251317225,15.455173512121963
2010-09-01,1.0092986768123189,0.0025990657969821,0.6252604240038175,0.5904333417284591,2.1493736903665894,4.012657691031884,10.447522802382576,19.146747087507418,29.02784954341454,31.462350776030185,0.0025695552897999,0.0027106251317225,15.45333836096406
2010-10-01,1.0013051008410103,0.0025316547360412,1.2315003803873554,0.3749146761311676,2.2574562940103458,3.969319366721302,10.557962253777122,19.10366832838377,29.258760684152097,31.97519803665376,0.0025695552897999,0.0027106251317225,15.713906223650927
2010-11-01,0.9926608748802264,0.0024621036941853,1.415451743325706,0.2721469094378251,2.3290264035102055,4.19632626041948,10.44007014593387,19.334668710180193,29.702937855091704,32.4811459529525,0.0025695552897999,0.0027106251317225,16.19024917335956
2010-12-01,0.9861794289767232,0.0024693669241127,1.0288683675975878,0.3936731683218832,2.365838269200346,4.602942839526109,10.12001571350645,19.763629198266003,30.214574121954517,32.82271046697271,0.0025695552897999,0.0027106251317225,16.733220754846425
2011-01-01,0.9833558348725316,0.0025355740606368,0.83636761848303,0.6159288904019463,2.378939180358589,5.0890812983180655,9.645563028644224,20.291966441793065,30.681905195511533,32.93198174370131,0.0025695552897999,0.0027106251317225,17.23628238541923
2011-02-01,0.9852995942568776,0.0026344307877667,1.3214343362887022,0.8505969850873543,2.375746563867121,5.524431577472043,9.143080677866022,20.757511357040773,30.9587965813561,32.767792310594956,0.0025695552897999,0.0027106251317225,17.558396518317256
2011-03-01,0.9906885426521764,0.0026577204067516,1.34898504521218,1.0533584265607925,2.3649233929064506,5.803886851006313,8.786236682881066,21.01972993755359,30.983158487197382,32.424163739094,0.0025695552897999,0.0027106251317225,17.634342797431
2011-04-01,0.9990749833249732,0.0027135591451222,0.6905705427736523,1.2591532245704935,2.347208958176223,5.944118598103887,8.615280886769245,21.070453389711684,30.757589234583975,31.928547572123517,0.0025695552897999,0.0027106251317225,17.473758428671186
2011-05-01,1.007407578528303,0.0027095275133314,0.7298979125769599,1.4332979071003842,2.3227305199372292,5.897098215341196,8.72360382466958,20.874780241446384,30.345308196017132,31.463152187448543,0.0025695552897999,0.0027106251317225,17.122155533492123
2011-06-01,1.0139595276818685,0.0026441116035149,1.2260745912354916,1.5788865132730017,2.283683582926623,5.671091300920038,9.078087292781053,20.471822007071616,29.82918837258487,31.13024540464732,0.0025695552897999,0.0027106251317225,16.65436521443859
2011-07-01,1.0167004470291054,0.0025628802780582,1.152731544275868,1.6770474750149065,2.223817051395178,5.31340420252187,9.552354001062309,19.981290203403905,29.369818368173675,31.040612619186124,0.0025695552897999,0.0027106251317225,16.221585196004945
2011-08-01,1.015104895770866,0.0024589727037685,0.6930592337750944,1.72655083537114,2.1290679102322287,4.858037677219156,10.050771811086683,19.496238004087388,29.061571296035194,31.21684346827147,0.0025695552897999,0.0027106251317225,15.923199574122537
2011-09-01,1.0094153689504075,0.0024207017102843,0.8645921470308287,1.7214095111843968,1.9919193949105696,4.403574005803975,10.443954414357329,19.1640967554428,29.008890855341868,31.621945479249064,0.0025695552897999,0.0027106251317225,15.873453806479214
2011-10-01,1.001404839381041,0.002441271812324,1.4059656961596243,1.6690306016468872,1.8135526939739235,4.076646962301683,10.645497524316458,19.08257109352327,29.219831653304,32.13216783880531,0.0025695552897999,0.0027106251317225,16.091052441969588
2011-11-01,0.992710198356088,0.0025414049209074,1.2442059432589818,1.5741468841770334,1.5824417082418725,3.972525698510751,10.625129940407817,19.27685088149556,29.65138933881514,32.64614499563114,0.0025695552897999,0.0027106251317225,16.538786022428365
2011-12-01,0.9861932307215568,0.002612676192656,0.6939314764442184,1.4499251269474105,1.3224059024509156,4.144966158144933,10.384141315291034,19.683577928732365,30.161821393115073,33.00381792185416,0.0025695552897999,0.0027106251317225,17.075546308076884
2012-01-01,0.9833296457889644,0.0026899520024626,1.1824274391511376,1.292238287252787,1.039536724297182,4.542891335882405,9.95606861931226,20.208613472980527,30.639297018950423,33.13406373645729,0.0025695552897999,0.0027106251317225,17.593572691003228
2012-02-01,0.9852411788712794,0.0026959864607593,1.4141913623455369,1.106046856436883,0.7924920744693323,5.034013660824943,9.447490749266576,20.69035778077427,30.934777131549257,32.9898770561742,0.0025695552897999,0.0027106251317225,17.94589073658971
2012-03-01,0.9908677617482972,0.0026824216491696,1.043285113187408,0.9068727058333912,0.6761612731110537,5.4658004279118595,9.022003645683355,20.98624422998632,30.976343124715616,32.64472035095535,0.0025695552897999,0.0027106251317225,18.054350717299624
2012-04-01,0.9992765936370486,0.0025961646043023,0.6308302944408231,0.6726670955225393,0.7449304132012355,5.812762856223739,8.75280806336113,21.064064986750264,30.762674893979607,32.15207551936953,0.0025695552897999,0.0027106251317225,17.918843180060197
2012-05-01,1.0075735597106117,0.0025238505640081,1.0422188237686203,0.4455706890901669,0.9428491279115168,5.988270359589593,8.754835535949747,20.893011440730486,30.35800867371601,31.68361127234821,0.0025695552897999,0.0027106251317225,17.582907995385597
2012-06-01,1.0140259255818376,0.0024332091614432,1.302125417363998,0.2926118727060581,1.1878854350477237,5.984321951272634,9.023929422272271,20.507767991494035,29.84359398431876,31.34222891672083,0.0025695552897999,0.0027106251317225,17.117602160652083
2012-07-01,1.0166469775063074,0.0024251360418329,0.8318966281862824,0.3732762978531372,1.4174986531951732,5.805767404069683,9.460606712407683,20.022393349979517,29.37922564861453,31.2415519936592,0.0025695552897999,0.0027106251317225,16.671778975897695
2012-08-01,1.0149292503826342,0.0024792031740087,0.6120833946436449,0.5951276801581954,1.6274348629513922,5.4673699927480195,9.970081251456008,19.52802003890073,29.06010211543385,31.40682165878123,0.0025695552897999,0.0027106251317225,16.345462123486765
2012-09-01,1.00915904308702,0.002586357670268,1.2728284707291833,0.8362337708053259,1.8032920419797345,5.02461992444711,10.415823268838707,19.173085340461608,28.993695774148986,31.804715127404855,0.0025695552897999,0.0027106251317225,16.25930481659462
2012-10-01,1.0011184635669608,0.0026616400119945,1.345958898733405,1.0558619117149368,1.9416141827171975,4.576379680176317,10.69376913668508,19.06221381238988,29.192451984731395,32.313559872784765,0.0025695552897999,0.0027106251317225,16.442942614615447
2012-11-01,0.9924579441413752,0.0027130739489803,0.9156217566575372,1.256418476076397,2.0562453854134546,4.2094201693323035,10.76220733931391,19.22745840120886,29.61613669876281,32.83221443757646,0.0025695552897999,0.0027106251317225,16.866445961624535
2012-12-01,0.9860218217492784,0.0027058826130877,0.9123926797955326,1.4187362850951213,2.1463150109860414,4.068594759363593,10.599872527853352,19.61557161924928,30.12550709348698,33.19908975524879,0.0025695552897999,0.0027106251317225,17.39556401085094
2013-01-01,0.9832947930294456,0.0026395843457276,1.4000436295329204,1.550789279315147,2.2250107394512155,4.210292335300103,10.227691739541964,20.1361294004102,30.60867845085177,33.34126738304165,0.0025695552897999,0.0027106251317225,17.921985469637736
2013-02-01,0.9853544285623492,0.0025442106699527,1.3006754763673216,1.646392293093229,2.294761772810591,4.591726867917394,9.732728417810032,20.62852909271269,30.915007019364875,33.20854960441734,0.0025695552897999,0.0027106251317225,18.294791540704423
2013-03-01,0.9908174775777318,0.0025120235638288,0.6629098409523893,1.701232625205063,2.352028795969511,5.03404885962917,9.287157250021156,20.93702413949254,30.97094439204537,32.88540097611537,0.0025695552897999,0.0027106251317225,18.426612290902167
2013-04-01,0.9992313459813752,0.00245844554196,0.8912436186660155,1.724046221246175,2.4073356357175357,5.511731556449558,8.92801167190676,21.050237795557383,30.777499349079875,32.398299288465395,0.0025695552897999,0.0027106251317225,18.32345803913318
2013-05-01,1.0075273363054822,0.0024637907313441,1.280335521737024,1.70197009020162,2.4473459198488072,5.875621638784809,8.817222067510656,20.91215376385015,30.3859622581988,31.92488064848956,0.0025695552897999,0.0027106251317225,18.009273651360743
2013-06-01,1.0140014021477302,0.0025463620670264,1.044643772794987,1.6271272170812503,2.4662193395058867,6.094369964290467,8.98132268781826,20.55169743353539,29.87496807738562,31.569066200299854,0.0025695552897999,0.0027106251317225,17.550327740399826
2013-07-01,1.0166485514398034,0.0026154313978951,0.586775193788058,1.5036031167316923,2.4533234594590545,6.129117154637837,9.35721990594578,20.075306695134557,29.402982644390462,31.449270032084208,0.0025695552897999,0.0027106251317225,17.09195247313143
2013-08-01,1.014979241825781,0.0026934369397931,0.9173152229778514,1.3306266876412411,2.3981711059346877,5.980047900404772,9.857413130521808,19.571341836955003,29.06640487237831,31.595062940366823,0.0025695552897999,0.0027106251317225,16.73446519898837
2013-09-01,1.0092558554681794,0.002702443959602,1.3747766129079135,1.124474629860364,2.2923121720888573,5.663667261134427,10.343079892378004,19.188767060035353,28.977452261248875,31.979394621700596,0.0025695552897999,0.0027106251317225,16.60545946899478
2013-10-01,1.0012456429924927,0.0026609364854878,1.131079916627428,0.9055085821448536,2.1367198567238037,5.243264042899934,10.693453826579017,19.040403531423728,29.15565104773488,32.4843740742968,0.0025695552897999,0.0027106251317225,16.747458641926546
2013-11-01,0.9925952528442968,0.0025550877533744,0.6716626067704193,0.669703054253295,1.9207246884025673,4.771571066639082,10.854677213151062,19.166939455078715,29.565487588364377,33.00963756146874,0.0025695552897999,0.0027106251317225,17.139720746622523
2013-12-01,0.9861360428644512,0.0024715297189892,1.2670127848507098,0.4473093259034685,1.6642490490087734,4.392300686982802,10.781621435156262,19.52876499454432,30.07226293570996,33.39144135912101,0.0025695552897999,0.0027106251317225,17.65738604981865
2014-01-01,0.983357339326672,0.0023909732987215,1.4333682822788087,0.2800808570366933,1.3649018844478111,4.212655760450839,10.481689230605417,20.041142678820616,30.564382318327677,33.55388278531594,0.0025695552897999,0.0027106251317225,18.19245535475686
2014-02-01,0.9853511057627976,0.00240349666343,0.944003370833447,0.3262621454141818,1.057000797473956,4.325616891934853,10.01977403492702,20.545601646542856,30.888622827636453,33.441086302516624,0.0025695552897999,0.0027106251317225,18.58989400862447
2014-03-01,0.990783033683454,0.002417217730745,0.7307857470504397,0.5106181579242329,0.8086021035903422,4.645214157858834,9.558526264836106,20.87854815929492,30.964299464395253,33.1313548237182,0.0025695552897999,0.0027106251317225,18.750929821381717
2014-04-01,0.999172816514068,0.0025155385102315,1.1657178323704789,0.7502087796058853,0.6366148242513702,5.123928014507993,9.129478908444606,21.02666617086123,30.791341369881305,32.650411182225604,0.0025695552897999,0.0027106251317225,18.67948032542364
2014-05-01,1.007477246835078,0.0026026808930335,1.294386984521349,0.9815575149507296,0.6436849437241698,5.591932613897165,8.914195509918427,20.922184357656864,30.4135502426237,32.172853190073425,0.0025695552897999,0.0027106251317225,18.387806113360746
2014-06-01,1.013971104559566,0.0026904204409269,0.7076007560722173,1.204025094941443,0.7940369649602902,5.984556455119171,8.966229716697205,20.58821263902818,29.906883085339537,31.803462730178175,0.0025695552897999,0.0027106251317225,17.937353094541777
2014-07-01,1.0166573381623516,0.0027135315497506,0.6380510939253329,1.3914341671798836,0.988310745406028,6.218908866858628,9.263412944297666,20.1232551075561,29.428253646263943,31.66510534964678,0.0025695552897999,0.0027106251317225,17.46946816120134
2014-08-01,1.0150200016775417,0.0026781183581708,1.2717985910273757,1.5453888496804733,1.1892810305220542,6.2790903795070205,9.732419324295831,19.612541785119294,29.075050740924567,31.791525025305145,0.0025695552897999,0.0027106251317225,17.084205325644312
2014-09-01,1.0093200308086436,0.0025882152324652,1.247390277878607,1.6512529649084364,1.3737145390794003,6.146504513120419,10.238816368212683,19.204692850643635,28.963906142579475,32.16183852886735,0.0025695552897999,0.0027106251317225,16.914903205052266
2014-10-01,1.0013255796760492,0.0025228463731641,0.8255250218998555,1.7055707095835155,1.5346138718842692,5.85028098630301,10.648579471781929,19.01983328082239,29.121300555957895,32.66212976592716,0.0025695552897999,0.0027106251317225,17.016022094368086
2014-11-01,0.9926548781469744,0.0024697750020472,0.9716490288234664,1.7147688145528952,1.6870893039173005,5.416066390689231,10.896077417438772,19.106940896182827,29.516533011514063,33.192997998522486,0.0025695552897999,0.0027106251317225,17.375853837010713
2014-12-01,0.9861579549995336,0.0024872325021251,1.4361011017080112,1.6835764795561776,1.8273044661094484,4.9506985347187085,10.913322066569112,19.440345094394928,30.019757260253066,33.58889785794571,0.0025695552897999,0.0027106251317225,17.879545226768904
2015-01-01,0.9833112688281728,0.0025641848897534,1.2784758397019986,1.6147685442612392,1.9695975962422656,4.544416264889247,10.694464947980112,19.941676243776566,30.519894921191895,33.771072465069786,0.0025695552897999,0.0027106251317225,18.420153041420523
2015-02-01,0.9852444714271608,0.0026581792994568,0.655536218555354,1.5105630861870225,2.1107717692449337,4.350627694830898,10.2818577687567,20.45559167052225,30.861475543928485,33.678161879650865,0.0025695552897999,0.0027106251317225,18.83951771281819
2015-03-01,0.9906533727753012,0.0026723407292645,1.0278372494433556,1.3846033333314884,2.234930872195621,4.426286453966731,9.824127115354738,20.811447560300344,30.956794577863494,33.38217576665283,0.0025695552897999,0.0027106251317225,19.028181685121922
2015-04-01,0.9990348728553842,0.0027133395072395,1.334902136624554,1.2073395342756386,2.3623339066650924,4.755053634795934,9.346546006616023,20.99386249702517,30.80469008644383,32.90815317490078,0.0025695552897999,0.0027106251317225,18.98789907162896
2015-05-01,1.0073619619360228,0.0026965996572163,0.9876596973367068,0.9991698570563872,2.467021985464162,5.208473960221915,9.039692873713374,20.923606533956093,30.441396770161926,32.42732590294985,0.0025695552897999,0.0027106251317225,18.719521619832808
2015-06-01,1.0138946303249947,0.0026170445012483,0.5494379479084829,0.7561851395127217,2.5457894650713895,5.690294456391722,8.978450124523423,20.61789875547418,29.940085250002433,32.04514333890336,0.0025695552897999,0.0027106251317225,18.27960739479153
2015-07-01,1.0166207943775687,0.0025321728589647,0.9632691172285875,0.5161399364391098,2.583945398887073,6.076502398985313,9.182728231445402,20.16685714264231,29.455766392134684,31.888614535709713,0.0025695552897999,0.0027106251317225,17.804974458250115
2015-08-01,1.0150211714944022,0.0024310325829991,1.3297699462926411,0.3203317803444905,2.575000949810436,6.3290355739010575,9.59962960915894,19.652235812215928,29.086616989936612,31.99554101891261,0.0025695552897999,0.0027106251317225,17.394926714058048
2015-09-01,1.0093455060626175,0.0024060648532489,0.993794541803904,0.3235620983256111,2.5095717771405983,6.3959288982177185,10.106672821296796,19.22143079490864,28.953418867488946,32.351252081365786,0.0025695552897999,0.0027106251317225,17.1875121208874
2015-10-01,1.0013499064830822,0.0024381901958916,0.6580346563985284,0.5050790130826984,2.3881856720419425,6.272425731988413,10.561065649784286,19.00108200240443,29.089630731830937,32.846057003908285,0.0025695552897999,0.0027106251317225,17.248385822487396
2015-11-01,0.9926801404832784,0.0025459293173056,1.3190499212789448,0.7360568889598267,2.202410983093995,5.964816925053099,10.88614190325425,19.04808807100146,29.469470081234224,33.38167884204954,0.0025695552897999,0.0027106251317225,17.5747126028283
2015-12-01,0.986167911600831,0.0026190078510636,1.4214895105793586,0.9568146375959156,1.9690375665149868,5.537735500102874,10.992232914494709,19.3510481964702,29.96826369488192,33.790987984561596,0.0025695552897999,0.0027106251317225,18.06220943634562
2016-01-01,0.9833136226158306,0.0026923627978897,0.9207880605836508,1.1662209383339293,1.683875413897944,5.048741308866683,10.860435389208796,19.83858223556809,30.475629583832145,33.99247500363413,0.0025695552897999,0.0027106251317225,18.605631538179953
2016-02-01,0.9852365036106572,0.002692788783797,0.8855866222043152,1.3491005744131652,1.372031574899504,4.637520123157265,10.510496608512488,20.359402532830263,30.8340472360399,33.91936915940963,0.0025695552897999,0.0027106251317225,19.044504615889643
2016-03-01,0.9908589043367468,0.002678981128052,1.2801161811218744,1.493126964167878,1.0776035887792608,4.444797468572834,10.057004939328955,20.74715163092568,30.948828108940496,33.624287893852156,0.0025695552897999,0.0027106251317225,19.263117571904065
2016-04-01,0.9992983205312496,0.0025905988778406,1.2657719831575018,1.6153051163762877,0.7899160690002323,4.517747372283706,9.553692285060704,20.955259503468735,30.809418356708335,33.154508806654285,0.0025695552897999,0.0027106251317225,19.24497210003104
2016-05-01,1.0076131753214608,0.0025208618566993,0.6249765435949086,1.6967395562050982,0.5815861188024104,4.83046195222578,9.177108479233162,20.911555131542062,30.455270833820293,32.67241624908878,0.0025695552897999,0.0027106251317225,18.99364808583584
2016-06-01,1.0140866047017247,0.002442810742454,0.7448196393932893,1.734347279279092,0.503327963162852,5.290786160103404,9.01576829419638,20.62865534342915,29.957731723867955,32.28365326281936,0.0025695552897999,0.0027106251317225,18.56189340504622
2016-07-01,1.016708478455928,0.0024465675845366,1.2870215712853883,1.7187535075646712,0.5730637108910767,5.751328205126384,9.126240151235562,20.18988223221918,29.470452293045117,32.11740132116684,0.0025695552897999,0.0027106251317225,18.08287574054583
2016-08-01,1.014991802442469,0.0025122904483957,1.130065760003888,1.647879676396122,0.7223740387248254,6.146288061875436,9.478620699431666,19.673996177931382,29.09196599931267,32.21372867092688,0.0025695552897999,0.0027106251317225,17.654979515193844
2016-09-01,1.0092160180110896,0.0026174655269841,0.6978922986134205,1.5280876698604269,0.8946238773267408,6.392185650326973,9.9682594178576,19.22698483734535,28.945572381954825,32.56149131924954,0.0025695552897999,0.0027106251317225,17.419357565145102
2016-10-01,1.0011733547808837,0.0026842783204677,1.0173003297798917,1.3759503272310325,1.0671667296818497,6.450419891449099,10.449181481192491,18.980069005948945,29.06898473727436,33.05333834154942,0.0025695552897999,0.0027106251317225,17.449685478028233
2016-11-01,0.9925142602252848,0.0027183483153848,1.4399835109087245,1.1910437690255362,1.2511800269424098,6.311696792859576,10.83564588808566,18.99601932528425,29.43942747510473,33.59159207012166,0.0025695552897999,0.0027106251317225,17.749621558255914
2016-12-01,0.9860794830872066,0.0026962148229813,1.2146933046742527,0.9915671862259802,1.437853901667767,6.000305273587169,11.01951588196295,19.27441683416388,29.93529240458534,34.00816335934469,0.0025695552897999,0.0027106251317225,18.222987904141828
2017-01-01,0.98333786261824,0.0026157904179458,0.6849789746414543,0.7694573030833869,1.6405302442007603,5.54677887083782,10.97006290346662,19.74953621101865,30.446616860591124,34.22004763250185,0.0025695552897999,0.0027106251317225,18.766037077117232
2017-02-01,0.9853720082102264,0.0025194462932063,1.2033614358571163,0.5408107555783013,1.849284817532411,5.052195174283523,10.68667546181568,20.27371699893506,30.814746070614916,34.15766663628692,0.0025695552897999,0.0027106251317225,19.217018970171974
2017-03-01,0.990842937653892,0.0024812575808145,1.3808548279238178,0.3557004156688876,2.0361012945391392,4.677328754747317,10.282242895142735,20.66573220239213,30.941089636140816,33.88348121498437,0.0025695552897999,0.0027106251317225,19.4494758753864
2017-04-01,0.9992435535342596,0.0024415559261455,0.898917806503889,0.2880865531784917,2.230731224546468,4.46444566463199,9.770697385666129,20.906697582168903,30.822899759476115,33.421450290107664,0.0025695552897999,0.0027106251317225,19.461291387398283
2017-05-01,1.0075418893306032,0.002458443777128,0.6013241687674654,0.4407655008305712,2.395941014900579,4.528011225152749,9.335608606844623,20.89784027905266,30.484181101630245,32.9372279028351,0.0025695552897999,0.0027106251317225,19.234113297299356
2017-06-01,1.014009269001103,0.0025539374611924,1.0687999475326446,0.6802185713239093,2.5316173778749764,4.840247778465244,9.074177240198226,20.645776899509972,29.993337917117387,32.536858892760264,0.0025695552897999,0.0027106251317225,18.81570737292131
2017-07-01,1.016658058057213,0.0026239670578956,1.2792115962270432,0.9187549383369936,2.61959758987667,5.2770918894145,9.077987902557538,20.22491917761652,29.501772090809524,32.35324267985411,0.0025695552897999,0.0027106251317225,18.334090974289403
2017-08-01,1.0149691370487872,0.0026958385243522,0.8449846453233983,1.1469831370208348,2.6575462664276577,5.747415118049691,9.34451273067545,19.71002741635819,29.108505067845833,32.430276349202465,0.0025695552897999,0.0027106251317225,17.886197077012252
2017-09-01,1.0092206422900662,0.0026933643488214,0.6752650348218574,1.3432376696317652,2.6354043133316125,6.1382338518363895,9.795551251896516,19.24452086642366,28.940549951968215,32.76286264127093,0.0025695552897999,0.0027106251317225,17.616328872377423
2017-10-01,1.001197686209,0.002646316775273,1.343033144973368,1.49503062488944,2.5533618853857827,6.374347932966647,10.288339889440971,18.96455139256815,29.042383050287743,33.248049257333854,0.0025695552897999,0.0027106251317225,17.60790613515215
2017-11-01,0.9925341411243732,0.0025354141946912,1.3590810385331549,1.6088861855640046,2.4060968627320776,6.429950783735325,10.729377128987885,18.93993274433547,29.396238835156172,33.789529634131256,0.0025695552897999,0.0027106251317225,17.87301570495152
2017-12-01,0.9860788912026064,0.0024581894382274,0.8586555893625503,1.6778076330098404,2.207826783233805,6.288296287865591,10.99255136324236,19.184631239091956,29.88611185735975,34.21812156753048,0.0025695552897999,0.0027106251317225,18.326695346420486
2018-01-01,0.9833009701122752,0.0023891416334156,0.9986969079808796,1.709148090768627,1.9556949237808352,5.958062703682105,11.034281608567982,19.64099633519929,30.403113457637417,34.448294629524234,0.0025695552897999,0.0027106251317225,18.86798261983483
2018-02-01,0.9852987157985178,0.0024150490648795,1.382297392478652,1.702351453835545,1.6711316446435065,5.496693672600967,10.8319093924176,20.167181638642628,30.787021564650423,34.405356840869175,0.0025695552897999,0.0027106251317225,19.334285252824888
2018-03-01,0.9907294432984678,0.0024417993546772,1.261741996403098,1.6628333539268618,1.4019162417616735,5.045921100667468,10.475886775701564,20.577193888506244,30.932533501077756,34.14542513217442,0.0025695552897999,0.0027106251317225,19.590262648194408
2018-04-01,0.99911366769063,0.0025428300904844,0.6009500789044455,1.5780212249132877,1.108284033429535,4.625158486932213,9.97574172361145,20.84998762987303,30.835815965135858,33.69175644253667,0.0025695552897999,0.0027106251317225,19.63156269451336
2018-05-01,1.0074182480771736,0.0026268337622641,0.8588120165917406,1.4503244162283946,0.8450634378727239,4.413421721467513,9.501542825411113,20.876184777964337,30.51315839848686,33.20614674740662,0.0025695552897999,0.0027106251317225,19.429122826674913
2018-06-01,1.0139259841476138,0.0027006350928609,1.304915407313356,1.2712125881136913,0.6122623012141857,4.468068842509002,9.153215595678883,20.65635572186314,30.02992586918557,32.794872059860204,0.0025695552897999,0.0027106251317225,19.02566211122996
2018-07-01,1.016624781395258,0.0027121673472369,1.0230738319596444,1.0602357156906843,0.4486340764255823,4.758790461164115,9.050419935580935,20.25563773790251,29.534964544983687,32.594295584012585,0.0025695552897999,0.0027106251317225,18.54361553339159
2018-08-01,1.01500304886918,0.0026645640131628,0.6104127999129999,0.8185587892007219,0.3849981668067173,5.201431884976411,9.218072412195427,19.744522471568825,29.127582273718964,32.65200261243506,0.0025695552897999,0.0027106251317225,18.078096451421473
2018-09-01,1.0093111871027902,0.0025724528265958,1.0562636031136226,0.572316349204467,0.448927650547486,5.6679143331614394,9.610723040781526,19.2630904398799,28.93825066699168,32.96895073209153,0.0025695552897999,0.0027106251317225,17.77577085414352
2018-10-01,1.0013075326945668,0.0025095931376699,1.405605972684959,0.360876627370352,0.5924830126593841,6.046182946615393,10.09655413668362,18.951579171439267,29.018166554971906,33.44675347089007,0.0025695552897999,0.0027106251317225,17.729164223162073
2018-11-01,0.992639552999628,0.0024744555162712,1.1214188863320038,0.2751090405314433,0.7881017114467564,6.29008556547639,10.577336949651697,18.886287284025347,29.354648740622615,33.99064699880108,0.0025695552897999,0.0027106251317225,17.958583573865308
2018-12-01,0.986137554282477,0.0025012139762842,0.7033758162017503,0.4098456894066973,1.00900153924264,6.342416535574578,10.911696013817512,19.095610997315163,29.83760553386776,34.43057005308715,0.0025695552897999,0.0027106251317225,18.39070648743463
2019-01-01,0.9833113472718994,0.0025872461753497,1.296024350431475,0.6345960725136085,1.2610772329088014,6.1935217422548146,11.043329173524654,19.530544174007193,30.35944812376919,34.67857105120709,0.0025695552897999,0.0027106251317225,18.927936959587857
2019-02-01,0.9852716689392524,0.002675720841092,1.397344123414601,0.8687178623660127,1.5266403454587532,5.859228685523412,10.927977279212271,20.056009499997,30.758561515056257,34.65488414917809,0.0025695552897999,0.0027106251317225,19.40752062822021
2019-03-01,0.9906769444770592,0.0026807323891546,0.8757972550995641,1.07005745749839,1.7668730492544664,5.445234999603701,10.631805578438804,20.48204581681364,30.92300271972386,34.40934017114198,0.0025695552897999,0.0027106251317225,19.685729120628757
2019-04-01,0.9990784677407972,0.0027109035699076,0.7177358791385543,1.2737198909114165,2.0198844682990824,4.947372378881065,10.161067502735037,20.78551055664724,30.847884413363992,33.96444280095654,0.0025695552897999,0.0027106251317225,19.756000666808593
2019-05-01,1.0074126310012446,0.0026853276988761,1.149278338266411,1.4453345536510196,2.239144310064285,4.535194773907325,9.667478579139056,20.846737569647157,30.54176314725194,33.47807650889989,0.0025695552897999,0.0027106251317225,19.5787520635306
2019-06-01,1.0139630191423668,0.002595349187776,1.230896520334235,1.5878390059447984,2.4276026592517344,4.302342811742603,9.24873363188051,20.660242080836714,30.06689422632081,33.05658898851765,0.0025695552897999,0.0027106251317225,19.191607194496314
2019-07-01,1.0167058174863923,0.0025096752196156,0.7175728201103325,1.682608725372985,2.5639783012472916,4.335784294464428,9.044507499043782,20.281684906299095,29.569390551436324,32.839567158464945,0.0025695552897999,0.0027106251317225,18.711128935743524
2019-08-01,1.0151229898665528,0.0024124415034536,0.6950105758222302,1.7283522401768086,2.6500045001608297,4.6188226389021505,9.10469319676706,19.77703354290853,29.14863745651733,32.878129662442426,0.0025695552897999,0.0027106251317225,18.23025435570254
2019-09-01,1.0094475679687889,0.0023991963066324,1.3469248056472023,1.719429390201561,2.6749872522867326,5.054741912320819,9.42074221499264,19.282377654099687,28.93831044272852,33.1791878183185,0.0025695552897999,0.0027106251317225,17.897308541977832
2019-10-01,1.001438686551834,0.0024428748559715,1.277209932736715,1.6635763997999964,2.6385407251634283,5.506924694686837,9.879988769686378,18.941135175903057,28.99615352765298,33.64898595079769,0.0025695552897999,0.0027106251317225,17.81321547841825
2019-11-01,0.992728807019784,0.0025569747572225,0.784740542706462,1.56541058906204,2.539006042230102,5.903226425562506,10.383630397699593,18.83547335298545,29.314607503613864,34.19445161056843,0.0025695552897999,0.0027106251317225,18.006262422763076
2019-12-01,0.9861823250265076,0.0026323261027584,1.0657750229435852,1.4383306602200974,2.3876748541042474,6.146638636084446,10.778677184009002,19.007975198116785,29.789685987076194,34.64490098034222,0.0025695552897999,0.0027106251317225,18.41501985861429
2020-01-01,0.9832930700080742,0.0026998762685069,1.43399241996587,1.2780279980963054,2.1844123539022697,6.208897193070687,10.996407151321849,19.418767105088705,30.31533548405147,34.91009823278834,0.0025695552897999,0.0027106251317225,18.945815583862146
2020-02-01,0.9851991982584698,0.0026924635212668,1.191822925719894,1.0896107708546523,1.948110706886761,6.0665018495908605,10.971720994689395,19.9405204027047,30.72886843555036,34.90541983112222,0.0025695552897999,0.0027106251317225,19.43650395902408
2020-03-01,0.9908410142920728,0.0026760686264576,0.6310783533387189,0.8888695532812375,1.7124112216964726,5.7670492078238595,10.733643945461582,20.39421703472749,30.914501492809816,34.66279995232284,0.0025695552897999,0.0027106251317225,19.742891071985376
2020-04-01,0.999276202576346,0.0025837668602507,1.01921258124501,0.6540692895558149,1.4605382231023762,5.3209874604986505,10.304267465386532,20.72018385986012,30.85238744424666,34.22289500621875,0.0025695552897999,0.0027106251317225,19.833149720910065
2020-05-01,1.0075936362055984,0.0025163378793373,1.3262113702167249,0.4292842836441692,1.228892121206783,4.84407332765586,9.810100450420212,20.808272068184483,30.55656899826495,33.73663978819229,0.0025695552897999,0.0027106251317225,19.67389602005692
2020-06-01,1.0140530908365766,0.0024533734645519,0.8901177751075983,0.2897320611061755,1.0093580064700935,4.413343862206253,9.343273767460868,20.648274613986015,30.087288746199057,33.310260594342466,0.0025695552897999,0.0027106251317225,19.298828509457547
2020-07-01,1.0166734208842687,0.0024684473543866,0.5622413156092032,0.387268124502986,0.8180039089056512,4.169859905214598,9.054403469959093,20.28826761998097,29.58874308950772,33.08482836266612,0.0025695552897999,0.0027106251317225,18.819895298721338
2020-08-01,1.0149551841846522,0.0025441181225036,1.0961679342973538,0.6133498778193034,0.6419592863602744,4.179723217110222,9.012401476227389,19.790461405929634,29.160249224416503,33.11334016235362,0.0025695552897999,0.0027106251317225,18.32811638089357
2020-09-01,1.009189860598233,0.0026444818719084,1.3396691315788989,0.8544571834314802,0.4955537425476472,4.447820846196299,9.244010987025238,19.287355755983963,28.937320616229833,33.405905639269605,0.0025695552897999,0.0027106251317225,17.972635301789197
2020-10-01,1.0011554098951705,0.0026995290007827,1.0015085628087912,1.0727542549260447,0.4172768703315883,4.86409453001302,9.661291716304577,18.924302798244927,28.98171948367063,33.87133769292389,0.0025695552897999,0.0027106251317225,17.860317794027658
2020-11-01,0.9924876154732628,0.0027133417551439,0.7477287102706551,1.2711416155311166,0.4667303307868086,5.335332833353331,10.169421389736994,18.787684364047877,29.289006091280605,34.417423640480585,0.0025695552897999,0.0027106251317225,18.025180040074734
2020-12-01,0.986028907463236,0.0026758819894184,1.3657372333821225,1.430828791327263,0.6415974861599799,5.729029860082237,10.608785584929866,18.93088412768514,29.758930894132735,34.87315763712416,0.0025695552897999,0.0027106251317225,18.414772052354667
2021-01-01,0.9832647600330544,0.0025833273039715,1.3896297863598248,1.559820166516312,0.8985683247869295,5.994003362801745,10.899773290045516,19.321219871719535,30.286339268917015,35.14711396807211,0.0025695552897999,0.0027106251317225,18.93843398766608
2021-02-01,0.985293664696224,0.0024888991916258,0.759778166338596,1.6521893593514785,1.1921672134674397,6.069651979067557,10.959112773149034,19.837937273366247,30.708061305729924,35.152269143741634,0.0025695552897999,0.0027106251317225,19.434945297625053
2021-03-01,0.990752249946249,0.0024487562087171,0.8589271602841316,1.7040275518813324,1.4663621369259467,5.9651105601155505,10.802299278060977,20.28681829101219,30.902093507529685,34.92896462987556,0.0025695552897999,0.0027106251317225,19.747734814272718
2021-04-01,0.9991804979762164,0.0024243744623444,1.2588658115494082,1.723395751008684,1.7606661137945523,5.676267300778676,10.432379628170729,20.640930899731185,30.86179674567355,34.49859444294526,0.0025695552897999,0.0027106251317225,19.866083880929533
2021-05-01,1.0075046343823235,0.0024534744211273,1.188322437813227,1.697843821649418,2.0208816463268833,5.267756227612892,9.955740623194233,20.76375166823013,30.583376823737968,34.01264243878189,0.0025695552897999,0.0027106251317225,19.732889318508207
2021-06-01,1.014003972769122,0.0025588796066745,0.5991085148936283,1.619358845689567,2.2515237836127127,4.785715856940423,9.455871173285685,20.638940826179667,30.123804255611475,33.57718286222066,0.0025695552897999,0.0027106251317225,19.376604964778437
2021-07-01,1.0166642045563097,0.0026291799788976,0.76468404344697,1.4925088880427084,2.4285655183622006,4.356326500757433,9.087838107161764,20.30462215311423,29.624107799799972,33.33611031226148,0.0025695552897999,0.0027106251317225,18.902641896954353
2021-08-01,1.0149986802818771,0.0026958075636829,1.3392555386464915,1.3165899836151935,2.557094153360087,4.067549937491615,8.935611240097613,19.818090603631273,29.18339426005837,33.34574303606099,0.0025695552897999,0.0027106251317225,18.399285503217108
2021-09-01,1.009278438817775,0.0026856714089429,1.146627592565875,1.1081634801180202,2.6260915108282563,4.033704814088099,9.06296250180334,19.306651444617973,28.939938154394213,33.62202660451019,0.0025695552897999,0.0027106251317225,18.01610440774649
2021-10-01,1.0012730687036415,0.0026364592121323,0.7048249774362412,0.8876716949821345,2.6347207909494457,4.258237219240558,9.415652008560263,18.917296070926582,28.96189178884883,34.07855988956047,0.0025695552897999,0.0027106251317225,17.867298358991647
2021-11-01,0.992626716306644,0.0025253115346613,1.152475925473473,0.6511958864544972,2.58527389006841,4.675051897941979,9.909367612697451,18.741109221142587,29.24996497518105,34.62499570784545,0.0025695552897999,0.0027106251317225,17.994426865959266
2021-12-01,0.9861585643069164,0.002455831082729,1.4514436476639785,0.4303041266336376,2.486309428623385,5.138929072230789,10.383013074319488,18.84518400405412,29.71044147372138,35.090074687297324,0.0025695552897999,0.0027106251317225,18.357497797245376
2022-01-01,0.9833555906856604,0.0023989470643736,1.1417166694447405,0.2737589913164492,2.341153301070134,5.5673606256769,10.746143036076386,19.206676689407633,30.240062507573455,35.38031628223871,0.0025695552897999,0.0027106251317225,18.87069866488542
2022-02-01,0.9853154425620926,0.0024365485453088,0.7163246186237636,0.3389685501102607,2.1661961958206826,5.860846876264033,10.89662507931858,19.714352950761647,30.675034104583645,35.40404671035266,0.0025695552897999,0.0027106251317225,19.374715087643025
2022-03-01,0.9907183054976936,0.0024724325702009,1.1478180217242655,0.5285100852254319,1.9955081650894664,5.96954667761841,10.8218222989938,20.173012029331268,30.887179966909716,35.1953857152789,0.0025695552897999,0.0027106251317225,19.706227650675142
2022-04-01,0.9991068279883984,0.0025750533721101,1.3472633539410794,0.7686117792913829,1.8054134952184775,5.903143754304715,10.52424162138375,20.55362251996955,30.868695528740897,34.77488686173559,0.0025695552897999,0.0027106251317225,19.85216032029123
2022-05-01,1.00743344700554,0.0026535953242119,0.8153148517187097,0.9988529983605638,1.6289123549236295,5.665135478347741,10.083064096697276,20.710679863171055,30.60803656558822,34.28982008304188,0.0025695552897999,0.0027106251317225,19.745430892556925
2022-06-01,1.013965874408329,0.0027124174844415,0.5938755644874236,1.2193757085553738,1.4570317622126994,5.278280373187603,9.571252608273548,20.621700045087337,30.158850231093933,33.84601381379408,0.0025695552897999,0.0027106251317225,19.40918142324525
2022-07-01,1.0166843185897472,0.0027108926064716,1.1223349985643047,1.4043297040216385,1.2974711664141894,4.827683258780482,9.141249188034182,20.31477026243032,29.658871045050553,33.58994917558219,0.0025695552897999,0.0027106251317225,18.94204677091291
2022-08-01,1.0150668956600994,0.0026490479865803,1.2673384090592583,1.555227850384456,1.1319963645007087,4.372829927974168,8.885590313183014,19.84210273271719,29.206818667275304,33.58109713335139,0.0025695552897999,0.0027106251317225,18.42927847158967
2022-09-01,1.0093708381894209,0.00255286954229,0.8634805584052727,1.6576296757118385,0.9586650109167232,4.045255649395348,8.900461882393556,19.325254234910258,28.94340946566824,33.84104108072339,0.0025695552897999,0.0027106251317225,18.020193403172684
2022-10-01,1.0013726738576931,0.002492630799257,0.7571505623041341,1.708426488713947,0.7840626934606784,3.956240650171111,9.170218461935663,18.91191477097212,28.942932358115215,34.288200798826885,0.0025695552897999,0.0027106251317225,17.835607815522085
2022-11-01,0.992698675877478,0.0024752711626187,1.3989843747532686,1.7140426848310315,0.6197416029954785,4.1408250348130835,9.627958083122545,18.697149123089332,29.211242745429235,34.83423031699326,0.0025695552897999,0.0027106251317225,17.924353771616396
2022-12-01,0.9861972371924628,0.0025103301482572,1.3590671448211324,1.6795551593999831,0.5444666526649509,4.5252471942299035,10.118527481052984,18.761210458257217,29.661353336264337,35.307898994393476,0.0025695552897999,0.0027106251317225,18.259131575859193
2023-01-01,0.9833367062190448,0.0026041974916483,0.749132192047142,1.607516311158583,0.6384189006922044,5.010387510888047,10.542485135823735,19.091376949345634,30.192129148154105,35.61380629544917,0.0025695552897999,0.0027106251317225,18.759513979684606
2023-02-01,0.9852427242491242,0.0026875024987544,1.030114881478947,1.5002166861479829,0.875857365553479,5.462166117036922,10.780551114684563,19.586858238121085,30.639500196893305,35.65586538348008,0.0025695552897999,0.0027106251317225,19.268876083774217
2023-03-01,0.9906249011325828,0.0026865502157116,1.3398222196212797,1.3716074870977086,1.1444011254699056,5.766244978618368,10.791274128391205,20.05277652250328,30.86939102809709,35.46197748247016,0.0025695552897999,0.0027106251317225,19.617838654681886
2023-04-01,0.9989817693884122,0.0027058432930176,1.1509400951528566,1.1917219599584803,1.453799476528712,5.93922077327083,10.57700105690836,20.457952587245433,30.872758237484952,35.05188975038539,0.0025695552897999,0.0027106251317225,19.79084395080234
2023-05-01,1.007307640205883,0.0026725605958339,0.567375091287515,0.9815932001727076,1.7385770768718394,5.924885652818874,10.188061754152669,20.648615830181537,30.63037642784731,34.568463093646265,0.0025695552897999,0.0027106251317225,19.711109698223535
2023-06-01,1.0138615921375829,0.0025732025170551,0.8674209811776967,0.7376214513044238,1.999946026143471,5.729301865538187,9.685706255637188,20.596129913159587,30.192477051078008,34.117134691227974,0.0025695552897999,0.0027106251317225,19.396370187289477
2023-07-01,1.0166231997482955,0.0024889291808113,1.3263198356344337,0.4987450858077418,2.2102364194237616,5.39368912270225,9.213615161143665,20.31834663867597,29.69319279397173,33.846667127965794,0.0025695552897999,0.0027106251317225,18.938067718187753
2023-08-01,1.015054422821679,0.0023985171270794,1.0233926437330572,0.3116956095212369,2.376545178349634,4.94878006330183,8.866588510632896,19.862214533252462,29.230680024335463,33.81956216472376,0.0025695552897999,0.0027106251317225,18.418109656354023
2023-09-01,1.0093918877761403,0.0023991726810332,0.6335086900590388,0.334266744019816,2.4874541538071337,4.486836945800645,8.766057068378585,19.34291268227152,28.947769330600227,34.06296396941677,0.0025695552897999,0.0027106251317225,17.98483083374236
2023-10-01,1.0013928406186332,0.0024548672200376,1.1723740227960144,0.522827259060519,2.541528772042973,4.132040981526886,8.93690901374859,18.907944916095108,28.9247717783658,34.50026388166247,0.0025695552897999,0.0027106251317225,17.76505194450931
2023-11-01,0.9927082534675116,0.0025720328537563,1.4283254691277267,0.7546922009103401,2.545001910359798,3.982484564409808,9.336359628484452,18.655645936166714,29.17270171496804,35.04523703047628,0.0025695552897999,0.0027106251317225,17.814622148045334
2023-12-01,0.9861839677798638,0.0026467154441963,1.0910205059132057,0.9744456983096376,2.503483867060464,4.111196541951694,9.824121032582442,18.678936695296912,29.61158543968992,35.526904059567904,0.0025695552897999,0.0027106251317225,18.119296051436507
2024-01-01,0.9833183565715916,0.0027048132731835,0.7775454846895583,1.1819077280346213,2.4238067541461374,4.4815027213158,10.29470208165023,18.975417380852125,30.142602760171645,35.848045311649685,0.0025695552897999,0.0027106251317225,18.60455351887615
2024-02-01,0.9852272347308206,0.002688026372426,1.290482067000098,1.3623145725840016,2.319096298674225,4.967642693511845,10.613924091036417,19.4556606637606,30.60167300552301,35.90825520370092,0.0025695552897999,0.0027106251317225,19.117221618302565
2024-03-01,0.9908308010600294,0.0026665325503182,1.361289716196614,1.5037076007683443,2.20981072555982,5.4113520822014465,10.710999808410753,19.94221974293872,30.853987649127376,35.71918952921143,0.0025695552897999,0.0027106251317225,19.492529812555947
2024-04-01,0.9992456674382164,0.0025731074619729,0.7259699378985087,1.6227654687700823,2.0904125097049726,5.7826695496954965,10.581008915854508,20.36490573771942,30.870513020416205,35.31475792522113,0.0025695552897999,0.0027106251317225,19.684238036454264
2024-05-01,1.007545248854493,0.0025094419052749,0.698110003329709,1.7008727495232463,1.9766029642019705,5.987831455792533,10.253562281315608,20.581040245011614,30.6394496827846,34.83271821732198,0.0025695552897999,0.0027106251317225,19.6239506605676
2024-06-01,1.0140238824346215,0.0024646664099228,1.198097488860404,1.7347788842003764,1.8591022383104527,6.016132852197277,9.778433654391232,20.557268857428067,30.208854386076112,34.37812657327434,0.0025695552897999,0.0027106251317225,19.3252472644286
2024-07-01,1.016671890642499,0.0024903001845059,1.183072337561115,1.7155014948352438,1.7387940001429072,5.866367836054392,9.286701856477915,20.30327564309895,29.710448340265632,34.100738262387395,0.0025695552897999,0.0027106251317225,18.873910672963465
2024-08-01,1.014995692455387,0.0025749122105311,0.7225033967664636,1.6409565279390488,1.5979474562233484,5.551162790276279,8.870286782750735,19.861672701194077,29.241904887821217,34.06457249829409,0.0025695552897999,0.0027106251317225,18.348987266135612
2024-09-01,1.0092566833001215,0.0026682338960726,0.8193529106179301,1.5178414773108553,1.4310783714269122,5.12031788394967,8.666174727636964,19.34228367333063,28.94732256116856,34.29967857916314,0.0025695552897999,0.0027106251317225,17.897746057366934
2024-10-01,1.0012298205383456,0.0027099984475907,1.3999682867887064,1.3629122451657276,1.2404483528780912,4.66783513381907,8.735183207486214,18.89203320286314,28.91071176131495,34.73199506940153,0.0025695552897999,0.0027106251317225,17.651268263893275
2024-11-01,0.9925663545274888,0.0027049172485276,1.272038359550051,1.1755793460410444,1.0189296372953964,4.275996852981727,9.061523367159008,18.611407619442655,29.14623402118819,35.27637165119474,0.0025695552897999,0.0027106251317225,17.67046519282459
2024-12-01,0.9861123932430204,0.0026543442952112,0.7154669384287736,0.974232497871774,0.8060460663473766,4.09400354300742,9.527298224289591,18.6027587596102,29.578104039335788,35.76188497340655,0.0025695552897999,0.0027106251317225,17.95091781857688
2025-01-01,0.9833533180536216,0.0025518076460432,1.1479014778981418,0.7508990657167182,0.6567200913791587,4.190745254433879,10.02533274313257,18.87169350876487,30.108888583980807,36.09042020984419,0.0025695552897999,0.0027106251317225,18.42263548458386
2025-02-01,0.9853765508549864,0.0024606190973638,1.4115523673427404,0.5226075909711184,0.6837994735516479,4.542778832459127,10.410588210312156,19.338007864494365,30.57455489743858,36.159528033370506,0.0025695552897999,0.0027106251317225,18.935394798213178
2025-03-01,0.990835275695323,0.002423809467286,1.114538019438346,0.3423620913469952,0.8621922136455697,4.977226036273502,10.586081740023854,19.81026046699524,30.83198021667167,35.9880056777936,0.0025695552897999,0.0027106251317225,19.31072273423206
2025-04-01,0.9992242733157506,0.0024130800459044,0.6067422988489717,0.2933153430932385,1.1389894312790052,5.4636180343984835,10.553506374914578,20.253911210198066,30.870386354889796,35.59452072555437,0.0025695552897999,0.0027106251317225,19.52878195788762
2025-05-01,1.0075074034275489,0.0024532438081177,0.9923985715462678,0.4573097979657663,1.4217746080241171,5.847693017458498,10.305276274133629,20.502158059008835,30.658272932393775,35.11506513188588,0.0025695552897999,0.0027106251317225,19.496481371095573
2025-06-01,1.0139673281659507,0.0025657913887987,1.317609803808309,0.698691293619028,1.6951934447740868,6.094028102843812,9.878572339537538,20.515554600543243,30.24018993268919,34.654130438275935,0.0025695552897999,0.0027106251317225,19.221841941179694
2025-07-01,1.016624706437275,0.0026374932029452,0.8845515488712009,0.9365409033753516,1.925137830567617,6.157728574166992,9.387209884000915,20.29338284416452,29.74397675546236,34.36341290263618,0.0025695552897999,0.0027106251317225,18.782860167800102
2025-08-01,1.0149640859990452,0.0026987425478264,0.5947941722479745,1.163001215757888,2.1182650991966323,6.036978224589118,8.915831738254045,19.872724156084644,29.26647704267653,34.309740143999726,0.0025695552897999,0.0027106251317225,18.25468179346555
2025-09-01,1.0092532174786122,0.0026810929281393,1.222890453007652,1.356816775973707,2.262660736222537,5.7433447689533565,8.608977077351655,19.356177714611743,28.953464055497545,34.52846742826892,0.0025695552897999,0.0027106251317225,17.782441087154407
2025-10-01,1.001261200133626,0.0026297782674955,1.3685506386709332,1.505784195511928,2.3563176015939304,5.335388066007564,8.561094308919753,18.88900749187833,28.8946009002153,34.95046340356765,0.0025695552897999,0.0027106251317225,17.502058554026004
2025-11-01,0.9926068475475628,0.0025183304254554,0.975681068278616,1.6163935913522425,2.4090787762677612,4.86155817619692,8.788400670494795,18.57364604044545,29.109130786551244,35.492831394302925,0.0025695552897999,0.0027106251317225,17.480926198720137
2025-12-01,0.9861365030679926,0.0024561658193276,0.8430496450908017,1.682026099385853,2.423876661508418,4.461475029785062,9.207385456888517,18.523729773762067,29.52849745945205,35.98524933254759,0.0025695552897999,0.0027106251317225,17.72805885145698
2026-01-01,0.9833265343554158,0.0024134378723803,1.3775589625443585,1.7099519605080644,2.4106985810438752,4.242670319318388,9.715241539997717,18.755304393719054,30.057970532000112,36.328041779165225,0.0025695552897999,0.0027106251317225,18.180390814847488
2026-02-01,0.9852946463063548,0.0024634528625431,1.3372661478343486,1.6997781968971812,2.37876325626428,4.312182901482992,10.159619655038622,19.200974569869047,30.53404198550595,36.414766640855,0.0025695552897999,0.0027106251317225,18.6926212891422
2026-03-01,0.9907146658715408,0.0025044014941404,0.7068006596067284,1.6572250978778618,2.341280360679622,4.6036802152339975,10.415755738628883,19.67315269393246,30.808215937507473,36.25810368110217,0.0025695552897999,0.0027106251317225,19.08190745206297
2026-04-01,0.9990887552840222,0.0026061532463282,0.8415868673097197,1.569045315332883,2.295012423574483,5.070494703171839,10.4836146822507,20.1354557095183,30.868497484989348,35.875977495092634,0.0025695552897999,0.0027106251317225,19.325844868218066
2026-05-01,1.007386674491171,0.0026758825094829,1.2501226907184406,1.4381983163906862,2.245410865756965,5.543962462183678,10.325211778808384,20.414739199805755,30.67578693286336,35.399724010328086,0.0025695552897999,0.0027106251317225,19.322148066500162
2026-06-01,1.013883874962656,0.0027162785643863,1.1020559041339208,1.2562108952834137,2.18404857004258,5.954386276416327,9.965042065744878,20.46552557887905,30.271083129848396,34.933165778336885,0.0025695552897999,0.0027106251317225,19.07319890300688
2026-07-01,1.016578261573589,0.002699072015025,0.6138914001943184,1.0431271484734748,2.10650258394845,6.21291872627274,9.496602430811503,20.27659448365196,29.778072253528276,34.62968002225757,0.0025695552897999,0.0027106251317225,18.648776620403154
2026-08-01,1.0149637085233412,0.0026225243259992,0.8482986618951818,0.8002468714735389,1.99751253433121,6.301036897951017,8.994200137518776,19.879389005124548,29.292593391391097,34.55874926048339,0.0025695552897999,0.0027106251317225,18.11981464563606
2026-09-01,1.0092964244293494,0.0025251728698874,1.376779535405185,0.5543807079995743,1.850041006884149,6.195510203611428,8.600811275765752,19.368760838890218,28.96176222083214,34.760956813526164,0.0025695552897999,0.0027106251317225,17.628542748897807
2026-10-01,1.0013258765657114,0.0024703066860457,1.175837473265486,0.3476598146050845,1.6654391712474772,5.92083464570602,8.436239287228045,18.887497166651016,28.88073879316238,35.17220641548364,0.0025695552897999,0.0027106251317225,17.315040649092385
2026-11-01,0.9926840415003368,0.0024726627678427,0.6816357224857276,0.27977327310852,1.432510389252502,5.499648381860602,8.54789675387075,18.53922999184468,29.073823803201215,35.71197425867055,0.0025695552897999,0.0027106251317225,17.252837792374056
2026-12-01,0.9861873510161026,0.0025163535594989,1.2181578262621926,0.426471979775489,1.1774910189285563,5.033043035199879,8.895750149187272,18.448102520469348,29.479925518986978,36.21072705180932,0.0025695552897999,0.0027106251317225,17.464708039824
